user_id,signup_date,acquisition_channel,country,sessions_count,actions_count,is_activated,days_to_activate,activation_date,is_converted,days_to_convert,subscription_date,plan_type,revenue,is_churned,churn_date
1,2025-03-16 05:30:14,Organic,UK,4,12.0,1,2.0,2025-03-18 05:30:14,0,,,,0,1,1745904614000000000
2,2025-03-22 14:03:31,Organic,Germany,7,42.0,1,2.0,2025-03-24 14:03:31,0,,,,0,1,1746194611000000000
3,2025-03-16 08:16:28,Referral,USA,5,20.0,0,,,0,,,,0,1,1743840988000000000
4,2025-03-17 19:37:14,Organic,India,7,21.0,0,,,0,,,,0,0,
5,2025-01-20 14:12:23,Organic,Canada,1,3.0,0,,,0,,,,0,1,1740579143000000000
6,2025-02-19 19:42:52,Organic,India,8,48.0,1,2.0,2025-02-21 19:42:52,1,8.0,2025-02-27 19:42:52,Basic,50,0,
7,2025-02-27 00:28:04,Organic,Canada,7,21.0,1,2.0,2025-03-01 00:28:04,1,14.0,2025-03-13 00:28:04,Basic,50,1,1744158484000000000
8,2025-03-27 14:08:38,Referral,India,6,27.0,1,2.0,2025-03-29 14:08:38,1,6.0,2025-04-02 14:08:38,Basic,50,1,1746454118000000000
9,2025-01-26 20:41:29,Organic,India,4,12.0,1,2.0,2025-01-28 20:41:29,0,,,,0,0,
10,2025-03-26 09:22:26,Organic,USA,5,22.5,1,1.0,2025-03-27 09:22:26,0,,,,0,1,1746091346000000000
11,2025-01-19 04:06:46,Ads,Germany,3,18.0,1,3.0,2025-01-22 04:06:46,1,6.0,2025-01-25 04:06:46,Pro,120,1,1742357206000000000
12,2025-03-13 17:32:58,Referral,Canada,3,18.0,1,1.0,2025-03-14 17:32:58,1,7.0,2025-03-20 17:32:58,Pro,120,0,
13,2025-01-14 03:34:34,Organic,USA,2,8.0,0,,,0,,,,0,0,
14,2025-02-16 19:34:47,Organic,UK,3,18.0,1,2.0,2025-02-18 19:34:47,0,,,,0,0,
15,2025-03-25 09:10:12,Referral,USA,6,36.0,1,1.0,2025-03-26 09:10:12,0,,,,0,0,
16,2025-03-16 20:17:39,Ads,UK,5,30.0,1,3.0,2025-03-19 20:17:39,0,,,,0,1,1745698659000000000
17,2025-01-15 08:25:11,Organic,Canada,3,9.0,1,1.0,2025-01-16 08:25:11,1,11.0,2025-01-26 08:25:11,Basic,50,0,
18,2025-02-21 18:21:11,Organic,India,3,6.0,0,,,0,,,,0,0,
19,2025-01-25 17:57:22,Organic,India,6,36.0,1,3.0,2025-01-28 17:57:22,0,,,,0,0,
20,2025-02-22 08:34:29,Organic,Germany,3,9.0,0,,,0,,,,0,1,1743237269000000000
21,2025-03-27 16:54:12,Organic,Germany,4,18.0,1,1.0,2025-03-28 16:54:12,1,10.0,2025-04-06 16:54:12,Basic,50,1,1747068852000000000
22,2025-02-27 15:45:05,Referral,India,4,12.0,0,,,0,,,,0,0,
23,2025-03-06 09:45:59,Organic,India,5,30.0,1,1.0,2025-03-07 09:45:59,1,10.0,2025-03-16 09:45:59,Basic,50,0,
24,2025-01-21 10:48:11,Ads,Germany,7,42.0,1,1.0,2025-01-22 10:48:11,0,,,,0,0,
25,2025-02-22 07:56:13,Organic,USA,11,49.5,1,2.0,2025-02-24 07:56:13,0,,,,0,0,
26,2025-03-11 16:11:17,Ads,USA,10,30.0,1,2.0,2025-03-13 16:11:17,0,,,,0,0,
27,2025-02-08 17:06:09,Ads,India,1,3.0,1,2.0,2025-02-10 17:06:09,1,13.0,2025-02-21 17:06:09,Basic,50,0,
28,2025-01-10 03:55:43,Organic,Canada,5,15.0,1,1.0,2025-01-11 03:55:43,0,,,,0,0,
29,2025-01-02 04:42:35,Ads,India,2,9.0,1,2.0,2025-01-04 04:42:35,0,,,,0,1,1738471355000000000
30,2025-03-29 16:23:48,Organic,India,2,12.0,1,2.0,2025-03-31 16:23:48,0,,,,0,0,
31,2025-01-15 14:45:52,Referral,India,1,3.0,0,,,0,,,,0,1,1741704352000000000
32,2025-03-16 22:57:15,Referral,Germany,5,15.0,1,1.0,2025-03-17 22:57:15,0,,,,0,0,
33,2025-01-17 03:47:05,Organic,UK,3,9.0,1,2.0,2025-01-19 03:47:05,0,,,,0,1,1740455225000000000
34,2025-03-07 13:33:09,Organic,UK,3,6.0,0,,,0,,,,0,1,1746451989000000000
35,2025-03-01 23:55:40,Organic,India,5,30.0,1,2.0,2025-03-03 23:55:40,0,,,,0,0,
36,2025-01-16 03:09:31,Ads,Germany,4,24.0,1,3.0,2025-01-19 03:09:31,0,,,,0,1,1741230571000000000
37,2025-03-20 10:41:28,Organic,UK,5,22.5,1,1.0,2025-03-21 10:41:28,0,,,,0,1,1744713688000000000
38,2025-01-11 14:44:00,Organic,UK,6,36.0,1,3.0,2025-01-14 14:44:00,0,,,,0,1,1741358640000000000
39,2025-03-08 11:17:46,Organic,Germany,4,24.0,1,3.0,2025-03-11 11:17:46,1,14.0,2025-03-22 11:17:46,Pro,120,0,
40,2025-01-27 02:04:42,Organic,India,3,9.0,1,1.0,2025-01-28 02:04:42,0,,,,0,1,1741140282000000000
41,2025-03-12 18:16:30,Ads,USA,7,31.5,1,3.0,2025-03-15 18:16:30,0,,,,0,1,1746900990000000000
42,2025-02-10 20:40:09,Organic,Germany,2,6.0,1,3.0,2025-02-13 20:40:09,0,,,,0,1,1740602409000000000
43,2025-03-28 16:25:35,Ads,UK,7,42.0,1,2.0,2025-03-30 16:25:35,0,,,,0,1,1748276735000000000
44,2025-02-26 02:58:35,Organic,USA,6,18.0,0,,,0,,,,0,1,1745549915000000000
45,2025-02-24 15:28:59,Organic,India,6,36.0,1,2.0,2025-02-26 15:28:59,0,,,,0,1,1742052539000000000
46,2025-02-26 01:07:27,Ads,UK,2,8.0,0,,,0,,,,0,0,
47,2025-01-18 08:55:42,Referral,USA,1,3.0,0,,,1,11.0,2025-01-29 08:55:42,Basic,50,0,
48,2025-02-19 07:20:29,Ads,India,4,18.0,1,1.0,2025-02-20 07:20:29,1,10.0,2025-03-01 07:20:29,Pro,120,0,
49,2025-02-07 21:55:09,Organic,Canada,8,24.0,1,3.0,2025-02-10 21:55:09,0,,,,0,1,1741643709000000000
50,2025-01-01 23:30:54,Organic,India,5,15.0,0,,,0,,,,0,1,1738884654000000000
51,2025-03-01 13:53:01,Referral,India,8,24.0,1,3.0,2025-03-04 13:53:01,0,,,,0,0,
52,2025-01-23 14:52:34,Organic,UK,6,18.0,1,3.0,2025-01-26 14:52:34,0,,,,0,0,
53,2025-03-21 15:59:39,Organic,USA,2,9.0,1,3.0,2025-03-24 15:59:39,0,,,,0,0,
54,2025-01-28 23:09:42,Referral,India,2,6.0,1,2.0,2025-01-30 23:09:42,1,13.0,2025-02-10 23:09:42,Basic,50,0,
55,2025-02-10 05:11:15,Referral,India,6,36.0,1,2.0,2025-02-12 05:11:15,0,,,,0,0,
56,2025-01-31 16:56:31,Referral,India,2,9.0,1,3.0,2025-02-03 16:56:31,0,,,,0,1,1741625791000000000
57,2025-03-17 23:36:34,Referral,India,6,36.0,1,3.0,2025-03-20 23:36:34,0,,,,0,0,
58,2025-01-29 02:33:08,Referral,India,3,18.0,1,3.0,2025-02-01 02:33:08,0,,,,0,0,
59,2025-01-07 02:42:58,Organic,India,2,4.0,0,,,0,,,,0,0,
60,2025-01-31 19:44:06,Organic,India,7,42.0,1,3.0,2025-02-03 19:44:06,0,,,,0,1,1740167046000000000
61,2025-01-30 22:30:44,Ads,USA,3,6.0,0,,,0,,,,0,0,
62,2025-03-05 15:42:00,Ads,Germany,6,36.0,1,3.0,2025-03-08 15:42:00,0,,,,0,1,1743349320000000000
63,2025-01-30 18:00:06,Organic,USA,5,15.0,1,2.0,2025-02-01 18:00:06,0,,,,0,0,
64,2025-03-18 20:41:53,Organic,UK,7,42.0,1,2.0,2025-03-20 20:41:53,0,,,,0,1,1747341713000000000
65,2025-03-22 12:37:23,Organic,India,4,12.0,1,1.0,2025-03-23 12:37:23,0,,,,0,1,1744979843000000000
66,2025-02-09 13:04:24,Ads,UK,9,27.0,1,1.0,2025-02-10 13:04:24,1,10.0,2025-02-19 13:04:24,Pro,120,1,1741525464000000000
67,2025-02-09 04:27:39,Organic,USA,4,18.0,1,1.0,2025-02-10 04:27:39,0,,,,0,1,1741840059000000000
68,2025-02-09 04:22:37,Organic,USA,7,21.0,1,2.0,2025-02-11 04:22:37,0,,,,0,1,1740457357000000000
69,2025-03-29 07:51:13,Ads,India,3,9.0,1,3.0,2025-04-01 07:51:13,0,,,,0,1,1748332273000000000
70,2025-02-02 08:31:53,Ads,India,4,12.0,0,,,0,,,,0,0,
71,2025-01-17 23:08:09,Organic,USA,0,0.0,1,1.0,2025-01-18 23:08:09,0,,,,0,1,1738710489000000000
72,2025-01-01 18:55:48,Ads,USA,7,14.0,0,,,0,,,,0,1,1738436148000000000
73,2025-01-22 03:07:45,Ads,Canada,2,4.0,0,,,0,,,,0,1,1739934465000000000
74,2025-02-01 18:41:23,Organic,India,7,28.0,0,,,0,,,,0,1,1741545683000000000
75,2025-02-09 07:48:43,Organic,India,9,54.0,1,1.0,2025-02-10 07:48:43,1,12.0,2025-02-21 07:48:43,Basic,50,1,1741679323000000000
76,2025-02-04 18:22:38,Organic,USA,6,18.0,0,,,0,,,,0,0,
77,2025-03-22 16:11:39,Organic,Canada,6,18.0,1,3.0,2025-03-25 16:11:39,0,,,,0,0,
78,2025-02-16 22:48:38,Referral,India,5,20.0,0,,,0,,,,0,1,1743806918000000000
79,2025-01-31 21:39:55,Organic,USA,3,18.0,1,3.0,2025-02-03 21:39:55,1,6.0,2025-02-06 21:39:55,Basic,50,0,
80,2025-02-21 12:20:12,Ads,India,7,14.0,0,,,0,,,,0,1,1741695612000000000
81,2025-02-27 20:18:15,Organic,USA,5,15.0,0,,,0,,,,0,0,
82,2025-02-28 22:14:06,Organic,UK,4,12.0,0,,,0,,,,0,0,
83,2025-03-16 01:13:06,Ads,Canada,6,24.0,0,,,0,,,,0,1,1746925986000000000
84,2025-02-25 12:57:49,Organic,India,2,9.0,1,2.0,2025-02-27 12:57:49,0,,,,0,0,
85,2025-01-22 15:42:08,Organic,India,6,24.0,0,,,0,,,,0,1,1739720528000000000
86,2025-02-18 02:14:59,Organic,USA,4,24.0,1,3.0,2025-02-21 02:14:59,0,,,,0,0,
87,2025-01-30 14:24:49,Organic,India,3,13.5,1,2.0,2025-02-01 14:24:49,0,,,,0,0,
88,2025-01-21 12:36:55,Ads,UK,4,12.0,1,1.0,2025-01-22 12:36:55,0,,,,0,1,1740227815000000000
89,2025-03-14 08:04:19,Organic,USA,5,30.0,1,2.0,2025-03-16 08:04:19,0,,,,0,1,1744704259000000000
90,2025-02-27 20:56:33,Referral,India,4,16.0,0,,,0,,,,0,0,
91,2025-03-08 00:04:13,Ads,Canada,8,24.0,1,3.0,2025-03-11 00:04:13,0,,,,0,1,1743379453000000000
92,2025-01-27 16:23:33,Organic,India,6,36.0,1,3.0,2025-01-30 16:23:33,0,,,,0,1,1741883013000000000
93,2025-02-15 06:09:57,Organic,Germany,6,18.0,1,1.0,2025-02-16 06:09:57,0,,,,0,0,
94,2025-03-30 21:38:49,Organic,Canada,4,8.0,0,,,0,,,,0,0,
95,2025-03-06 07:53:39,Ads,UK,2,6.0,1,2.0,2025-03-08 07:53:39,1,9.0,2025-03-15 07:53:39,Pro,120,0,
96,2025-03-04 16:05:09,Organic,India,6,27.0,1,1.0,2025-03-05 16:05:09,0,,,,0,1,1742486709000000000
97,2025-01-04 03:30:36,Referral,Germany,3,18.0,1,1.0,2025-01-05 03:30:36,1,12.0,2025-01-16 03:30:36,Basic,50,1,1738121436000000000
98,2025-02-11 11:45:02,Organic,UK,2,8.0,0,,,0,,,,0,1,1742471102000000000
99,2025-01-25 06:05:05,Referral,India,7,28.0,0,,,1,12.0,2025-02-06 06:05:05,Basic,50,1,1740722705000000000
100,2025-03-26 06:36:09,Organic,India,6,18.0,1,3.0,2025-03-29 06:36:09,1,14.0,2025-04-09 06:36:09,Pro,120,0,
101,2025-01-27 14:43:55,Referral,India,5,22.5,1,3.0,2025-01-30 14:43:55,1,7.0,2025-02-03 14:43:55,Basic,50,0,
102,2025-01-03 06:39:29,Organic,Germany,5,30.0,1,1.0,2025-01-04 06:39:29,0,,,,0,0,
103,2025-01-31 18:28:25,Organic,Canada,3,12.0,0,,,0,,,,0,1,1739903305000000000
104,2025-01-15 17:15:41,Organic,Germany,10,40.0,0,,,1,6.0,2025-01-21 17:15:41,Pro,120,0,
105,2025-02-13 15:01:55,Organic,UK,6,27.0,1,3.0,2025-02-16 15:01:55,1,11.0,2025-02-24 15:01:55,Basic,50,0,
106,2025-01-13 02:46:37,Referral,USA,5,15.0,1,2.0,2025-01-15 02:46:37,1,5.0,2025-01-18 02:46:37,Basic,50,0,
107,2025-02-05 06:27:42,Organic,India,2,6.0,0,,,0,,,,0,0,
108,2025-01-19 08:06:38,Organic,India,3,13.5,1,1.0,2025-01-20 08:06:38,0,,,,0,0,
109,2025-01-30 22:03:51,Ads,India,7,21.0,1,3.0,2025-02-02 22:03:51,1,7.0,2025-02-06 22:03:51,Basic,50,0,
110,2025-01-07 12:51:25,Organic,USA,7,21.0,0,,,0,,,,0,0,
111,2025-02-03 07:46:30,Ads,Germany,1,3.0,1,1.0,2025-02-04 07:46:30,0,,,,0,1,1743234390000000000
112,2025-03-06 18:33:31,Ads,Germany,4,18.0,1,2.0,2025-03-08 18:33:31,1,9.0,2025-03-15 18:33:31,Pro,120,1,1744137211000000000
113,2025-01-16 04:22:16,Organic,India,4,12.0,0,,,0,,,,0,1,1741148536000000000
114,2025-01-12 15:48:13,Referral,UK,7,31.5,1,3.0,2025-01-15 15:48:13,0,,,,0,1,1741448893000000000
115,2025-02-25 06:09:43,Organic,USA,4,24.0,1,2.0,2025-02-27 06:09:43,0,,,,0,1,1744524583000000000
116,2025-02-08 23:10:12,Organic,USA,4,12.0,1,2.0,2025-02-10 23:10:12,1,11.0,2025-02-19 23:10:12,Basic,50,0,
117,2025-01-01 06:27:27,Ads,UK,5,15.0,1,1.0,2025-01-02 06:27:27,0,,,,0,1,1739687247000000000
118,2025-03-02 23:06:20,Ads,India,3,12.0,0,,,0,,,,0,1,1745535980000000000
119,2025-02-01 07:10:38,Organic,Germany,8,36.0,1,3.0,2025-02-04 07:10:38,0,,,,0,1,1743318638000000000
120,2025-01-31 10:45:08,Ads,UK,5,20.0,0,,,0,,,,0,1,1739702708000000000
121,2025-02-10 10:44:39,Organic,UK,7,28.0,0,,,0,,,,0,1,1741949079000000000
122,2025-03-05 20:33:29,Organic,India,7,31.5,1,2.0,2025-03-07 20:33:29,1,11.0,2025-03-16 20:33:29,Basic,50,0,
123,2025-01-21 11:00:40,Referral,India,2,9.0,1,3.0,2025-01-24 11:00:40,1,6.0,2025-01-27 11:00:40,Basic,50,0,
124,2025-03-23 09:46:35,Organic,India,2,4.0,0,,,0,,,,0,1,1745487995000000000
125,2025-03-19 19:42:51,Organic,UK,8,48.0,1,3.0,2025-03-22 19:42:51,0,,,,0,0,
126,2025-03-25 12:52:11,Referral,Germany,3,13.5,1,3.0,2025-03-28 12:52:11,0,,,,0,1,1747054331000000000
127,2025-01-31 06:02:20,Referral,USA,5,15.0,1,1.0,2025-02-01 06:02:20,0,,,,0,1,1740808940000000000
128,2025-01-15 20:59:20,Organic,UK,5,22.5,1,3.0,2025-01-18 20:59:20,0,,,,0,1,1739221160000000000
129,2025-03-09 04:33:32,Ads,USA,2,4.0,0,,,0,,,,0,1,1746419612000000000
130,2025-03-12 09:02:06,Ads,India,4,8.0,0,,,0,,,,0,1,1744707726000000000
131,2025-03-01 20:57:16,Referral,UK,8,24.0,1,2.0,2025-03-03 20:57:16,1,14.0,2025-03-15 20:57:16,Basic,50,0,
132,2025-01-17 11:57:52,Referral,UK,14,63.0,1,3.0,2025-01-20 11:57:52,0,,,,0,1,1740311872000000000
133,2025-01-01 13:36:24,Organic,India,5,15.0,0,,,0,,,,0,0,
134,2025-01-28 18:41:10,Organic,India,7,14.0,0,,,0,,,,0,1,1741545670000000000
135,2025-03-17 21:09:28,Organic,USA,4,24.0,1,3.0,2025-03-20 21:09:28,0,,,,0,1,1743628168000000000
136,2025-02-07 19:11:19,Ads,India,3,12.0,0,,,0,,,,0,1,1740424279000000000
137,2025-01-18 09:53:04,Ads,Germany,8,48.0,1,2.0,2025-01-20 09:53:04,0,,,,0,1,1740217984000000000
138,2025-03-14 01:59:07,Ads,USA,6,18.0,1,2.0,2025-03-16 01:59:07,1,5.0,2025-03-19 01:59:07,Pro,120,0,
139,2025-01-26 19:41:59,Referral,India,4,24.0,1,1.0,2025-01-27 19:41:59,0,,,,0,1,1740771719000000000
140,2025-03-22 07:48:39,Organic,India,5,22.5,1,2.0,2025-03-24 07:48:39,0,,,,0,1,1746949719000000000
141,2025-01-21 06:42:06,Organic,Germany,4,24.0,1,2.0,2025-01-23 06:42:06,1,6.0,2025-01-27 06:42:06,Basic,50,1,1741156926000000000
142,2025-02-20 02:57:14,Organic,UK,2,6.0,1,2.0,2025-02-22 02:57:14,0,,,,0,0,
143,2025-03-20 09:10:10,Organic,UK,7,14.0,0,,,0,,,,0,0,
144,2025-03-30 10:41:20,Organic,India,9,54.0,1,3.0,2025-04-02 10:41:20,1,7.0,2025-04-06 10:41:20,Basic,50,1,1745750480000000000
145,2025-01-21 02:31:35,Organic,Canada,7,21.0,1,2.0,2025-01-23 02:31:35,0,,,,0,1,1740623495000000000
146,2025-01-25 10:25:38,Ads,USA,6,27.0,1,3.0,2025-01-28 10:25:38,1,11.0,2025-02-05 10:25:38,Pro,120,1,1739096738000000000
147,2025-02-25 07:54:10,Referral,UK,5,15.0,1,1.0,2025-02-26 07:54:10,0,,,,0,1,1741938850000000000
148,2025-03-28 10:49:04,Ads,Germany,0,0.0,0,,,0,,,,0,1,1745750944000000000
149,2025-01-25 10:03:38,Ads,India,3,12.0,0,,,0,,,,0,1,1742033018000000000
150,2025-03-30 10:27:16,Organic,USA,4,12.0,0,,,0,,,,0,1,1747391236000000000
151,2025-01-26 19:56:25,Ads,India,6,27.0,1,1.0,2025-01-27 19:56:25,0,,,,0,1,1742673385000000000
152,2025-02-21 21:21:42,Ads,USA,5,22.5,1,2.0,2025-02-23 21:21:42,0,,,,0,1,1744752102000000000
153,2025-02-04 02:54:49,Ads,India,6,24.0,0,,,0,,,,0,1,1743044089000000000
154,2025-02-01 13:12:08,Organic,Germany,9,27.0,0,,,0,,,,0,1,1741180328000000000
155,2025-02-14 14:22:19,Organic,India,4,18.0,1,2.0,2025-02-16 14:22:19,0,,,,0,1,1743171739000000000
156,2025-03-30 06:00:38,Organic,USA,2,6.0,0,,,0,,,,0,1,1748325638000000000
157,2025-01-22 08:03:20,Ads,Canada,7,21.0,1,2.0,2025-01-24 08:03:20,1,6.0,2025-01-28 08:03:20,Basic,50,0,
158,2025-01-13 11:45:11,Referral,Germany,8,36.0,1,3.0,2025-01-16 11:45:11,1,8.0,2025-01-21 11:45:11,Basic,50,0,
159,2025-01-12 12:41:47,Referral,USA,7,31.5,1,1.0,2025-01-13 12:41:47,1,9.0,2025-01-21 12:41:47,Basic,50,1,1741351307000000000
160,2025-02-10 18:10:41,Organic,USA,5,20.0,0,,,0,,,,0,1,1744049441000000000
161,2025-03-24 12:35:44,Ads,India,4,8.0,0,,,0,,,,0,1,1746102944000000000
162,2025-02-22 14:39:43,Referral,India,4,12.0,0,,,0,,,,0,0,
163,2025-03-25 09:29:26,Organic,USA,4,16.0,0,,,0,,,,0,1,1747042166000000000
164,2025-01-22 15:30:30,Organic,India,3,6.0,0,,,0,,,,0,0,
165,2025-02-13 08:56:29,Referral,India,2,9.0,1,3.0,2025-02-16 08:56:29,1,13.0,2025-02-26 08:56:29,Pro,120,0,
166,2025-02-17 22:46:47,Organic,India,8,36.0,1,3.0,2025-02-20 22:46:47,0,,,,0,1,1744757207000000000
167,2025-02-24 05:04:34,Referral,USA,2,9.0,1,1.0,2025-02-25 05:04:34,0,,,,0,1,1741755874000000000
168,2025-03-14 06:43:55,Referral,USA,3,6.0,0,,,0,,,,0,1,1746341035000000000
169,2025-02-11 16:37:59,Ads,India,10,30.0,1,1.0,2025-02-12 16:37:59,0,,,,0,0,
170,2025-03-05 20:13:09,Referral,India,3,12.0,0,,,0,,,,0,0,
171,2025-01-25 13:21:30,Ads,USA,3,13.5,1,3.0,2025-01-28 13:21:30,1,8.0,2025-02-02 13:21:30,Basic,50,1,1741526490000000000
172,2025-02-04 15:00:50,Ads,UK,7,31.5,1,2.0,2025-02-06 15:00:50,0,,,,0,1,1741532450000000000
173,2025-03-17 03:38:40,Organic,USA,3,9.0,1,3.0,2025-03-20 03:38:40,1,10.0,2025-03-27 03:38:40,Basic,50,0,
174,2025-01-06 16:27:14,Organic,Canada,7,21.0,0,,,1,13.0,2025-01-19 16:27:14,Pro,120,0,
175,2025-01-23 13:11:00,Organic,India,6,27.0,1,3.0,2025-01-26 13:11:00,0,,,,0,1,1742217060000000000
176,2025-02-20 03:44:46,Ads,India,4,8.0,0,,,0,,,,0,1,1745034286000000000
177,2025-01-18 14:31:41,Organic,India,5,30.0,1,2.0,2025-01-20 14:31:41,0,,,,0,1,1740925901000000000
178,2025-03-04 12:20:18,Organic,USA,4,12.0,0,,,0,,,,0,0,
179,2025-02-20 16:12:48,Organic,UK,4,24.0,1,1.0,2025-02-21 16:12:48,1,8.0,2025-02-28 16:12:48,Pro,120,1,1742746368000000000
180,2025-02-21 00:32:04,Ads,India,5,30.0,1,3.0,2025-02-24 00:32:04,0,,,,0,0,
181,2025-02-06 07:18:49,Referral,USA,5,15.0,1,1.0,2025-02-07 07:18:49,1,10.0,2025-02-16 07:18:49,Pro,120,0,
182,2025-03-22 00:42:30,Referral,USA,4,8.0,0,,,0,,,,0,1,1747528950000000000
183,2025-03-13 09:08:14,Organic,Germany,8,24.0,1,1.0,2025-03-14 09:08:14,0,,,,0,0,
184,2025-01-11 09:17:01,Referral,UK,5,10.0,0,,,0,,,,0,1,1741598221000000000
185,2025-03-21 22:32:06,Ads,UK,9,18.0,0,,,0,,,,0,1,1746570726000000000
186,2025-03-10 03:46:34,Ads,USA,3,18.0,1,2.0,2025-03-12 03:46:34,1,9.0,2025-03-19 03:46:34,Basic,50,1,1743997594000000000
187,2025-03-04 01:27:36,Ads,Germany,2,8.0,0,,,0,,,,0,1,1745371656000000000
188,2025-03-25 10:32:46,Organic,Germany,6,24.0,0,,,0,,,,0,1,1745058766000000000
189,2025-03-29 11:29:18,Referral,USA,5,15.0,1,1.0,2025-03-30 11:29:18,0,,,,0,1,1748086158000000000
190,2025-03-17 08:27:05,Organic,USA,8,16.0,0,,,0,,,,0,0,
191,2025-01-02 10:00:09,Organic,USA,4,18.0,1,1.0,2025-01-03 10:00:09,0,,,,0,0,
192,2025-01-24 08:11:56,Ads,USA,8,36.0,1,3.0,2025-01-27 08:11:56,1,8.0,2025-02-01 08:11:56,Basic,50,1,1739175116000000000
193,2025-01-28 04:59:30,Organic,USA,7,42.0,1,2.0,2025-01-30 04:59:30,0,,,,0,0,
194,2025-01-09 21:46:38,Organic,India,3,12.0,0,,,0,,,,0,1,1741297598000000000
195,2025-03-03 06:14:55,Ads,Germany,6,18.0,1,3.0,2025-03-06 06:14:55,0,,,,0,1,1743056095000000000
196,2025-03-23 18:18:14,Organic,USA,8,36.0,1,1.0,2025-03-24 18:18:14,0,,,,0,0,
197,2025-02-07 19:43:44,Ads,Canada,7,42.0,1,3.0,2025-02-10 19:43:44,0,,,,0,1,1741895024000000000
198,2025-02-08 13:17:48,Ads,USA,1,3.0,1,1.0,2025-02-09 13:17:48,0,,,,0,1,1740662268000000000
199,2025-02-07 16:33:35,Ads,UK,5,22.5,1,3.0,2025-02-10 16:33:35,0,,,,0,1,1741883615000000000
200,2025-01-11 02:52:51,Ads,India,5,15.0,0,,,0,,,,0,0,
201,2025-03-07 10:37:17,Ads,USA,2,9.0,1,3.0,2025-03-10 10:37:17,1,6.0,2025-03-13 10:37:17,Basic,50,0,
202,2025-02-02 18:54:28,Ads,USA,8,48.0,1,1.0,2025-02-03 18:54:28,1,7.0,2025-02-09 18:54:28,Pro,120,1,1743015268000000000
203,2025-03-03 21:45:58,Ads,India,5,30.0,1,2.0,2025-03-05 21:45:58,0,,,,0,1,1742593558000000000
204,2025-02-14 19:49:58,Ads,Canada,2,9.0,1,2.0,2025-02-16 19:49:58,0,,,,0,1,1742240998000000000
205,2025-01-12 06:25:48,Ads,India,3,6.0,0,,,0,,,,0,0,
206,2025-02-08 16:53:34,Referral,USA,6,36.0,1,2.0,2025-02-10 16:53:34,0,,,,0,0,
207,2025-03-23 18:25:46,Organic,India,8,24.0,1,1.0,2025-03-24 18:25:46,0,,,,0,0,
208,2025-01-15 01:04:35,Organic,Canada,5,15.0,1,3.0,2025-01-18 01:04:35,0,,,,0,0,
209,2025-03-13 22:43:24,Referral,India,7,31.5,1,1.0,2025-03-14 22:43:24,1,10.0,2025-03-23 22:43:24,Pro,120,1,1744584204000000000
210,2025-02-10 04:01:35,Organic,USA,2,9.0,1,2.0,2025-02-12 04:01:35,0,,,,0,1,1744257695000000000
211,2025-03-02 02:39:02,Organic,India,5,10.0,0,,,0,,,,0,1,1744684742000000000
212,2025-02-04 05:57:14,Ads,USA,4,12.0,1,1.0,2025-02-05 05:57:14,1,9.0,2025-02-13 05:57:14,Basic,50,1,1740290234000000000
213,2025-03-12 20:45:38,Organic,Canada,5,22.5,1,1.0,2025-03-13 20:45:38,0,,,,0,1,1743799538000000000
214,2025-02-22 22:38:13,Organic,India,5,30.0,1,2.0,2025-02-24 22:38:13,0,,,,0,1,1742855893000000000
215,2025-03-19 15:02:51,Referral,UK,3,12.0,0,,,0,,,,0,0,
216,2025-01-01 12:06:25,Ads,India,6,24.0,0,,,0,,,,0,1,1740225985000000000
217,2025-03-06 23:30:49,Organic,USA,12,36.0,0,,,0,,,,0,0,
218,2025-03-15 13:25:00,Referral,USA,6,18.0,0,,,0,,,,0,0,
219,2025-02-05 09:13:33,Referral,USA,4,18.0,1,3.0,2025-02-08 09:13:33,0,,,,0,0,
220,2025-01-30 09:24:08,Organic,USA,4,12.0,0,,,0,,,,0,1,1739611448000000000
221,2025-01-02 06:25:56,Organic,USA,2,6.0,0,,,0,,,,0,1,1738131956000000000
222,2025-01-19 05:39:17,Referral,India,3,9.0,1,1.0,2025-01-20 05:39:17,0,,,,0,0,
223,2025-03-14 09:36:27,Ads,USA,7,14.0,0,,,0,,,,0,0,
224,2025-02-16 14:43:39,Ads,India,8,36.0,1,2.0,2025-02-18 14:43:39,0,,,,0,1,1742827419000000000
225,2025-03-23 16:50:51,Referral,UK,4,12.0,0,,,0,,,,0,1,1747587051000000000
226,2025-02-20 20:42:19,Ads,Canada,5,15.0,0,,,0,,,,0,1,1743453739000000000
227,2025-01-25 13:44:51,Organic,India,0,0.0,1,2.0,2025-01-27 13:44:51,0,,,,0,1,1739281491000000000
228,2025-01-24 06:03:41,Ads,India,4,8.0,0,,,0,,,,0,1,1740981821000000000
229,2025-01-14 21:44:42,Organic,India,5,30.0,1,1.0,2025-01-15 21:44:42,0,,,,0,0,
230,2025-01-07 06:38:55,Ads,Germany,6,12.0,0,,,0,,,,0,0,
231,2025-02-09 17:52:57,Ads,Canada,5,20.0,0,,,0,,,,0,1,1743529977000000000
232,2025-02-19 10:07:50,Organic,India,5,30.0,1,3.0,2025-02-22 10:07:50,0,,,,0,1,1744538870000000000
233,2025-03-19 13:12:59,Ads,USA,5,22.5,1,3.0,2025-03-22 13:12:59,1,11.0,2025-03-30 13:12:59,Pro,120,0,
234,2025-02-11 05:08:40,Organic,India,7,31.5,1,2.0,2025-02-13 05:08:40,0,,,,0,1,1742706520000000000
235,2025-03-21 09:33:26,Organic,USA,6,36.0,1,2.0,2025-03-23 09:33:26,0,,,,0,1,1746437606000000000
236,2025-01-29 18:06:53,Ads,UK,4,12.0,0,,,0,,,,0,0,
237,2025-02-03 15:36:00,Organic,USA,3,18.0,1,2.0,2025-02-05 15:36:00,1,14.0,2025-02-17 15:36:00,Pro,120,0,
238,2025-02-02 04:56:32,Ads,Canada,11,49.5,1,2.0,2025-02-04 04:56:32,0,,,,0,1,1739768192000000000
239,2025-03-10 05:39:04,Organic,USA,7,21.0,1,3.0,2025-03-13 05:39:04,0,,,,0,0,
240,2025-03-01 22:30:50,Ads,India,2,6.0,0,,,0,,,,0,0,
241,2025-03-07 22:37:49,Referral,USA,7,42.0,1,3.0,2025-03-10 22:37:49,0,,,,0,1,1743806269000000000
242,2025-01-26 20:50:00,Ads,USA,5,20.0,0,,,0,,,,0,0,
243,2025-03-21 23:02:11,Organic,Germany,6,12.0,0,,,0,,,,0,0,
244,2025-02-20 00:37:32,Referral,India,4,16.0,0,,,0,,,,0,0,
245,2025-03-09 09:16:24,Organic,USA,3,6.0,0,,,0,,,,0,0,
246,2025-01-05 15:51:30,Organic,UK,3,6.0,0,,,0,,,,0,0,
247,2025-02-24 07:42:30,Organic,USA,10,30.0,1,1.0,2025-02-25 07:42:30,1,13.0,2025-03-09 07:42:30,Pro,120,0,
248,2025-01-30 11:53:41,Organic,India,7,14.0,0,,,0,,,,0,1,1741953221000000000
249,2025-02-18 19:11:03,Referral,Germany,4,24.0,1,2.0,2025-02-20 19:11:03,0,,,,0,1,1745003463000000000
250,2025-02-14 01:23:38,Organic,India,7,21.0,1,3.0,2025-02-17 01:23:38,0,,,,0,1,1741829018000000000
251,2025-03-11 08:44:56,Ads,India,7,28.0,0,,,0,,,,0,1,1744274696000000000
252,2025-01-23 14:48:29,Ads,Canada,4,12.0,1,1.0,2025-01-24 14:48:29,0,,,,0,0,
253,2025-03-11 19:51:00,Organic,India,5,22.5,1,1.0,2025-03-12 19:51:00,1,7.0,2025-03-18 19:51:00,Basic,50,0,
254,2025-02-21 04:34:40,Ads,India,7,42.0,1,3.0,2025-02-24 04:34:40,1,7.0,2025-02-28 04:34:40,Pro,120,1,1745037280000000000
255,2025-02-06 00:39:14,Organic,USA,8,24.0,1,1.0,2025-02-07 00:39:14,0,,,,0,1,1742431154000000000
256,2025-03-25 09:32:27,Organic,India,4,12.0,0,,,0,,,,0,1,1745055147000000000
257,2025-03-16 17:41:34,Organic,Germany,1,3.0,1,3.0,2025-03-19 17:41:34,0,,,,0,1,1745343694000000000
258,2025-01-17 00:30:50,Referral,USA,5,10.0,0,,,0,,,,0,0,
259,2025-02-16 14:15:17,Referral,USA,5,15.0,0,,,0,,,,0,0,
260,2025-01-01 16:58:07,Organic,India,10,30.0,0,,,0,,,,0,1,1738947487000000000
261,2025-03-02 06:34:07,Organic,India,5,10.0,0,,,0,,,,0,1,1743316447000000000
262,2025-03-14 15:29:27,Ads,USA,4,18.0,1,2.0,2025-03-16 15:29:27,0,,,,0,1,1744644567000000000
263,2025-03-16 04:31:47,Organic,USA,8,24.0,1,3.0,2025-03-19 04:31:47,0,,,,0,1,1746678707000000000
264,2025-01-18 07:36:16,Referral,UK,3,12.0,0,,,0,,,,0,1,1739691376000000000
265,2025-01-22 19:53:33,Ads,India,3,6.0,0,,,0,,,,0,1,1739649213000000000
266,2025-02-23 15:14:56,Organic,UK,7,28.0,0,,,0,,,,0,1,1744298096000000000
267,2025-01-01 10:55:53,Referral,India,11,49.5,1,2.0,2025-01-03 10:55:53,0,,,,0,1,1738925753000000000
268,2025-03-17 01:15:31,Organic,USA,4,12.0,0,,,1,8.0,2025-03-25 01:15:31,Basic,50,1,1746666931000000000
269,2025-02-08 21:20:11,Referral,USA,3,9.0,1,2.0,2025-02-10 21:20:11,0,,,,0,1,1743974411000000000
270,2025-03-30 14:21:49,Referral,India,8,36.0,1,2.0,2025-04-01 14:21:49,0,,,,0,1,1745590909000000000
271,2025-02-19 07:13:42,Organic,USA,2,4.0,0,,,0,,,,0,0,
272,2025-02-27 09:40:17,Organic,India,8,24.0,1,1.0,2025-02-28 09:40:17,1,11.0,2025-03-10 09:40:17,Pro,120,0,
273,2025-03-08 06:26:10,Referral,USA,7,21.0,1,1.0,2025-03-09 06:26:10,1,12.0,2025-03-20 06:26:10,Pro,120,0,
274,2025-01-05 19:48:00,Referral,UK,4,24.0,1,1.0,2025-01-06 19:48:00,0,,,,0,1,1739130480000000000
275,2025-03-21 15:55:16,Organic,India,4,16.0,0,,,0,,,,0,0,
276,2025-03-23 09:27:12,Referral,Germany,3,12.0,0,,,0,,,,0,0,
277,2025-03-23 20:38:15,Organic,USA,8,36.0,1,2.0,2025-03-25 20:38:15,0,,,,0,1,1744835895000000000
278,2025-03-28 00:48:16,Organic,Germany,3,18.0,1,2.0,2025-03-30 00:48:16,0,,,,0,0,
279,2025-02-27 11:10:50,Referral,India,5,30.0,1,1.0,2025-02-28 11:10:50,1,11.0,2025-03-10 11:10:50,Basic,50,1,1742987450000000000
280,2025-01-10 09:52:48,Organic,Germany,5,22.5,1,1.0,2025-01-11 09:52:48,0,,,,0,1,1739526768000000000
281,2025-01-03 14:34:41,Referral,India,3,9.0,0,,,0,,,,0,1,1740926081000000000
282,2025-02-06 02:01:37,Organic,USA,7,42.0,1,2.0,2025-02-08 02:01:37,1,9.0,2025-02-15 02:01:37,Pro,120,1,1740276097000000000
283,2025-02-13 18:47:55,Ads,Germany,4,16.0,0,,,0,,,,0,1,1741978075000000000
284,2025-02-04 16:09:25,Organic,India,5,30.0,1,1.0,2025-02-05 16:09:25,0,,,,0,1,1740413365000000000
285,2025-03-06 18:11:48,Ads,India,4,24.0,1,1.0,2025-03-07 18:11:48,0,,,,0,1,1742839908000000000
286,2025-03-07 16:18:39,Ads,UK,4,16.0,0,,,0,,,,0,1,1743869919000000000
287,2025-01-04 02:52:16,Organic,USA,5,15.0,0,,,0,,,,0,0,
288,2025-03-18 11:54:40,Ads,USA,3,13.5,1,3.0,2025-03-21 11:54:40,0,,,,0,0,
289,2025-03-05 15:51:46,Organic,India,3,13.5,1,3.0,2025-03-08 15:51:46,0,,,,0,1,1745250706000000000
290,2025-02-20 14:28:13,Organic,UK,4,12.0,1,2.0,2025-02-22 14:28:13,0,,,,0,1,1742221693000000000
291,2025-01-19 01:48:49,Referral,India,6,27.0,1,3.0,2025-01-22 01:48:49,1,12.0,2025-01-31 01:48:49,Basic,50,1,1739843329000000000
292,2025-03-23 09:51:48,Organic,Germany,5,22.5,1,3.0,2025-03-26 09:51:48,0,,,,0,1,1745574708000000000
293,2025-02-28 05:39:55,Ads,UK,4,24.0,1,3.0,2025-03-03 05:39:55,0,,,,0,1,1743572395000000000
294,2025-01-26 17:26:49,Ads,UK,1,3.0,1,3.0,2025-01-29 17:26:49,0,,,,0,0,
295,2025-03-05 09:40:47,Ads,India,5,15.0,1,1.0,2025-03-06 09:40:47,0,,,,0,1,1743500447000000000
296,2025-01-08 21:21:09,Organic,Canada,2,6.0,0,,,1,11.0,2025-01-19 21:21:09,Basic,50,0,
297,2025-02-14 17:33:42,Organic,USA,5,20.0,0,,,0,,,,0,1,1741368822000000000
298,2025-01-13 22:50:43,Organic,Canada,5,10.0,0,,,0,,,,0,0,
299,2025-02-08 12:51:02,Ads,India,3,13.5,1,2.0,2025-02-10 12:51:02,1,9.0,2025-02-17 12:51:02,Pro,120,0,
300,2025-01-26 13:01:43,Referral,UK,5,30.0,1,3.0,2025-01-29 13:01:43,0,,,,0,1,1742734903000000000
301,2025-03-07 02:12:10,Ads,USA,5,15.0,1,3.0,2025-03-10 02:12:10,0,,,,0,0,
302,2025-03-24 05:07:10,Organic,India,8,24.0,0,,,0,,,,0,0,
303,2025-01-21 03:38:13,Organic,USA,4,24.0,1,3.0,2025-01-24 03:38:13,0,,,,0,0,
304,2025-01-30 14:37:11,Organic,India,6,27.0,1,1.0,2025-01-31 14:37:11,0,,,,0,0,
305,2025-03-19 01:58:28,Organic,India,5,22.5,1,1.0,2025-03-20 01:58:28,0,,,,0,1,1745200708000000000
306,2025-03-13 21:41:07,Organic,India,8,24.0,1,1.0,2025-03-14 21:41:07,0,,,,0,1,1745790067000000000
307,2025-02-19 18:33:05,Organic,USA,5,22.5,1,2.0,2025-02-21 18:33:05,0,,,,0,1,1744309985000000000
308,2025-02-05 15:39:49,Organic,USA,2,8.0,0,,,0,,,,0,0,
309,2025-01-20 05:38:29,Organic,USA,3,9.0,0,,,0,,,,0,1,1742449109000000000
310,2025-01-31 17:48:58,Organic,India,8,32.0,0,,,0,,,,0,1,1740678538000000000
311,2025-01-02 06:34:38,Organic,UK,9,54.0,1,3.0,2025-01-05 06:34:38,0,,,,0,0,
312,2025-01-23 04:07:11,Organic,Germany,1,6.0,1,3.0,2025-01-26 04:07:11,0,,,,0,1,1739592431000000000
313,2025-03-15 01:55:27,Organic,India,2,9.0,1,1.0,2025-03-16 01:55:27,1,10.0,2025-03-25 01:55:27,Basic,50,0,
314,2025-03-07 12:34:40,Ads,India,3,13.5,1,3.0,2025-03-10 12:34:40,1,7.0,2025-03-14 12:34:40,Basic,50,0,
315,2025-01-17 06:01:44,Organic,USA,6,36.0,1,1.0,2025-01-18 06:01:44,1,8.0,2025-01-25 06:01:44,Basic,50,1,1738994504000000000
316,2025-01-24 05:49:47,Organic,UK,7,31.5,1,2.0,2025-01-26 05:49:47,1,10.0,2025-02-03 05:49:47,Basic,50,0,
317,2025-01-20 04:51:06,Organic,UK,6,36.0,1,3.0,2025-01-23 04:51:06,1,9.0,2025-01-29 04:51:06,Basic,50,0,
318,2025-02-18 07:12:05,Organic,USA,8,16.0,0,,,0,,,,0,1,1742886725000000000
319,2025-01-25 20:53:35,Organic,India,5,15.0,1,3.0,2025-01-28 20:53:35,0,,,,0,1,1739912015000000000
320,2025-03-27 03:15:40,Organic,Canada,8,36.0,1,3.0,2025-03-30 03:15:40,0,,,,0,0,
321,2025-02-16 13:47:46,Ads,USA,4,24.0,1,1.0,2025-02-17 13:47:46,0,,,,0,1,1742824066000000000
322,2025-02-22 03:44:19,Organic,India,4,16.0,0,,,0,,,,0,0,
323,2025-03-28 12:05:15,Organic,India,8,48.0,1,2.0,2025-03-30 12:05:15,0,,,,0,0,
324,2025-03-30 15:20:26,Referral,USA,6,27.0,1,1.0,2025-03-31 15:20:26,1,6.0,2025-04-05 15:20:26,Pro,120,1,1745076026000000000
325,2025-03-16 02:53:23,Organic,USA,11,33.0,1,1.0,2025-03-17 02:53:23,0,,,,0,1,1747104803000000000
326,2025-02-17 20:41:54,Organic,UK,2,9.0,1,3.0,2025-02-20 20:41:54,1,13.0,2025-03-02 20:41:54,Pro,120,0,
327,2025-01-11 12:58:01,Referral,Germany,5,15.0,1,2.0,2025-01-13 12:58:01,0,,,,0,1,1739624281000000000
328,2025-01-19 14:33:38,Referral,India,3,18.0,1,3.0,2025-01-22 14:33:38,1,12.0,2025-01-31 14:33:38,Pro,120,0,
329,2025-02-15 02:27:10,Organic,Germany,8,24.0,1,3.0,2025-02-18 02:27:10,0,,,,0,1,1742524030000000000
330,2025-02-20 04:39:47,Organic,UK,4,8.0,0,,,0,,,,0,1,1744000787000000000
331,2025-02-01 21:23:43,Organic,USA,7,21.0,0,,,0,,,,0,1,1742419423000000000
332,2025-01-24 12:49:10,Organic,Canada,9,54.0,1,3.0,2025-01-27 12:49:10,0,,,,0,1,1739191750000000000
333,2025-01-27 18:13:07,Ads,UK,6,18.0,0,,,0,,,,0,1,1742062387000000000
334,2025-02-23 04:43:20,Organic,India,4,16.0,0,,,0,,,,0,1,1744692200000000000
335,2025-03-15 19:12:32,Organic,Canada,2,8.0,0,,,0,,,,0,1,1744744352000000000
336,2025-02-24 01:36:39,Referral,UK,7,42.0,1,1.0,2025-02-25 01:36:39,0,,,,0,1,1742607399000000000
337,2025-01-01 19:48:15,Referral,UK,9,40.5,1,1.0,2025-01-02 19:48:15,0,,,,0,0,
338,2025-01-09 14:39:34,Organic,Canada,4,12.0,0,,,0,,,,0,0,
339,2025-02-28 19:30:25,Ads,USA,7,28.0,0,,,0,,,,0,1,1745868625000000000
340,2025-03-30 02:48:07,Organic,UK,7,21.0,1,3.0,2025-04-02 02:48:07,0,,,,0,1,1745462887000000000
341,2025-02-09 21:02:56,Referral,UK,4,16.0,0,,,0,,,,0,0,
342,2025-03-02 18:37:15,Organic,USA,3,9.0,1,3.0,2025-03-05 18:37:15,0,,,,0,0,
343,2025-02-11 19:30:00,Organic,India,3,9.0,0,,,0,,,,0,0,
344,2025-01-10 13:23:36,Organic,UK,6,27.0,1,3.0,2025-01-13 13:23:36,0,,,,0,1,1739798616000000000
345,2025-01-05 08:05:05,Organic,India,3,6.0,0,,,0,,,,0,1,1739693105000000000
346,2025-02-13 00:34:30,Organic,UK,4,12.0,0,,,0,,,,0,1,1743294870000000000
347,2025-01-22 11:48:46,Ads,Germany,5,15.0,0,,,0,,,,0,1,1741607326000000000
348,2025-01-20 04:47:25,Ads,India,5,15.0,1,1.0,2025-01-21 04:47:25,1,5.0,2025-01-25 04:47:25,Basic,50,0,
349,2025-01-24 10:59:53,Organic,India,9,40.5,1,3.0,2025-01-27 10:59:53,0,,,,0,1,1741690793000000000
350,2025-01-07 10:03:14,Organic,India,2,6.0,1,2.0,2025-01-09 10:03:14,1,12.0,2025-01-19 10:03:14,Pro,120,0,
351,2025-01-02 17:01:58,Organic,USA,3,9.0,1,3.0,2025-01-05 17:01:58,0,,,,0,1,1740330118000000000
352,2025-03-30 12:43:39,Referral,Germany,5,20.0,0,,,1,13.0,2025-04-12 12:43:39,Pro,120,0,
353,2025-02-26 00:19:27,Referral,USA,7,31.5,1,2.0,2025-02-28 00:19:27,0,,,,0,1,1745108367000000000
354,2025-02-10 13:27:53,Referral,India,2,12.0,1,3.0,2025-02-13 13:27:53,0,,,,0,0,
355,2025-03-26 11:41:35,Referral,USA,2,6.0,1,2.0,2025-03-28 11:41:35,0,,,,0,0,
356,2025-01-26 12:24:24,Organic,UK,7,31.5,1,1.0,2025-01-27 12:24:24,0,,,,0,1,1742300664000000000
357,2025-02-20 06:02:27,Organic,India,0,0.0,1,3.0,2025-02-23 06:02:27,1,10.0,2025-03-02 06:02:27,Pro,120,1,1743055347000000000
358,2025-01-18 13:59:23,Ads,UK,6,18.0,1,2.0,2025-01-20 13:59:23,0,,,,0,1,1741787963000000000
359,2025-02-22 20:52:00,Referral,India,4,24.0,1,3.0,2025-02-25 20:52:00,0,,,,0,1,1744231920000000000
360,2025-03-22 10:14:25,Organic,UK,4,12.0,1,2.0,2025-03-24 10:14:25,0,,,,0,1,1745144065000000000
361,2025-01-08 22:49:36,Organic,India,9,40.5,1,3.0,2025-01-11 22:49:36,1,12.0,2025-01-20 22:49:36,Basic,50,1,1739832576000000000
362,2025-03-06 21:59:11,Referral,India,6,18.0,1,1.0,2025-03-07 21:59:11,1,9.0,2025-03-15 21:59:11,Pro,120,0,
363,2025-01-29 14:43:09,Organic,Canada,7,28.0,0,,,0,,,,0,1,1741444989000000000
364,2025-02-06 08:34:19,Organic,USA,9,18.0,0,,,0,,,,0,0,
365,2025-03-24 03:53:40,Ads,India,7,14.0,0,,,0,,,,0,1,1747022020000000000
366,2025-01-02 08:43:16,Organic,Germany,6,27.0,1,3.0,2025-01-05 08:43:16,1,12.0,2025-01-14 08:43:16,Basic,50,0,
367,2025-03-30 08:00:31,Organic,UK,5,15.0,1,2.0,2025-04-01 08:00:31,0,,,,0,1,1747468831000000000
368,2025-01-15 08:44:42,Ads,India,5,22.5,1,2.0,2025-01-17 08:44:42,0,,,,0,1,1740818682000000000
369,2025-03-02 00:08:22,Ads,USA,2,12.0,1,2.0,2025-03-04 00:08:22,0,,,,0,1,1744848502000000000
370,2025-02-26 15:04:40,Referral,Canada,3,6.0,0,,,0,,,,0,1,1744383880000000000
371,2025-03-17 22:30:00,Organic,UK,4,18.0,1,2.0,2025-03-19 22:30:00,1,14.0,2025-03-31 22:30:00,Basic,50,0,
372,2025-03-19 05:10:58,Organic,India,6,27.0,1,1.0,2025-03-20 05:10:58,1,7.0,2025-03-26 05:10:58,Basic,50,1,1745125858000000000
373,2025-02-26 14:58:26,Ads,USA,4,12.0,1,1.0,2025-02-27 14:58:26,0,,,,0,0,
374,2025-03-08 22:11:59,Ads,USA,6,18.0,1,2.0,2025-03-10 22:11:59,0,,,,0,0,
375,2025-02-17 14:57:19,Organic,Canada,6,27.0,1,3.0,2025-02-20 14:57:19,0,,,,0,1,1743173839000000000
376,2025-02-01 02:42:10,Ads,India,6,18.0,0,,,0,,,,0,1,1741228930000000000
377,2025-02-12 12:41:55,Organic,UK,1,6.0,1,3.0,2025-02-15 12:41:55,1,5.0,2025-02-17 12:41:55,Basic,50,0,
378,2025-01-19 06:39:19,Organic,India,4,16.0,0,,,0,,,,0,0,
379,2025-01-11 12:01:57,Organic,UK,3,18.0,1,2.0,2025-01-13 12:01:57,0,,,,0,1,1740139317000000000
380,2025-01-29 18:22:47,Organic,Germany,5,15.0,1,2.0,2025-01-31 18:22:47,1,9.0,2025-02-07 18:22:47,Basic,50,1,1741198967000000000
381,2025-02-22 06:18:08,Organic,India,11,33.0,1,2.0,2025-02-24 06:18:08,0,,,,0,1,1743574688000000000
382,2025-03-11 22:11:35,Ads,India,8,48.0,1,1.0,2025-03-12 22:11:35,1,7.0,2025-03-18 22:11:35,Basic,50,0,
383,2025-03-07 13:43:15,Ads,USA,4,12.0,1,1.0,2025-03-08 13:43:15,1,13.0,2025-03-20 13:43:15,Basic,50,1,1744465395000000000
384,2025-01-08 17:37:14,Referral,UK,6,18.0,1,1.0,2025-01-09 17:37:14,0,,,,0,1,1741023434000000000
385,2025-01-05 09:08:00,Organic,India,4,12.0,1,3.0,2025-01-08 09:08:00,0,,,,0,1,1739178480000000000
386,2025-03-15 04:42:47,Organic,UK,7,14.0,0,,,0,,,,0,1,1743828167000000000
387,2025-01-10 03:59:31,Organic,Canada,2,12.0,1,3.0,2025-01-13 03:59:31,0,,,,0,0,
388,2025-01-06 19:12:37,Organic,UK,2,4.0,0,,,0,,,,0,0,
389,2025-02-20 16:18:47,Ads,UK,4,24.0,1,3.0,2025-02-23 16:18:47,1,11.0,2025-03-03 16:18:47,Basic,50,0,
390,2025-02-17 17:41:39,Ads,India,10,40.0,0,,,0,,,,0,0,
391,2025-01-31 05:58:21,Ads,Germany,9,27.0,1,1.0,2025-02-01 05:58:21,0,,,,0,1,1741413501000000000
392,2025-03-10 19:49:54,Organic,India,5,15.0,1,3.0,2025-03-13 19:49:54,1,14.0,2025-03-24 19:49:54,Basic,50,0,
393,2025-03-01 02:33:19,Organic,India,2,8.0,0,,,0,,,,0,1,1744684399000000000
394,2025-02-03 19:39:04,Organic,India,3,6.0,0,,,0,,,,0,1,1742845144000000000
395,2025-03-11 05:10:58,Organic,UK,6,24.0,0,,,0,,,,0,0,
396,2025-02-20 02:06:16,Ads,Canada,6,27.0,1,3.0,2025-02-23 02:06:16,1,9.0,2025-03-01 02:06:16,Basic,50,1,1743559576000000000
397,2025-02-27 10:22:20,Referral,India,8,36.0,1,2.0,2025-03-01 10:22:20,0,,,,0,0,
398,2025-02-05 16:25:53,Organic,Canada,3,12.0,0,,,0,,,,0,1,1742574353000000000
399,2025-02-02 09:38:07,Ads,Canada,9,40.5,1,3.0,2025-02-05 09:38:07,0,,,,0,0,
400,2025-02-03 14:55:41,Ads,USA,3,18.0,1,2.0,2025-02-05 14:55:41,0,,,,0,1,1743605741000000000
401,2025-03-03 13:53:05,Organic,UK,5,30.0,1,1.0,2025-03-04 13:53:05,0,,,,0,0,
402,2025-01-25 07:20:21,Ads,India,4,12.0,1,1.0,2025-01-26 07:20:21,0,,,,0,1,1742714421000000000
403,2025-02-27 14:09:38,Organic,India,6,27.0,1,1.0,2025-02-28 14:09:38,0,,,,0,0,
404,2025-03-20 01:50:07,Organic,Canada,5,15.0,0,,,0,,,,0,0,
405,2025-01-16 18:00:28,Ads,USA,7,21.0,1,3.0,2025-01-19 18:00:28,0,,,,0,0,
406,2025-03-22 04:27:20,Referral,India,4,24.0,1,3.0,2025-03-25 04:27:20,0,,,,0,1,1747369640000000000
407,2025-01-08 03:47:47,Organic,UK,5,10.0,0,,,0,,,,0,0,
408,2025-03-03 17:25:52,Organic,Canada,6,27.0,1,2.0,2025-03-05 17:25:52,0,,,,0,1,1744997152000000000
409,2025-01-25 17:13:39,Referral,USA,5,20.0,0,,,0,,,,0,1,1741626819000000000
410,2025-02-15 18:44:48,Referral,India,8,48.0,1,1.0,2025-02-16 18:44:48,0,,,,0,0,
411,2025-03-26 19:35:41,Ads,USA,3,9.0,1,1.0,2025-03-27 19:35:41,1,14.0,2025-04-09 19:35:41,Pro,120,0,
412,2025-02-28 16:55:48,Organic,UK,3,12.0,0,,,0,,,,0,0,
413,2025-02-24 02:25:51,Referral,India,2,6.0,0,,,0,,,,0,1,1742351151000000000
414,2025-01-20 18:25:23,Organic,India,5,22.5,1,1.0,2025-01-21 18:25:23,0,,,,0,0,
415,2025-03-03 08:42:31,Ads,USA,6,27.0,1,2.0,2025-03-05 08:42:31,0,,,,0,0,
416,2025-03-01 10:10:07,Organic,USA,7,28.0,0,,,0,,,,0,0,
417,2025-01-02 11:39:51,Ads,India,4,12.0,1,3.0,2025-01-05 11:39:51,0,,,,0,1,1737545991000000000
418,2025-03-19 21:41:26,Organic,India,3,13.5,1,2.0,2025-03-21 21:41:26,0,,,,0,0,
419,2025-01-12 18:30:26,Organic,India,7,42.0,1,3.0,2025-01-15 18:30:26,0,,,,0,0,
420,2025-03-09 17:59:44,Organic,India,6,12.0,0,,,1,9.0,2025-03-18 17:59:44,Basic,50,0,
421,2025-03-12 14:19:43,Organic,India,11,66.0,1,1.0,2025-03-13 14:19:43,0,,,,0,1,1746713983000000000
422,2025-03-17 18:55:43,Ads,USA,10,45.0,1,3.0,2025-03-20 18:55:43,0,,,,0,1,1747076143000000000
423,2025-02-19 18:55:54,Referral,USA,7,42.0,1,1.0,2025-02-20 18:55:54,0,,,,0,0,
424,2025-01-27 06:17:22,Referral,USA,10,45.0,1,2.0,2025-01-29 06:17:22,0,,,,0,1,1741414642000000000
425,2025-03-19 21:29:57,Organic,USA,4,12.0,0,,,0,,,,0,0,
426,2025-03-18 01:57:10,Ads,India,6,18.0,0,,,0,,,,0,1,1747187830000000000
427,2025-01-23 22:58:29,Ads,USA,4,12.0,0,,,0,,,,0,1,1742252309000000000
428,2025-01-02 08:19:41,Organic,India,8,48.0,1,2.0,2025-01-04 08:19:41,0,,,,0,0,
429,2025-01-18 14:41:41,Organic,India,8,48.0,1,1.0,2025-01-19 14:41:41,1,9.0,2025-01-27 14:41:41,Basic,50,0,
430,2025-01-19 18:03:17,Ads,India,6,12.0,0,,,0,,,,0,1,1739556197000000000
431,2025-01-26 19:54:20,Referral,Germany,9,18.0,0,,,0,,,,0,1,1739562860000000000
432,2025-01-21 13:57:06,Ads,India,2,4.0,0,,,0,,,,0,1,1741183026000000000
433,2025-03-12 15:58:45,Organic,Germany,4,12.0,1,1.0,2025-03-13 15:58:45,0,,,,0,1,1743350325000000000
434,2025-01-14 21:09:46,Ads,India,2,9.0,1,2.0,2025-01-16 21:09:46,0,,,,0,1,1739135386000000000
435,2025-02-09 19:10:18,Organic,USA,5,22.5,1,2.0,2025-02-11 19:10:18,1,12.0,2025-02-21 19:10:18,Pro,120,1,1743707418000000000
436,2025-01-24 07:34:44,Ads,UK,10,60.0,1,3.0,2025-01-27 07:34:44,0,,,,0,1,1740555284000000000
437,2025-02-04 00:00:29,Ads,India,8,48.0,1,2.0,2025-02-06 00:00:29,1,6.0,2025-02-10 00:00:29,Pro,120,1,1741392029000000000
438,2025-01-29 10:33:04,Organic,India,2,6.0,1,3.0,2025-02-01 10:33:04,0,,,,0,0,
439,2025-02-06 09:19:23,Referral,Germany,4,16.0,0,,,0,,,,0,0,
440,2025-02-17 11:43:42,Organic,USA,4,16.0,0,,,0,,,,0,1,1744199022000000000
441,2025-01-17 09:56:15,Referral,India,2,8.0,0,,,0,,,,0,0,
442,2025-02-14 01:24:48,Organic,India,6,27.0,1,1.0,2025-02-15 01:24:48,1,9.0,2025-02-23 01:24:48,Basic,50,1,1740965088000000000
443,2025-03-24 23:57:47,Organic,Germany,7,21.0,1,2.0,2025-03-26 23:57:47,1,10.0,2025-04-03 23:57:47,Pro,120,0,
444,2025-03-28 22:37:48,Organic,Canada,4,12.0,1,1.0,2025-03-29 22:37:48,0,,,,0,1,1745534268000000000
445,2025-02-26 23:50:07,Organic,USA,3,12.0,0,,,0,,,,0,1,1744674607000000000
446,2025-03-15 08:19:30,Organic,India,5,20.0,0,,,0,,,,0,1,1744013970000000000
447,2025-03-26 02:16:35,Ads,Canada,7,31.5,1,2.0,2025-03-28 02:16:35,1,6.0,2025-04-01 02:16:35,Basic,50,1,1747534595000000000
448,2025-02-13 16:02:42,Ads,India,1,3.0,0,,,0,,,,0,1,1742313762000000000
449,2025-02-18 12:17:03,Ads,USA,7,42.0,1,2.0,2025-02-20 12:17:03,0,,,,0,1,1742732223000000000
450,2025-02-16 18:42:56,Organic,UK,8,36.0,1,3.0,2025-02-19 18:42:56,0,,,,0,1,1742582576000000000
451,2025-02-01 13:37:03,Ads,India,3,13.5,1,3.0,2025-02-04 13:37:03,0,,,,0,0,
452,2025-03-08 02:04:00,Organic,USA,4,16.0,0,,,1,7.0,2025-03-15 02:04:00,Basic,50,1,1743473040000000000
453,2025-01-21 09:00:27,Ads,Canada,7,42.0,1,2.0,2025-01-23 09:00:27,0,,,,0,0,
454,2025-02-19 23:33:47,Organic,UK,6,18.0,0,,,1,11.0,2025-03-02 23:33:47,Pro,120,0,
455,2025-03-01 09:06:37,Referral,India,8,48.0,1,2.0,2025-03-03 09:06:37,1,11.0,2025-03-12 09:06:37,Basic,50,0,
456,2025-02-09 22:42:36,Ads,India,1,3.0,1,2.0,2025-02-11 22:42:36,0,,,,0,1,1743633756000000000
457,2025-01-14 02:19:25,Ads,India,8,36.0,1,2.0,2025-01-16 02:19:25,0,,,,0,0,
458,2025-02-09 20:41:24,Organic,India,9,40.5,1,2.0,2025-02-11 20:41:24,0,,,,0,1,1740688884000000000
459,2025-02-03 21:05:09,Organic,USA,4,18.0,1,2.0,2025-02-05 21:05:09,0,,,,0,1,1743455109000000000
460,2025-02-20 14:36:18,Organic,USA,4,8.0,0,,,0,,,,0,0,
461,2025-03-22 18:44:11,Referral,India,2,9.0,1,1.0,2025-03-23 18:44:11,0,,,,0,1,1744397051000000000
462,2025-03-30 17:16:24,Referral,India,4,24.0,1,3.0,2025-04-02 17:16:24,0,,,,0,1,1745428584000000000
463,2025-01-30 00:57:59,Organic,India,4,12.0,1,2.0,2025-02-01 00:57:59,0,,,,0,0,
464,2025-02-03 09:56:44,Ads,USA,2,6.0,1,1.0,2025-02-04 09:56:44,0,,,,0,1,1741773404000000000
465,2025-01-23 08:36:00,Ads,USA,7,21.0,1,2.0,2025-01-25 08:36:00,1,10.0,2025-02-02 08:36:00,Basic,50,1,1740818160000000000
466,2025-01-02 12:29:33,Ads,USA,7,21.0,1,3.0,2025-01-05 12:29:33,0,,,,0,0,
467,2025-01-02 08:01:34,Organic,UK,4,16.0,0,,,0,,,,0,1,1738483294000000000
468,2025-02-06 06:08:34,Organic,UK,6,18.0,1,2.0,2025-02-08 06:08:34,0,,,,0,1,1741414114000000000
469,2025-03-13 22:17:04,Organic,USA,6,27.0,1,2.0,2025-03-15 22:17:04,0,,,,0,1,1745878624000000000
470,2025-02-26 01:10:11,Referral,India,3,9.0,1,2.0,2025-02-28 01:10:11,1,10.0,2025-03-08 01:10:11,Basic,50,0,
471,2025-03-15 13:53:02,Organic,USA,5,15.0,1,1.0,2025-03-16 13:53:02,0,,,,0,1,1745848382000000000
472,2025-02-20 04:24:28,Organic,India,11,33.0,1,1.0,2025-02-21 04:24:28,0,,,,0,1,1745123068000000000
473,2025-01-17 12:13:08,Referral,India,7,21.0,1,2.0,2025-01-19 12:13:08,1,5.0,2025-01-22 12:13:08,Pro,120,1,1740744788000000000
474,2025-03-14 11:21:03,Ads,Germany,6,27.0,1,2.0,2025-03-16 11:21:03,0,,,,0,1,1745752863000000000
475,2025-03-17 22:08:22,Referral,India,0,0.0,0,,,0,,,,0,1,1743890902000000000
476,2025-02-14 13:50:24,Organic,USA,10,20.0,0,,,0,,,,0,0,
477,2025-01-26 15:19:27,Organic,USA,6,18.0,1,3.0,2025-01-29 15:19:27,1,13.0,2025-02-08 15:19:27,Basic,50,0,
478,2025-02-14 23:33:22,Referral,India,6,18.0,0,,,0,,,,0,0,
479,2025-03-17 18:12:15,Organic,India,3,6.0,0,,,0,,,,0,1,1746295935000000000
480,2025-03-21 04:39:45,Organic,USA,7,31.5,1,2.0,2025-03-23 04:39:45,0,,,,0,0,
481,2025-01-08 23:39:04,Organic,India,6,36.0,1,2.0,2025-01-10 23:39:04,0,,,,0,1,1739230744000000000
482,2025-01-08 23:08:25,Organic,India,1,6.0,1,3.0,2025-01-11 23:08:25,0,,,,0,0,
483,2025-01-31 05:15:10,Organic,Germany,5,15.0,1,2.0,2025-02-02 05:15:10,0,,,,0,1,1741583710000000000
484,2025-01-24 00:32:53,Referral,USA,4,24.0,1,3.0,2025-01-27 00:32:53,0,,,,0,0,
485,2025-02-05 15:46:01,Referral,India,3,18.0,1,2.0,2025-02-07 15:46:01,0,,,,0,1,1741103161000000000
486,2025-01-17 08:54:26,Referral,India,5,22.5,1,1.0,2025-01-18 08:54:26,0,,,,0,0,
487,2025-03-26 14:19:19,Organic,USA,5,22.5,1,3.0,2025-03-29 14:19:19,0,,,,0,0,
488,2025-01-06 03:38:21,Organic,India,5,20.0,0,,,0,,,,0,1,1739504301000000000
489,2025-03-15 05:48:07,Organic,India,5,15.0,1,2.0,2025-03-17 05:48:07,0,,,,0,1,1743400087000000000
490,2025-03-27 19:10:23,Referral,USA,0,0.0,1,1.0,2025-03-28 19:10:23,1,9.0,2025-04-05 19:10:23,Basic,50,0,
491,2025-03-02 17:28:14,Organic,India,0,0.0,1,1.0,2025-03-03 17:28:14,0,,,,0,1,1744910894000000000
492,2025-03-30 02:47:49,Ads,USA,9,36.0,0,,,0,,,,0,1,1748314069000000000
493,2025-03-02 21:22:30,Ads,USA,6,36.0,1,2.0,2025-03-04 21:22:30,0,,,,0,1,1744060950000000000
494,2025-03-12 04:44:49,Organic,India,6,12.0,0,,,0,,,,0,0,
495,2025-01-13 19:05:34,Organic,India,1,4.0,0,,,0,,,,0,1,1741719934000000000
496,2025-02-07 08:36:42,Referral,USA,7,21.0,1,3.0,2025-02-10 08:36:42,0,,,,0,1,1742719002000000000
497,2025-01-19 07:53:13,Referral,USA,5,22.5,1,3.0,2025-01-22 07:53:13,1,5.0,2025-01-24 07:53:13,Basic,50,0,
498,2025-01-21 21:00:49,Organic,India,6,27.0,1,2.0,2025-01-23 21:00:49,0,,,,0,0,
499,2025-01-15 04:11:05,Organic,India,6,18.0,1,1.0,2025-01-16 04:11:05,0,,,,0,1,1742011865000000000
500,2025-01-27 13:22:24,Referral,Germany,6,36.0,1,1.0,2025-01-28 13:22:24,1,13.0,2025-02-09 13:22:24,Basic,50,0,
501,2025-02-20 09:12:07,Organic,India,2,6.0,0,,,0,,,,0,1,1744708327000000000
502,2025-03-26 16:02:40,Organic,Germany,3,9.0,1,1.0,2025-03-27 16:02:40,0,,,,0,0,
503,2025-03-07 05:31:22,Organic,India,4,12.0,1,1.0,2025-03-08 05:31:22,1,8.0,2025-03-15 05:31:22,Basic,50,0,
504,2025-01-06 18:34:23,Ads,India,5,30.0,1,3.0,2025-01-09 18:34:23,0,,,,0,1,1740681263000000000
505,2025-01-05 06:07:34,Organic,USA,3,18.0,1,1.0,2025-01-06 06:07:34,1,8.0,2025-01-13 06:07:34,Pro,120,1,1738390054000000000
506,2025-01-31 23:23:08,Organic,India,6,18.0,0,,,0,,,,0,1,1742944988000000000
507,2025-03-20 22:52:25,Organic,India,6,18.0,1,2.0,2025-03-22 22:52:25,0,,,,0,1,1745189545000000000
508,2025-02-08 03:33:10,Ads,India,4,12.0,1,1.0,2025-02-09 03:33:10,0,,,,0,1,1740972790000000000
509,2025-03-17 13:00:18,Referral,Germany,6,18.0,1,2.0,2025-03-19 13:00:18,0,,,,0,1,1747314018000000000
510,2025-01-18 06:39:45,Referral,India,6,27.0,1,2.0,2025-01-20 06:39:45,1,7.0,2025-01-25 06:39:45,Pro,120,0,
511,2025-01-10 05:24:39,Referral,USA,9,40.5,1,2.0,2025-01-12 05:24:39,0,,,,0,1,1739597079000000000
512,2025-02-26 05:33:00,Ads,UK,2,9.0,1,1.0,2025-02-27 05:33:00,0,,,,0,0,
513,2025-03-17 08:43:39,Organic,UK,4,12.0,1,1.0,2025-03-18 08:43:39,0,,,,0,1,1744447419000000000
514,2025-03-20 09:10:17,Organic,UK,2,8.0,0,,,0,,,,0,1,1745313017000000000
515,2025-03-05 13:26:30,Referral,India,5,10.0,0,,,0,,,,0,1,1745673990000000000
516,2025-03-17 09:00:40,Organic,India,4,24.0,1,1.0,2025-03-18 09:00:40,0,,,,0,1,1744621240000000000
517,2025-02-16 18:59:47,Organic,India,6,27.0,1,3.0,2025-02-19 18:59:47,0,,,,0,0,
518,2025-03-12 14:20:28,Ads,India,4,8.0,0,,,0,,,,0,1,1745936428000000000
519,2025-02-15 11:08:03,Organic,India,4,24.0,1,3.0,2025-02-18 11:08:03,0,,,,0,0,
520,2025-03-17 21:06:08,Organic,India,5,15.0,1,2.0,2025-03-19 21:06:08,0,,,,0,1,1744405568000000000
521,2025-02-01 05:43:35,Referral,Germany,3,6.0,0,,,0,,,,0,1,1742881415000000000
522,2025-02-09 12:28:47,Referral,Germany,7,21.0,1,2.0,2025-02-11 12:28:47,0,,,,0,1,1741350527000000000
523,2025-01-15 21:15:25,Organic,India,7,21.0,1,3.0,2025-01-18 21:15:25,0,,,,0,0,
524,2025-02-13 06:54:07,Referral,India,6,18.0,0,,,0,,,,0,1,1743663247000000000
525,2025-03-08 06:52:59,Ads,India,4,18.0,1,1.0,2025-03-09 06:52:59,0,,,,0,1,1745909579000000000
526,2025-01-06 04:43:02,Ads,India,6,36.0,1,2.0,2025-01-08 04:43:02,1,10.0,2025-01-16 04:43:02,Basic,50,0,
527,2025-01-14 13:43:42,Organic,India,2,9.0,1,2.0,2025-01-16 13:43:42,0,,,,0,1,1741182222000000000
528,2025-01-29 23:29:31,Organic,Germany,5,15.0,0,,,0,,,,0,0,
529,2025-02-06 18:43:45,Ads,India,4,12.0,0,,,0,,,,0,1,1743187425000000000
530,2025-01-12 12:42:41,Referral,India,11,49.5,1,2.0,2025-01-14 12:42:41,0,,,,0,1,1738068161000000000
531,2025-02-18 10:10:39,Ads,India,5,30.0,1,1.0,2025-02-19 10:10:39,0,,,,0,1,1744971039000000000
532,2025-01-08 17:05:26,Organic,Germany,3,13.5,1,3.0,2025-01-11 17:05:26,0,,,,0,1,1738343126000000000
533,2025-01-08 12:19:10,Organic,Germany,3,13.5,1,2.0,2025-01-10 12:19:10,0,,,,0,1,1740831550000000000
534,2025-02-09 01:45:57,Referral,UK,2,12.0,1,2.0,2025-02-11 01:45:57,0,,,,0,0,
535,2025-01-02 09:00:34,Organic,USA,7,31.5,1,1.0,2025-01-03 09:00:34,0,,,,0,1,1739869234000000000
536,2025-02-07 11:52:56,Ads,India,4,24.0,1,2.0,2025-02-09 11:52:56,0,,,,0,0,
537,2025-02-07 00:30:49,Organic,India,3,13.5,1,3.0,2025-02-10 00:30:49,0,,,,0,0,
538,2025-03-22 23:29:02,Organic,USA,6,27.0,1,3.0,2025-03-25 23:29:02,1,12.0,2025-04-03 23:29:02,Basic,50,0,
539,2025-03-10 05:01:49,Ads,UK,2,4.0,0,,,0,,,,0,1,1744088509000000000
540,2025-03-10 20:22:20,Ads,India,7,42.0,1,1.0,2025-03-11 20:22:20,0,,,,0,0,
541,2025-02-21 20:12:05,Organic,India,4,24.0,1,2.0,2025-02-23 20:12:05,0,,,,0,1,1743970325000000000
542,2025-02-19 04:31:53,Organic,USA,5,15.0,1,2.0,2025-02-21 04:31:53,0,,,,0,1,1741667513000000000
543,2025-02-21 04:23:21,Referral,India,9,36.0,0,,,0,,,,0,0,
544,2025-03-01 19:41:09,Organic,USA,4,24.0,1,2.0,2025-03-03 19:41:09,0,,,,0,1,1744400469000000000
545,2025-01-13 11:53:20,Ads,India,4,24.0,1,1.0,2025-01-14 11:53:20,0,,,,0,0,
546,2025-01-12 20:55:15,Referral,India,6,18.0,1,3.0,2025-01-15 20:55:15,0,,,,0,1,1740689715000000000
547,2025-03-27 18:25:45,Organic,USA,1,6.0,1,3.0,2025-03-30 18:25:45,0,,,,0,0,
548,2025-01-17 15:35:33,Referral,Germany,6,27.0,1,3.0,2025-01-20 15:35:33,0,,,,0,1,1738683333000000000
549,2025-01-27 09:40:30,Organic,India,5,22.5,1,2.0,2025-01-29 09:40:30,0,,,,0,1,1742982030000000000
550,2025-02-10 13:05:57,Ads,India,5,30.0,1,1.0,2025-02-11 13:05:57,1,6.0,2025-02-16 13:05:57,Pro,120,0,
551,2025-01-06 08:07:23,Organic,India,6,18.0,1,3.0,2025-01-09 08:07:23,0,,,,0,1,1740989243000000000
552,2025-01-24 19:54:12,Referral,USA,7,31.5,1,2.0,2025-01-26 19:54:12,0,,,,0,1,1742154852000000000
553,2025-02-07 17:22:40,Organic,Canada,5,22.5,1,1.0,2025-02-08 17:22:40,0,,,,0,1,1741800160000000000
554,2025-03-26 08:44:55,Organic,India,6,27.0,1,2.0,2025-03-28 08:44:55,0,,,,0,0,
555,2025-01-23 23:33:08,Referral,India,6,12.0,0,,,0,,,,0,1,1741390388000000000
556,2025-01-03 21:50:51,Ads,Germany,5,20.0,0,,,0,,,,0,1,1739397051000000000
557,2025-02-18 13:55:55,Ads,UK,6,27.0,1,1.0,2025-02-19 13:55:55,0,,,,0,1,1744466155000000000
558,2025-01-21 06:51:23,Organic,USA,4,12.0,0,,,0,,,,0,0,
559,2025-01-12 15:04:06,Ads,India,3,18.0,1,1.0,2025-01-13 15:04:06,0,,,,0,1,1738940646000000000
560,2025-03-09 18:13:23,Organic,India,5,30.0,1,1.0,2025-03-10 18:13:23,0,,,,0,1,1745432003000000000
561,2025-01-12 05:52:05,Organic,UK,8,36.0,1,2.0,2025-01-14 05:52:05,0,,,,0,0,
562,2025-02-14 18:18:20,Ads,USA,5,22.5,1,1.0,2025-02-15 18:18:20,1,9.0,2025-02-23 18:18:20,Basic,50,0,
563,2025-02-20 17:41:51,Organic,USA,2,6.0,0,,,0,,,,0,1,1743097311000000000
564,2025-01-06 04:49:55,Referral,India,7,14.0,0,,,0,,,,0,1,1740718195000000000
565,2025-03-01 12:51:41,Referral,USA,6,36.0,1,2.0,2025-03-03 12:51:41,0,,,,0,0,
566,2025-03-20 04:12:30,Ads,Canada,5,15.0,1,3.0,2025-03-23 04:12:30,0,,,,0,1,1744690350000000000
567,2025-01-15 14:06:26,Referral,Germany,5,15.0,1,3.0,2025-01-18 14:06:26,0,,,,0,0,
568,2025-02-05 08:26:30,Ads,India,3,6.0,0,,,0,,,,0,0,
569,2025-03-23 05:50:31,Organic,USA,7,42.0,1,1.0,2025-03-24 05:50:31,0,,,,0,0,
570,2025-03-15 16:02:59,Ads,USA,7,28.0,0,,,0,,,,0,0,
571,2025-03-03 18:35:56,Organic,Canada,7,31.5,1,3.0,2025-03-06 18:35:56,1,13.0,2025-03-16 18:35:56,Pro,120,1,1743618956000000000
572,2025-02-09 02:46:09,Organic,UK,3,6.0,0,,,0,,,,0,1,1742093169000000000
573,2025-02-03 13:43:23,Referral,Germany,5,30.0,1,3.0,2025-02-06 13:43:23,0,,,,0,0,
574,2025-03-26 17:31:21,Ads,Germany,6,18.0,1,1.0,2025-03-27 17:31:21,0,,,,0,1,1746207081000000000
575,2025-02-04 08:13:17,Referral,India,5,15.0,1,1.0,2025-02-05 08:13:17,0,,,,0,0,
576,2025-01-03 13:54:26,Organic,UK,5,30.0,1,3.0,2025-01-06 13:54:26,0,,,,0,1,1738504466000000000
577,2025-01-14 03:20:48,Ads,USA,4,12.0,1,3.0,2025-01-17 03:20:48,0,,,,0,0,
578,2025-01-20 01:25:11,Organic,India,5,15.0,0,,,0,,,,0,1,1741137911000000000
579,2025-03-06 16:09:34,Ads,India,5,15.0,0,,,0,,,,0,1,1744214974000000000
580,2025-03-15 03:28:27,Ads,India,5,15.0,1,1.0,2025-03-16 03:28:27,0,,,,0,0,
581,2025-01-17 11:21:26,Ads,UK,5,22.5,1,1.0,2025-01-18 11:21:26,1,10.0,2025-01-27 11:21:26,Basic,50,0,
582,2025-02-12 18:39:21,Organic,India,6,18.0,1,2.0,2025-02-14 18:39:21,0,,,,0,0,
583,2025-02-06 18:45:45,Organic,Canada,6,27.0,1,3.0,2025-02-09 18:45:45,0,,,,0,1,1743273945000000000
584,2025-03-27 01:12:20,Organic,USA,3,9.0,1,2.0,2025-03-29 01:12:20,0,,,,0,1,1744333940000000000
585,2025-02-09 12:17:01,Ads,UK,11,49.5,1,2.0,2025-02-11 12:17:01,0,,,,0,1,1741522621000000000
586,2025-01-03 02:51:02,Referral,India,2,6.0,0,,,0,,,,0,1,1738291862000000000
587,2025-01-29 20:05:18,Organic,USA,4,16.0,0,,,0,,,,0,0,
588,2025-02-02 21:26:32,Ads,USA,5,15.0,1,2.0,2025-02-04 21:26:32,0,,,,0,0,
589,2025-02-19 16:55:39,Referral,India,3,9.0,0,,,0,,,,0,1,1741798539000000000
590,2025-02-07 06:34:28,Ads,Canada,4,24.0,1,2.0,2025-02-09 06:34:28,0,,,,0,1,1742452468000000000
591,2025-03-19 04:45:52,Ads,USA,6,24.0,0,,,0,,,,0,1,1743741952000000000
592,2025-03-12 13:18:49,Referral,India,4,8.0,0,,,0,,,,0,0,
593,2025-02-27 05:28:25,Organic,Canada,8,24.0,0,,,0,,,,0,1,1745299705000000000
594,2025-01-10 07:08:48,Organic,India,3,13.5,1,2.0,2025-01-12 07:08:48,1,6.0,2025-01-16 07:08:48,Basic,50,0,
595,2025-02-17 00:35:58,Organic,USA,5,15.0,0,,,0,,,,0,1,1742690158000000000
596,2025-01-13 01:47:13,Referral,USA,8,36.0,1,3.0,2025-01-16 01:47:13,0,,,,0,1,1738547233000000000
597,2025-03-16 20:51:43,Referral,India,5,20.0,0,,,0,,,,0,0,
598,2025-01-20 19:29:01,Ads,UK,2,12.0,1,1.0,2025-01-21 19:29:01,0,,,,0,1,1739302141000000000
599,2025-01-07 03:05:25,Organic,UK,4,16.0,0,,,0,,,,0,1,1738292725000000000
600,2025-03-26 18:30:07,Organic,UK,4,8.0,0,,,0,,,,0,1,1746383407000000000
601,2025-03-02 21:55:36,Organic,India,3,9.0,1,3.0,2025-03-05 21:55:36,1,11.0,2025-03-13 21:55:36,Basic,50,1,1742507736000000000
602,2025-01-03 01:03:35,Organic,India,5,30.0,1,3.0,2025-01-06 01:03:35,0,,,,0,0,
603,2025-02-20 17:12:12,Ads,India,8,24.0,0,,,0,,,,0,1,1741972332000000000
604,2025-02-01 15:59:48,Referral,Germany,7,21.0,0,,,0,,,,0,1,1742831988000000000
605,2025-03-19 03:24:48,Referral,India,3,18.0,1,2.0,2025-03-21 03:24:48,1,8.0,2025-03-27 03:24:48,Basic,50,1,1745637888000000000
606,2025-03-28 12:14:07,Ads,USA,8,36.0,1,1.0,2025-03-29 12:14:07,1,14.0,2025-04-11 12:14:07,Basic,50,1,1745928847000000000
607,2025-02-23 06:03:40,Organic,Canada,6,27.0,1,1.0,2025-02-24 06:03:40,0,,,,0,1,1741845820000000000
608,2025-03-19 23:38:14,Organic,UK,5,10.0,0,,,0,,,,0,1,1745624294000000000
609,2025-02-12 19:36:31,Organic,Canada,3,12.0,0,,,0,,,,0,1,1742585791000000000
610,2025-03-22 12:21:18,Ads,Germany,6,18.0,1,1.0,2025-03-23 12:21:18,0,,,,0,1,1744287678000000000
611,2025-01-07 06:20:52,Referral,India,4,12.0,1,3.0,2025-01-10 06:20:52,0,,,,0,1,1738477252000000000
612,2025-01-20 12:24:53,Organic,India,6,27.0,1,2.0,2025-01-22 12:24:53,1,11.0,2025-01-31 12:24:53,Pro,120,0,
613,2025-03-17 17:50:20,Organic,India,5,30.0,1,2.0,2025-03-19 17:50:20,0,,,,0,1,1743961820000000000
614,2025-03-23 02:14:14,Organic,India,9,54.0,1,2.0,2025-03-25 02:14:14,1,10.0,2025-04-02 02:14:14,Basic,50,0,
615,2025-02-11 19:30:10,Organic,USA,5,22.5,1,2.0,2025-02-13 19:30:10,0,,,,0,0,
616,2025-03-23 09:18:03,Organic,India,4,24.0,1,2.0,2025-03-25 09:18:03,0,,,,0,1,1747819083000000000
617,2025-03-20 17:53:29,Organic,UK,4,12.0,0,,,0,,,,0,1,1744826009000000000
618,2025-01-26 01:12:47,Organic,India,7,14.0,0,,,0,,,,0,0,
619,2025-01-23 00:54:10,Referral,India,5,20.0,0,,,0,,,,0,1,1741222450000000000
620,2025-01-02 16:05:56,Ads,UK,5,15.0,1,1.0,2025-01-03 16:05:56,0,,,,0,1,1738253156000000000
621,2025-02-20 21:42:45,Organic,India,2,6.0,1,2.0,2025-02-22 21:42:45,0,,,,0,1,1744580565000000000
622,2025-02-05 20:55:20,Organic,UK,7,28.0,0,,,0,,,,0,0,
623,2025-01-05 02:46:52,Organic,Germany,2,6.0,0,,,0,,,,0,1,1738205212000000000
624,2025-02-11 16:05:33,Organic,UK,7,21.0,1,1.0,2025-02-12 16:05:33,0,,,,0,1,1743609933000000000
625,2025-01-01 02:37:15,Organic,India,3,12.0,0,,,0,,,,0,1,1739327835000000000
626,2025-02-23 17:24:20,Ads,Germany,6,36.0,1,1.0,2025-02-24 17:24:20,0,,,,0,0,
627,2025-01-21 05:33:34,Ads,India,7,31.5,1,1.0,2025-01-22 05:33:34,0,,,,0,1,1740807214000000000
628,2025-03-24 19:58:40,Ads,UK,4,12.0,1,3.0,2025-03-27 19:58:40,0,,,,0,1,1745092720000000000
629,2025-02-13 01:41:49,Organic,India,6,27.0,1,1.0,2025-02-14 01:41:49,1,5.0,2025-02-18 01:41:49,Pro,120,1,1743817309000000000
630,2025-02-19 10:58:05,Referral,India,3,18.0,1,2.0,2025-02-21 10:58:05,1,11.0,2025-03-02 10:58:05,Pro,120,0,
631,2025-01-27 11:43:47,Organic,Germany,6,36.0,1,3.0,2025-01-30 11:43:47,1,6.0,2025-02-02 11:43:47,Pro,120,0,
632,2025-03-16 16:07:32,Organic,India,6,27.0,1,2.0,2025-03-18 16:07:32,0,,,,0,1,1744733252000000000
633,2025-03-17 10:32:43,Ads,Canada,7,21.0,1,3.0,2025-03-20 10:32:43,0,,,,0,1,1744108363000000000
634,2025-03-18 08:38:39,Ads,India,7,31.5,1,3.0,2025-03-21 08:38:39,0,,,,0,1,1744274319000000000
635,2025-01-09 20:15:21,Referral,Canada,8,24.0,1,2.0,2025-01-11 20:15:21,1,10.0,2025-01-19 20:15:21,Basic,50,0,
636,2025-03-23 19:22:01,Ads,Germany,4,8.0,0,,,0,,,,0,1,1744226521000000000
637,2025-03-10 16:11:27,Referral,USA,3,12.0,0,,,0,,,,0,1,1746720687000000000
638,2025-01-14 12:55:48,Referral,USA,6,36.0,1,2.0,2025-01-16 12:55:48,0,,,,0,1,1741352148000000000
639,2025-02-10 12:57:10,Ads,USA,3,13.5,1,3.0,2025-02-13 12:57:10,1,8.0,2025-02-18 12:57:10,Basic,50,0,
640,2025-01-30 21:15:15,Ads,Germany,6,18.0,1,3.0,2025-02-02 21:15:15,0,,,,0,0,
641,2025-03-07 23:00:48,Ads,India,4,12.0,0,,,0,,,,0,1,1745967648000000000
642,2025-03-30 15:25:49,Referral,USA,5,10.0,0,,,0,,,,0,1,1748359549000000000
643,2025-01-13 19:41:17,Ads,India,4,12.0,0,,,0,,,,0,1,1739389277000000000
644,2025-03-08 10:07:32,Organic,India,6,27.0,1,1.0,2025-03-09 10:07:32,0,,,,0,0,
645,2025-01-04 08:13:10,Ads,India,6,27.0,1,1.0,2025-01-05 08:13:10,0,,,,0,1,1737619990000000000
646,2025-02-28 20:28:41,Organic,USA,10,60.0,1,1.0,2025-03-01 20:28:41,0,,,,0,1,1745008121000000000
647,2025-01-31 14:34:49,Organic,Canada,5,22.5,1,1.0,2025-02-01 14:34:49,1,7.0,2025-02-07 14:34:49,Basic,50,0,
648,2025-01-17 07:20:36,Organic,India,3,13.5,1,2.0,2025-01-19 07:20:36,0,,,,0,1,1740554436000000000
649,2025-01-19 23:54:09,Ads,USA,7,21.0,1,2.0,2025-01-21 23:54:09,0,,,,0,1,1739318049000000000
650,2025-02-26 01:45:23,Referral,USA,3,12.0,0,,,0,,,,0,0,
651,2025-03-19 20:00:30,Organic,USA,4,8.0,0,,,0,,,,0,0,
652,2025-03-23 03:50:33,Organic,Germany,4,12.0,0,,,0,,,,0,0,
653,2025-02-12 17:55:05,Organic,India,3,9.0,0,,,1,7.0,2025-02-19 17:55:05,Basic,50,0,
654,2025-02-28 19:32:09,Ads,India,10,45.0,1,1.0,2025-03-01 19:32:09,0,,,,0,0,
655,2025-02-21 16:37:51,Organic,India,5,30.0,1,2.0,2025-02-23 16:37:51,1,10.0,2025-03-03 16:37:51,Pro,120,0,
656,2025-02-20 18:12:16,Organic,Canada,7,21.0,1,2.0,2025-02-22 18:12:16,0,,,,0,1,1742148736000000000
657,2025-01-16 15:44:55,Organic,Germany,7,42.0,1,1.0,2025-01-17 15:44:55,0,,,,0,1,1738597495000000000
658,2025-01-25 09:11:32,Organic,India,5,22.5,1,3.0,2025-01-28 09:11:32,0,,,,0,0,
659,2025-01-19 09:27:08,Organic,India,4,8.0,0,,,0,,,,0,1,1738834028000000000
660,2025-02-11 00:19:15,Ads,USA,6,18.0,0,,,0,,,,0,1,1743725955000000000
661,2025-01-31 15:51:43,Organic,UK,4,18.0,1,2.0,2025-02-02 15:51:43,0,,,,0,1,1740325903000000000
662,2025-01-13 17:42:47,Ads,USA,3,18.0,1,3.0,2025-01-16 17:42:47,0,,,,0,1,1740937367000000000
663,2025-01-27 10:58:23,Organic,Germany,5,22.5,1,3.0,2025-01-30 10:58:23,0,,,,0,0,
664,2025-02-14 08:27:45,Organic,Canada,5,22.5,1,2.0,2025-02-16 08:27:45,0,,,,0,1,1743409665000000000
665,2025-02-25 17:01:36,Organic,Canada,3,9.0,0,,,1,9.0,2025-03-06 17:01:36,Basic,50,0,
666,2025-01-01 13:38:35,Ads,USA,5,15.0,0,,,0,,,,0,1,1739799515000000000
667,2025-03-23 10:10:39,Referral,India,4,8.0,0,,,0,,,,0,1,1745057439000000000
668,2025-02-08 15:08:10,Referral,UK,8,24.0,0,,,0,,,,0,1,1741187290000000000
669,2025-01-09 08:29:07,Ads,USA,1,6.0,1,3.0,2025-01-12 08:29:07,0,,,,0,1,1740817747000000000
670,2025-03-04 09:47:03,Organic,India,4,16.0,0,,,0,,,,0,1,1745315223000000000
671,2025-03-10 22:51:55,Referral,India,4,8.0,0,,,0,,,,0,0,
672,2025-03-14 03:19:13,Ads,USA,4,18.0,1,3.0,2025-03-17 03:19:13,0,,,,0,1,1744687153000000000
673,2025-02-24 18:02:10,Organic,USA,7,42.0,1,1.0,2025-02-25 18:02:10,0,,,,0,0,
674,2025-02-05 07:10:51,Referral,USA,2,12.0,1,2.0,2025-02-07 07:10:51,0,,,,0,1,1743318651000000000
675,2025-03-18 21:54:40,Organic,India,1,6.0,1,1.0,2025-03-19 21:54:40,0,,,,0,0,
676,2025-03-02 17:28:00,Organic,USA,5,22.5,1,3.0,2025-03-05 17:28:00,0,,,,0,1,1742578080000000000
677,2025-02-02 16:11:40,Organic,India,7,21.0,1,3.0,2025-02-05 16:11:40,0,,,,0,1,1743351100000000000
678,2025-02-04 13:03:46,Organic,UK,4,12.0,1,1.0,2025-02-05 13:03:46,0,,,,0,1,1740402226000000000
679,2025-01-17 06:05:30,Ads,USA,7,21.0,1,2.0,2025-01-19 06:05:30,0,,,,0,1,1738821930000000000
680,2025-01-03 21:51:32,Organic,Canada,11,44.0,0,,,0,,,,0,0,
681,2025-02-16 17:04:11,Organic,UK,3,6.0,0,,,0,,,,0,0,
682,2025-03-08 11:06:42,Organic,UK,4,24.0,1,1.0,2025-03-09 11:06:42,0,,,,0,1,1745147202000000000
683,2025-01-06 16:24:32,Ads,UK,3,6.0,0,,,0,,,,0,1,1739204672000000000
684,2025-01-13 13:54:40,Ads,USA,5,30.0,1,3.0,2025-01-16 13:54:40,0,,,,0,1,1741874080000000000
685,2025-02-24 09:21:43,Organic,India,3,9.0,0,,,0,,,,0,1,1742289703000000000
686,2025-02-22 09:11:37,Organic,UK,9,36.0,0,,,0,,,,0,0,
687,2025-03-21 20:18:50,Organic,USA,6,18.0,1,3.0,2025-03-24 20:18:50,0,,,,0,0,
688,2025-01-24 19:02:03,Referral,USA,6,24.0,0,,,0,,,,0,1,1742583723000000000
689,2025-01-27 00:43:08,Organic,India,6,18.0,0,,,0,,,,0,0,
690,2025-02-19 19:20:44,Organic,Germany,9,27.0,1,2.0,2025-02-21 19:20:44,0,,,,0,1,1742325644000000000
691,2025-03-26 10:23:07,Organic,India,6,27.0,1,3.0,2025-03-29 10:23:07,0,,,,0,1,1746872587000000000
692,2025-02-28 02:13:50,Ads,India,10,30.0,1,1.0,2025-03-01 02:13:50,0,,,,0,1,1744769630000000000
693,2025-01-16 05:01:33,Ads,Germany,8,36.0,1,1.0,2025-01-17 05:01:33,0,,,,0,1,1740978093000000000
694,2025-02-01 23:57:53,Organic,Canada,3,6.0,0,,,0,,,,0,0,
695,2025-02-04 10:44:02,Organic,India,7,21.0,0,,,0,,,,0,1,1741430642000000000
696,2025-02-23 00:14:41,Organic,Germany,0,0.0,1,1.0,2025-02-24 00:14:41,1,14.0,2025-03-09 00:14:41,Basic,50,0,
697,2025-03-09 21:52:34,Referral,India,2,12.0,1,1.0,2025-03-10 21:52:34,1,12.0,2025-03-21 21:52:34,Basic,50,0,
698,2025-01-31 15:46:30,Referral,UK,3,13.5,1,2.0,2025-02-02 15:46:30,0,,,,0,1,1743435990000000000
699,2025-02-13 13:17:04,Ads,USA,6,12.0,0,,,0,,,,0,0,
700,2025-03-12 21:00:09,Ads,USA,5,15.0,1,2.0,2025-03-14 21:00:09,0,,,,0,0,
701,2025-01-31 15:13:11,Organic,UK,6,24.0,0,,,1,11.0,2025-02-11 15:13:11,Basic,50,0,
702,2025-02-01 08:48:28,Ads,India,3,13.5,1,1.0,2025-02-02 08:48:28,0,,,,0,0,
703,2025-02-25 22:32:57,Ads,India,6,18.0,1,2.0,2025-02-27 22:32:57,0,,,,0,1,1744237977000000000
704,2025-03-30 20:38:49,Organic,UK,4,12.0,1,1.0,2025-03-31 20:38:49,0,,,,0,0,
705,2025-02-08 19:33:17,Referral,India,5,20.0,0,,,0,,,,0,1,1743103997000000000
706,2025-01-01 18:19:13,Organic,Germany,7,42.0,1,3.0,2025-01-04 18:19:13,0,,,,0,0,
707,2025-02-16 04:13:38,Organic,USA,8,36.0,1,2.0,2025-02-18 04:13:38,0,,,,0,0,
708,2025-01-31 01:31:20,Ads,India,5,15.0,0,,,0,,,,0,1,1741311080000000000
709,2025-02-18 13:59:31,Ads,UK,4,24.0,1,3.0,2025-02-21 13:59:31,0,,,,0,0,
710,2025-03-15 18:36:41,Ads,India,8,36.0,1,3.0,2025-03-18 18:36:41,0,,,,0,1,1744483001000000000
711,2025-03-12 19:41:40,Organic,India,7,42.0,1,3.0,2025-03-15 19:41:40,1,11.0,2025-03-23 19:41:40,Pro,120,0,
712,2025-02-03 19:41:37,Referral,USA,2,12.0,1,1.0,2025-02-04 19:41:37,0,,,,0,0,
713,2025-01-02 19:39:24,Ads,Germany,3,9.0,1,2.0,2025-01-04 19:39:24,1,7.0,2025-01-09 19:39:24,Basic,50,1,1737574764000000000
714,2025-02-24 17:52:10,Organic,USA,7,31.5,1,3.0,2025-02-27 17:52:10,0,,,,0,1,1742233930000000000
715,2025-01-26 19:03:56,Referral,India,4,8.0,0,,,0,,,,0,0,
716,2025-01-07 03:43:51,Ads,USA,6,36.0,1,2.0,2025-01-09 03:43:51,0,,,,0,0,
717,2025-02-04 14:24:35,Organic,India,8,48.0,1,2.0,2025-02-06 14:24:35,0,,,,0,0,
718,2025-02-07 02:40:20,Ads,India,4,12.0,0,,,0,,,,0,1,1743648020000000000
719,2025-02-08 22:58:04,Organic,Canada,2,6.0,0,,,0,,,,0,1,1742338684000000000
720,2025-02-09 00:02:00,Organic,Germany,8,32.0,0,,,0,,,,0,0,
721,2025-02-24 12:37:55,Organic,India,9,54.0,1,2.0,2025-02-26 12:37:55,0,,,,0,0,
722,2025-03-24 10:25:13,Referral,USA,2,9.0,1,3.0,2025-03-27 10:25:13,0,,,,0,1,1746354313000000000
723,2025-03-21 08:01:40,Organic,Germany,2,12.0,1,2.0,2025-03-23 08:01:40,0,,,,0,1,1745740900000000000
724,2025-01-31 13:25:28,Ads,India,6,27.0,1,3.0,2025-02-03 13:25:28,1,11.0,2025-02-11 13:25:28,Basic,50,0,
725,2025-01-08 23:58:15,Organic,India,3,9.0,1,3.0,2025-01-11 23:58:15,1,8.0,2025-01-16 23:58:15,Pro,120,0,
726,2025-01-10 15:35:27,Ads,Germany,8,24.0,1,1.0,2025-01-11 15:35:27,0,,,,0,1,1740929727000000000
727,2025-03-26 19:07:14,Ads,UK,4,16.0,0,,,0,,,,0,0,
728,2025-01-14 11:02:08,Ads,India,4,24.0,1,3.0,2025-01-17 11:02:08,0,,,,0,1,1740740528000000000
729,2025-02-28 14:36:18,Organic,India,8,36.0,1,1.0,2025-03-01 14:36:18,0,,,,0,1,1744727778000000000
730,2025-01-26 06:25:51,Ads,India,5,22.5,1,3.0,2025-01-29 06:25:51,1,11.0,2025-02-06 06:25:51,Pro,120,1,1740896751000000000
731,2025-02-06 14:48:03,Referral,USA,2,6.0,1,1.0,2025-02-07 14:48:03,0,,,,0,0,
732,2025-02-15 22:46:41,Ads,UK,6,36.0,1,2.0,2025-02-17 22:46:41,0,,,,0,1,1741906001000000000
733,2025-01-01 19:37:20,Organic,USA,3,9.0,1,2.0,2025-01-03 19:37:20,0,,,,0,1,1738265840000000000
734,2025-02-20 19:41:26,Referral,USA,10,45.0,1,1.0,2025-02-21 19:41:26,1,8.0,2025-02-28 19:41:26,Basic,50,0,
735,2025-01-24 03:49:51,Organic,India,6,36.0,1,3.0,2025-01-27 03:49:51,1,8.0,2025-02-01 03:49:51,Pro,120,0,
736,2025-02-17 17:04:23,Ads,India,5,22.5,1,2.0,2025-02-19 17:04:23,0,,,,0,0,
737,2025-02-23 04:21:17,Referral,India,6,12.0,0,,,0,,,,0,1,1743740477000000000
738,2025-03-07 14:36:15,Organic,Canada,3,12.0,0,,,0,,,,0,1,1746369375000000000
739,2025-02-19 06:09:40,Organic,USA,10,45.0,1,3.0,2025-02-22 06:09:40,1,6.0,2025-02-25 06:09:40,Basic,50,0,
740,2025-01-16 16:32:11,Organic,India,2,9.0,1,1.0,2025-01-17 16:32:11,1,10.0,2025-01-26 16:32:11,Pro,120,0,
741,2025-03-04 14:49:20,Ads,USA,2,4.0,0,,,0,,,,0,1,1743518960000000000
742,2025-01-08 19:38:30,Ads,Canada,4,12.0,1,2.0,2025-01-10 19:38:30,0,,,,0,1,1737747510000000000
743,2025-02-13 07:13:16,Organic,USA,6,36.0,1,3.0,2025-02-16 07:13:16,1,8.0,2025-02-21 07:13:16,Basic,50,0,
744,2025-03-22 21:41:42,Organic,India,4,12.0,1,3.0,2025-03-25 21:41:42,1,7.0,2025-03-29 21:41:42,Pro,120,0,
745,2025-02-01 15:31:36,Organic,India,2,9.0,1,3.0,2025-02-04 15:31:36,0,,,,0,0,
746,2025-03-19 14:47:04,Organic,India,7,42.0,1,1.0,2025-03-20 14:47:04,0,,,,0,1,1745333224000000000
747,2025-02-08 13:31:09,Organic,Canada,5,22.5,1,1.0,2025-02-09 13:31:09,0,,,,0,1,1742131869000000000
748,2025-01-11 09:32:00,Referral,USA,9,54.0,1,1.0,2025-01-12 09:32:00,0,,,,0,0,
749,2025-02-25 21:24:00,Organic,UK,5,22.5,1,2.0,2025-02-27 21:24:00,0,,,,0,0,
750,2025-03-08 21:59:25,Referral,Canada,8,24.0,1,3.0,2025-03-11 21:59:25,0,,,,0,0,
751,2025-01-24 05:40:35,Ads,Germany,9,18.0,0,,,1,8.0,2025-02-01 05:40:35,Basic,50,0,
752,2025-01-15 04:43:27,Organic,India,7,42.0,1,3.0,2025-01-18 04:43:27,0,,,,0,1,1741063407000000000
753,2025-02-17 00:52:40,Ads,India,3,13.5,1,1.0,2025-02-18 00:52:40,0,,,,0,1,1741049560000000000
754,2025-03-26 00:31:17,Ads,USA,5,10.0,0,,,0,,,,0,0,
755,2025-02-07 18:55:08,Organic,India,5,15.0,1,2.0,2025-02-09 18:55:08,0,,,,0,1,1740509708000000000
756,2025-02-19 07:28:58,Organic,UK,4,12.0,1,2.0,2025-02-21 07:28:58,0,,,,0,1,1741418938000000000
757,2025-01-19 16:00:18,Organic,Canada,4,24.0,1,2.0,2025-01-21 16:00:18,0,,,,0,0,
758,2025-01-27 08:05:04,Organic,UK,4,8.0,0,,,0,,,,0,1,1741248304000000000
759,2025-02-07 07:53:07,Organic,India,5,22.5,1,3.0,2025-02-10 07:53:07,0,,,,0,0,
760,2025-02-23 06:58:19,Organic,India,11,66.0,1,3.0,2025-02-26 06:58:19,0,,,,0,1,1742367499000000000
761,2025-03-17 01:47:40,Organic,India,4,16.0,0,,,0,,,,0,1,1745632060000000000
762,2025-02-23 22:34:16,Organic,Canada,4,24.0,1,3.0,2025-02-26 22:34:16,0,,,,0,0,
763,2025-03-13 14:00:50,Organic,India,4,24.0,1,1.0,2025-03-14 14:00:50,0,,,,0,1,1746799250000000000
764,2025-03-13 17:28:43,Organic,India,4,24.0,1,3.0,2025-03-16 17:28:43,0,,,,0,0,
765,2025-03-11 01:48:56,Organic,India,5,30.0,1,2.0,2025-03-13 01:48:56,0,,,,0,0,
766,2025-02-17 10:28:22,Referral,Germany,2,6.0,1,3.0,2025-02-20 10:28:22,1,7.0,2025-02-24 10:28:22,Pro,120,0,
767,2025-03-27 15:19:55,Organic,UK,6,36.0,1,3.0,2025-03-30 15:19:55,0,,,,0,0,
768,2025-02-11 21:59:41,Ads,Germany,12,36.0,1,3.0,2025-02-14 21:59:41,0,,,,0,0,
769,2025-02-19 03:30:38,Organic,UK,6,27.0,1,1.0,2025-02-20 03:30:38,0,,,,0,0,
770,2025-03-11 00:25:35,Referral,USA,6,18.0,1,3.0,2025-03-14 00:25:35,0,,,,0,0,
771,2025-01-05 22:12:03,Organic,India,7,42.0,1,1.0,2025-01-06 22:12:03,0,,,,0,1,1739743923000000000
772,2025-02-28 06:33:54,Referral,India,6,27.0,1,3.0,2025-03-03 06:33:54,0,,,,0,0,
773,2025-02-11 15:57:45,Ads,USA,6,24.0,0,,,0,,,,0,1,1741708665000000000
774,2025-02-18 14:36:30,Organic,Canada,4,24.0,1,1.0,2025-02-19 14:36:30,0,,,,0,1,1743086190000000000
775,2025-03-04 07:04:47,Referral,India,7,42.0,1,2.0,2025-03-06 07:04:47,0,,,,0,1,1744095887000000000
776,2025-02-28 15:40:36,Ads,India,4,12.0,1,2.0,2025-03-02 15:40:36,1,10.0,2025-03-10 15:40:36,Pro,120,0,
777,2025-01-13 00:44:18,Organic,USA,6,27.0,1,2.0,2025-01-15 00:44:18,0,,,,0,0,
778,2025-02-13 16:00:11,Ads,India,4,12.0,0,,,0,,,,0,1,1743177611000000000
779,2025-01-27 19:42:16,Referral,USA,4,12.0,0,,,0,,,,0,1,1740598936000000000
780,2025-02-18 03:40:35,Organic,India,7,21.0,1,1.0,2025-02-19 03:40:35,0,,,,0,0,
781,2025-02-01 23:40:42,Organic,India,2,6.0,1,1.0,2025-02-02 23:40:42,1,11.0,2025-02-12 23:40:42,Basic,50,0,
782,2025-01-21 22:44:51,Ads,India,2,6.0,1,3.0,2025-01-24 22:44:51,0,,,,0,0,
783,2025-02-13 20:19:00,Ads,USA,10,30.0,1,2.0,2025-02-15 20:19:00,1,12.0,2025-02-25 20:19:00,Basic,50,0,
784,2025-01-29 00:11:02,Referral,USA,6,27.0,1,2.0,2025-01-31 00:11:02,0,,,,0,0,
785,2025-01-03 06:56:15,Ads,India,4,8.0,0,,,0,,,,0,1,1738738575000000000
786,2025-01-28 14:54:48,Organic,Canada,4,16.0,0,,,0,,,,0,1,1739631288000000000
787,2025-01-10 02:44:54,Referral,India,3,13.5,1,3.0,2025-01-13 02:44:54,0,,,,0,1,1738118694000000000
788,2025-03-09 17:20:44,Organic,India,2,6.0,1,3.0,2025-03-12 17:20:44,1,12.0,2025-03-21 17:20:44,Basic,50,0,
789,2025-03-03 17:17:40,Organic,USA,2,6.0,1,2.0,2025-03-05 17:17:40,0,,,,0,0,
790,2025-01-14 21:39:53,Ads,India,6,36.0,1,2.0,2025-01-16 21:39:53,0,,,,0,1,1741210793000000000
791,2025-03-21 03:17:13,Ads,USA,3,18.0,1,1.0,2025-03-22 03:17:13,0,,,,0,1,1744255033000000000
792,2025-02-15 15:22:14,Organic,Germany,3,18.0,1,1.0,2025-02-16 15:22:14,0,,,,0,1,1741792934000000000
793,2025-02-04 20:02:38,Ads,UK,0,0.0,0,,,0,,,,0,1,1740686558000000000
794,2025-02-28 20:09:29,Organic,USA,7,21.0,0,,,0,,,,0,0,
795,2025-01-07 04:13:56,Organic,USA,4,16.0,0,,,0,,,,0,1,1741320836000000000
796,2025-02-05 03:59:30,Referral,India,5,20.0,0,,,0,,,,0,1,1740715170000000000
797,2025-02-18 23:40:06,Organic,USA,3,6.0,0,,,0,,,,0,0,
798,2025-02-19 09:46:04,Organic,India,4,16.0,0,,,0,,,,0,0,
799,2025-03-06 21:40:58,Organic,Germany,5,15.0,1,3.0,2025-03-09 21:40:58,0,,,,0,1,1744839658000000000
800,2025-02-07 10:47:38,Referral,India,3,18.0,1,1.0,2025-02-08 10:47:38,0,,,,0,1,1743677258000000000
801,2025-01-21 13:23:23,Organic,USA,3,13.5,1,2.0,2025-01-23 13:23:23,1,13.0,2025-02-03 13:23:23,Basic,50,0,
802,2025-01-27 08:19:20,Organic,Germany,4,12.0,1,1.0,2025-01-28 08:19:20,1,11.0,2025-02-07 08:19:20,Pro,120,0,
803,2025-03-28 17:52:09,Ads,UK,5,10.0,0,,,0,,,,0,1,1745171529000000000
804,2025-02-21 00:30:49,Organic,Germany,5,10.0,0,,,0,,,,0,0,
805,2025-02-21 05:30:19,Organic,USA,2,4.0,0,,,0,,,,0,0,
806,2025-03-23 05:50:08,Ads,India,4,8.0,0,,,0,,,,0,1,1746165008000000000
807,2025-03-17 05:26:20,Organic,Canada,6,36.0,1,1.0,2025-03-18 05:26:20,0,,,,0,1,1747286780000000000
808,2025-01-30 08:03:49,Referral,India,6,36.0,1,2.0,2025-02-01 08:03:49,0,,,,0,0,
809,2025-01-07 02:03:50,Organic,India,10,45.0,1,2.0,2025-01-09 02:03:50,0,,,,0,1,1741053830000000000
810,2025-01-16 10:06:37,Organic,UK,3,12.0,0,,,0,,,,0,1,1738317997000000000
811,2025-03-29 00:17:16,Organic,USA,6,27.0,1,3.0,2025-04-01 00:17:16,0,,,,0,1,1744503436000000000
812,2025-01-25 17:23:53,Organic,Canada,5,15.0,0,,,0,,,,0,1,1742923433000000000
813,2025-01-09 07:30:16,Ads,Germany,5,15.0,1,1.0,2025-01-10 07:30:16,1,14.0,2025-01-23 07:30:16,Basic,50,0,
814,2025-03-18 22:18:25,Organic,Canada,5,22.5,1,2.0,2025-03-20 22:18:25,0,,,,0,0,
815,2025-03-05 05:26:50,Organic,India,1,3.0,0,,,0,,,,0,1,1744349210000000000
816,2025-02-27 20:50:01,Ads,UK,9,40.5,1,3.0,2025-03-02 20:50:01,0,,,,0,1,1744231801000000000
817,2025-01-06 23:41:53,Ads,UK,6,27.0,1,2.0,2025-01-08 23:41:53,0,,,,0,1,1740872513000000000
818,2025-03-05 03:56:52,Organic,Germany,2,6.0,0,,,0,,,,0,1,1743911812000000000
819,2025-03-21 21:43:56,Organic,India,2,4.0,0,,,0,,,,0,1,1744494236000000000
820,2025-02-12 10:04:20,Organic,India,10,45.0,1,3.0,2025-02-15 10:04:20,0,,,,0,0,
821,2025-02-10 01:49:25,Organic,Canada,6,18.0,1,1.0,2025-02-11 01:49:25,1,12.0,2025-02-22 01:49:25,Basic,50,1,1741916965000000000
822,2025-01-16 11:34:42,Organic,India,4,24.0,1,1.0,2025-01-17 11:34:42,0,,,,0,1,1740483282000000000
823,2025-03-03 00:12:55,Ads,USA,3,9.0,0,,,0,,,,0,1,1744675975000000000
824,2025-03-02 20:11:27,Referral,India,7,42.0,1,2.0,2025-03-04 20:11:27,1,14.0,2025-03-16 20:11:27,Basic,50,0,
825,2025-03-16 15:22:40,Organic,USA,7,42.0,1,1.0,2025-03-17 15:22:40,0,,,,0,1,1745248960000000000
826,2025-03-14 06:21:09,Organic,UK,9,40.5,1,1.0,2025-03-15 06:21:09,0,,,,0,1,1744438869000000000
827,2025-01-15 21:24:03,Organic,India,7,42.0,1,1.0,2025-01-16 21:24:03,0,,,,0,0,
828,2025-01-18 17:59:44,Organic,UK,6,18.0,1,1.0,2025-01-19 17:59:44,0,,,,0,0,
829,2025-03-13 18:24:06,Organic,India,5,10.0,0,,,0,,,,0,1,1744050246000000000
830,2025-03-22 19:58:16,Referral,India,5,20.0,0,,,0,,,,0,1,1744487896000000000
831,2025-01-05 13:35:40,Ads,India,5,22.5,1,3.0,2025-01-08 13:35:40,0,,,,0,1,1737812140000000000
832,2025-03-12 20:09:39,Referral,UK,4,24.0,1,1.0,2025-03-13 20:09:39,1,6.0,2025-03-18 20:09:39,Basic,50,0,
833,2025-01-31 06:24:35,Referral,India,5,22.5,1,1.0,2025-02-01 06:24:35,0,,,,0,0,
834,2025-03-04 14:44:21,Organic,USA,6,36.0,1,1.0,2025-03-05 14:44:21,1,8.0,2025-03-12 14:44:21,Basic,50,1,1743950661000000000
835,2025-02-27 03:56:43,Ads,UK,8,36.0,1,1.0,2025-02-28 03:56:43,0,,,,0,1,1742356603000000000
836,2025-03-15 01:08:46,Organic,UK,5,30.0,1,2.0,2025-03-17 01:08:46,0,,,,0,1,1746666526000000000
837,2025-03-01 13:33:06,Organic,USA,2,9.0,1,1.0,2025-03-02 13:33:06,0,,,,0,1,1742650386000000000
838,2025-03-29 07:20:28,Referral,USA,3,12.0,0,,,0,,,,0,1,1747898428000000000
839,2025-02-21 10:09:47,Organic,India,5,22.5,1,3.0,2025-02-24 10:09:47,0,,,,0,1,1744711787000000000
840,2025-03-29 16:05:09,Referral,USA,5,15.0,1,2.0,2025-03-31 16:05:09,1,12.0,2025-04-10 16:05:09,Basic,50,0,
841,2025-01-01 07:26:30,Organic,India,3,9.0,1,3.0,2025-01-04 07:26:30,1,9.0,2025-01-10 07:26:30,Basic,50,0,
842,2025-01-20 13:55:38,Referral,Canada,5,22.5,1,2.0,2025-01-22 13:55:38,1,9.0,2025-01-29 13:55:38,Basic,50,1,1741269338000000000
843,2025-02-03 16:01:13,Referral,Canada,3,13.5,1,3.0,2025-02-06 16:01:13,0,,,,0,1,1742918473000000000
844,2025-01-06 04:32:25,Ads,India,10,30.0,1,1.0,2025-01-07 04:32:25,0,,,,0,1,1740803545000000000
845,2025-01-09 16:04:34,Ads,USA,6,27.0,1,2.0,2025-01-11 16:04:34,1,7.0,2025-01-16 16:04:34,Pro,120,1,1738080274000000000
846,2025-02-12 15:45:01,Organic,Germany,3,6.0,0,,,0,,,,0,0,
847,2025-01-22 18:04:50,Referral,India,3,9.0,1,2.0,2025-01-24 18:04:50,0,,,,0,0,
848,2025-03-27 22:50:20,Referral,UK,7,28.0,0,,,0,,,,0,0,
849,2025-03-20 22:34:52,Ads,India,5,30.0,1,1.0,2025-03-21 22:34:52,0,,,,0,1,1745534092000000000
850,2025-02-14 23:57:37,Ads,USA,8,36.0,1,1.0,2025-02-15 23:57:37,1,7.0,2025-02-21 23:57:37,Basic,50,0,
851,2025-02-27 16:34:05,Ads,Canada,5,15.0,0,,,0,,,,0,0,
852,2025-03-22 07:41:45,Referral,USA,8,24.0,1,3.0,2025-03-25 07:41:45,0,,,,0,0,
853,2025-02-06 18:14:43,Ads,USA,6,18.0,1,1.0,2025-02-07 18:14:43,0,,,,0,1,1740420883000000000
854,2025-03-23 01:09:47,Referral,Germany,6,18.0,1,2.0,2025-03-25 01:09:47,0,,,,0,0,
855,2025-03-20 00:54:31,Ads,UK,8,48.0,1,1.0,2025-03-21 00:54:31,0,,,,0,0,
856,2025-01-17 20:08:28,Organic,UK,8,24.0,1,1.0,2025-01-18 20:08:28,0,,,,0,1,1740514108000000000
857,2025-01-27 02:01:34,Organic,USA,6,24.0,0,,,0,,,,0,1,1742004094000000000
858,2025-02-08 09:59:04,Organic,USA,5,22.5,1,2.0,2025-02-10 09:59:04,0,,,,0,0,
859,2025-01-04 12:44:22,Organic,Canada,3,18.0,1,3.0,2025-01-07 12:44:22,0,,,,0,0,
860,2025-03-09 04:54:26,Organic,Germany,5,15.0,0,,,0,,,,0,1,1746334466000000000
861,2025-03-08 11:43:08,Ads,UK,4,18.0,1,3.0,2025-03-11 11:43:08,0,,,,0,0,
862,2025-02-28 13:49:15,Organic,UK,5,15.0,0,,,0,,,,0,0,
863,2025-03-03 09:28:29,Organic,India,3,12.0,0,,,0,,,,0,0,
864,2025-03-30 18:03:36,Ads,Canada,4,12.0,0,,,0,,,,0,1,1744999416000000000
865,2025-02-27 06:51:39,Referral,UK,6,36.0,1,2.0,2025-03-01 06:51:39,0,,,,0,1,1744354299000000000
866,2025-01-28 15:08:32,Ads,UK,12,72.0,1,2.0,2025-01-30 15:08:32,0,,,,0,1,1742569712000000000
867,2025-02-12 18:06:16,Referral,India,5,22.5,1,3.0,2025-02-15 18:06:16,1,5.0,2025-02-17 18:06:16,Basic,50,1,1740938776000000000
868,2025-03-12 04:08:23,Ads,Germany,8,36.0,1,1.0,2025-03-13 04:08:23,0,,,,0,1,1746245303000000000
869,2025-02-21 00:30:24,Organic,India,9,54.0,1,3.0,2025-02-24 00:30:24,0,,,,0,1,1744417824000000000
870,2025-02-16 16:58:13,Ads,India,5,22.5,1,2.0,2025-02-18 16:58:13,0,,,,0,1,1741193893000000000
871,2025-02-09 05:15:32,Ads,UK,6,18.0,1,2.0,2025-02-11 05:15:32,0,,,,0,1,1743916532000000000
872,2025-01-17 11:59:01,Organic,UK,6,18.0,0,,,0,,,,0,0,
873,2025-03-08 00:22:17,Organic,India,0,0.0,0,,,0,,,,0,1,1745540537000000000
874,2025-01-22 15:50:03,Ads,UK,5,15.0,1,3.0,2025-01-25 15:50:03,0,,,,0,1,1738943403000000000
875,2025-03-08 12:29:32,Organic,India,4,24.0,1,3.0,2025-03-11 12:29:32,0,,,,0,0,
876,2025-02-26 02:44:47,Ads,India,2,9.0,1,1.0,2025-02-27 02:44:47,0,,,,0,0,
877,2025-03-07 11:53:16,Organic,India,6,12.0,0,,,0,,,,0,1,1745236396000000000
878,2025-01-10 12:04:12,Ads,Canada,5,15.0,1,3.0,2025-01-13 12:04:12,0,,,,0,0,
879,2025-01-21 21:59:10,Ads,India,4,16.0,0,,,0,,,,0,1,1739829550000000000
880,2025-01-26 18:08:20,Organic,India,6,36.0,1,1.0,2025-01-27 18:08:20,0,,,,0,1,1742839700000000000
881,2025-01-22 11:26:07,Organic,UK,3,18.0,1,1.0,2025-01-23 11:26:07,0,,,,0,1,1739273167000000000
882,2025-01-18 18:20:37,Ads,USA,10,30.0,1,1.0,2025-01-19 18:20:37,0,,,,0,1,1738952437000000000
883,2025-02-10 12:34:28,Referral,UK,6,36.0,1,2.0,2025-02-12 12:34:28,1,5.0,2025-02-15 12:34:28,Basic,50,0,
884,2025-02-08 15:20:42,Referral,Canada,5,22.5,1,1.0,2025-02-09 15:20:42,1,9.0,2025-02-17 15:20:42,Basic,50,0,
885,2025-02-27 00:23:23,Organic,Canada,6,27.0,1,2.0,2025-03-01 00:23:23,0,,,,0,1,1744244603000000000
886,2025-03-18 02:28:52,Ads,India,4,12.0,0,,,0,,,,0,1,1745807332000000000
887,2025-02-21 13:14:11,Organic,USA,5,15.0,1,1.0,2025-02-22 13:14:11,0,,,,0,0,
888,2025-02-25 16:05:54,Organic,UK,3,18.0,1,3.0,2025-02-28 16:05:54,1,6.0,2025-03-03 16:05:54,Pro,120,1,1744560354000000000
889,2025-01-05 21:39:30,Organic,India,5,15.0,1,2.0,2025-01-07 21:39:30,0,,,,0,1,1740951570000000000
890,2025-01-28 11:12:19,Ads,India,4,8.0,0,,,0,,,,0,0,
891,2025-03-02 10:30:16,Organic,USA,3,18.0,1,1.0,2025-03-03 10:30:16,0,,,,0,1,1743244216000000000
892,2025-03-22 04:56:49,Organic,India,6,27.0,1,2.0,2025-03-24 04:56:49,1,7.0,2025-03-29 04:56:49,Pro,120,0,
893,2025-01-10 22:22:38,Ads,Germany,4,12.0,1,3.0,2025-01-13 22:22:38,1,6.0,2025-01-16 22:22:38,Basic,50,1,1740003758000000000
894,2025-01-25 11:26:32,Ads,UK,3,18.0,1,1.0,2025-01-26 11:26:32,0,,,,0,1,1741346792000000000
895,2025-01-01 14:35:28,Organic,India,5,22.5,1,3.0,2025-01-04 14:35:28,1,14.0,2025-01-15 14:35:28,Basic,50,1,1739370928000000000
896,2025-01-22 16:23:41,Organic,India,4,16.0,0,,,0,,,,0,0,
897,2025-03-17 19:37:50,Organic,Germany,1,4.0,0,,,0,,,,0,1,1745437070000000000
898,2025-03-12 09:25:50,Organic,India,3,13.5,1,1.0,2025-03-13 09:25:50,1,11.0,2025-03-23 09:25:50,Basic,50,0,
899,2025-03-26 01:08:16,Ads,UK,5,22.5,1,1.0,2025-03-27 01:08:16,1,5.0,2025-03-31 01:08:16,Basic,50,0,
900,2025-01-31 01:44:20,Organic,USA,6,18.0,1,2.0,2025-02-02 01:44:20,0,,,,0,1,1742607860000000000
901,2025-03-22 03:51:17,Ads,Canada,3,9.0,1,3.0,2025-03-25 03:51:17,0,,,,0,1,1744429877000000000
902,2025-01-17 09:37:57,Referral,UK,5,22.5,1,2.0,2025-01-19 09:37:57,0,,,,0,1,1740217077000000000
903,2025-03-11 01:31:46,Organic,India,3,12.0,0,,,0,,,,0,0,
904,2025-02-08 03:31:27,Referral,India,7,21.0,0,,,0,,,,0,1,1741059087000000000
905,2025-02-08 09:43:50,Organic,USA,5,22.5,1,1.0,2025-02-09 09:43:50,0,,,,0,0,
906,2025-01-27 01:45:28,Organic,Germany,4,18.0,1,3.0,2025-01-30 01:45:28,0,,,,0,0,
907,2025-03-01 05:55:22,Organic,India,9,27.0,1,2.0,2025-03-03 05:55:22,1,10.0,2025-03-11 05:55:22,Pro,120,1,1743659722000000000
908,2025-03-24 19:59:07,Organic,USA,2,8.0,0,,,1,5.0,2025-03-29 19:59:07,Basic,50,0,
909,2025-03-25 01:45:45,Organic,India,2,6.0,1,2.0,2025-03-27 01:45:45,0,,,,0,1,1744163145000000000
910,2025-03-01 06:59:43,Organic,Canada,6,12.0,0,,,0,,,,0,1,1744786783000000000
911,2025-03-02 19:25:03,Ads,UK,12,54.0,1,2.0,2025-03-04 19:25:03,0,,,,0,1,1744831503000000000
912,2025-03-21 03:13:11,Referral,India,2,9.0,1,2.0,2025-03-23 03:13:11,0,,,,0,1,1746587591000000000
913,2025-01-29 18:19:55,Ads,India,6,12.0,0,,,0,,,,0,0,
914,2025-03-05 23:49:43,Organic,India,3,13.5,1,2.0,2025-03-07 23:49:43,0,,,,0,0,
915,2025-02-19 07:28:27,Ads,USA,6,24.0,0,,,0,,,,0,1,1744615707000000000
916,2025-03-25 07:10:44,Ads,USA,9,27.0,1,1.0,2025-03-26 07:10:44,0,,,,0,1,1747811444000000000
917,2025-01-02 20:39:35,Referral,India,4,12.0,0,,,0,,,,0,1,1740429575000000000
918,2025-03-27 01:29:29,Referral,Germany,5,15.0,1,1.0,2025-03-28 01:29:29,0,,,,0,1,1745285369000000000
919,2025-01-31 21:04:27,Referral,USA,5,30.0,1,2.0,2025-02-02 21:04:27,0,,,,0,0,
920,2025-01-19 02:14:59,Organic,UK,2,6.0,1,2.0,2025-01-21 02:14:59,0,,,,0,0,
921,2025-02-10 03:43:21,Ads,India,4,12.0,1,1.0,2025-02-11 03:43:21,0,,,,0,1,1740973401000000000
922,2025-03-19 00:47:03,Organic,India,7,14.0,0,,,0,,,,0,1,1744332423000000000
923,2025-03-30 23:14:01,Referral,USA,5,22.5,1,3.0,2025-04-02 23:14:01,0,,,,0,0,
924,2025-02-13 16:50:03,Organic,UK,5,15.0,1,2.0,2025-02-15 16:50:03,0,,,,0,1,1743612603000000000
925,2025-03-22 18:32:17,Organic,USA,6,18.0,0,,,0,,,,0,0,
926,2025-01-16 13:20:27,Organic,Canada,5,22.5,1,1.0,2025-01-17 13:20:27,0,,,,0,1,1739020827000000000
927,2025-03-19 16:27:07,Ads,USA,3,9.0,1,1.0,2025-03-20 16:27:07,1,13.0,2025-04-01 16:27:07,Pro,120,0,
928,2025-02-18 05:21:40,Organic,India,5,10.0,0,,,0,,,,0,0,
929,2025-03-28 10:10:48,Organic,Germany,6,18.0,1,3.0,2025-03-31 10:10:48,1,12.0,2025-04-09 10:10:48,Basic,50,0,
930,2025-01-10 03:47:47,Referral,USA,5,15.0,1,3.0,2025-01-13 03:47:47,0,,,,0,1,1738727267000000000
931,2025-01-06 18:12:42,Referral,India,5,15.0,1,2.0,2025-01-08 18:12:42,0,,,,0,1,1740334362000000000
932,2025-02-14 13:04:53,Organic,India,9,18.0,0,,,0,,,,0,0,
933,2025-02-22 23:43:58,Organic,UK,6,18.0,1,1.0,2025-02-23 23:43:58,0,,,,0,1,1742255038000000000
934,2025-02-16 17:36:16,Referral,Canada,4,12.0,0,,,0,,,,0,1,1743615376000000000
935,2025-01-24 04:42:48,Referral,India,5,30.0,1,2.0,2025-01-26 04:42:48,1,7.0,2025-01-31 04:42:48,Basic,50,1,1742359368000000000
936,2025-02-16 10:08:32,Ads,India,7,42.0,1,3.0,2025-02-19 10:08:32,1,5.0,2025-02-21 10:08:32,Pro,120,0,
937,2025-02-22 05:15:32,Ads,UK,6,36.0,1,2.0,2025-02-24 05:15:32,1,8.0,2025-03-02 05:15:32,Basic,50,1,1744521332000000000
938,2025-03-06 09:01:07,Organic,Germany,6,24.0,0,,,0,,,,0,1,1743325267000000000
939,2025-03-02 14:46:36,Referral,India,4,18.0,1,1.0,2025-03-03 14:46:36,0,,,,0,1,1742222796000000000
940,2025-02-26 13:00:11,Ads,Canada,6,24.0,0,,,0,,,,0,1,1743512411000000000
941,2025-03-12 21:45:19,Ads,India,5,15.0,1,2.0,2025-03-14 21:45:19,0,,,,0,1,1744667119000000000
942,2025-01-26 05:33:16,Organic,India,7,31.5,1,1.0,2025-01-27 05:33:16,0,,,,0,1,1740202396000000000
943,2025-01-19 12:33:16,Referral,India,7,42.0,1,3.0,2025-01-22 12:33:16,0,,,,0,0,
944,2025-02-08 07:45:49,Ads,India,2,8.0,0,,,0,,,,0,1,1742715949000000000
945,2025-01-02 10:00:02,Organic,India,9,36.0,0,,,0,,,,0,0,
946,2025-01-14 12:03:08,Ads,Germany,7,28.0,0,,,0,,,,0,1,1739361788000000000
947,2025-02-23 14:56:05,Ads,India,6,36.0,1,2.0,2025-02-25 14:56:05,0,,,,0,1,1742914565000000000
948,2025-01-29 21:21:21,Ads,India,4,24.0,1,3.0,2025-02-01 21:21:21,0,,,,0,1,1741814481000000000
949,2025-01-31 23:46:58,Ads,India,5,22.5,1,3.0,2025-02-03 23:46:58,1,10.0,2025-02-10 23:46:58,Pro,120,1,1742514418000000000
950,2025-02-25 04:26:39,Ads,UK,3,6.0,0,,,0,,,,0,1,1742876799000000000
951,2025-02-23 21:51:00,Referral,Germany,3,18.0,1,1.0,2025-02-24 21:51:00,1,5.0,2025-02-28 21:51:00,Basic,50,0,
952,2025-01-07 15:47:58,Organic,India,8,48.0,1,1.0,2025-01-08 15:47:58,0,,,,0,1,1739375278000000000
953,2025-03-02 00:58:00,Organic,USA,4,24.0,1,3.0,2025-03-05 00:58:00,0,,,,0,1,1743728280000000000
954,2025-01-14 15:14:09,Organic,India,5,22.5,1,1.0,2025-01-15 15:14:09,1,6.0,2025-01-20 15:14:09,Basic,50,0,
955,2025-02-05 15:36:41,Ads,USA,6,36.0,1,1.0,2025-02-06 15:36:41,0,,,,0,0,
956,2025-02-24 01:51:51,Ads,India,4,12.0,0,,,0,,,,0,0,
957,2025-03-24 14:13:49,Referral,USA,4,18.0,1,1.0,2025-03-25 14:13:49,0,,,,0,1,1744553629000000000
958,2025-02-11 05:38:57,Ads,UK,4,12.0,1,3.0,2025-02-14 05:38:57,0,,,,0,1,1742449137000000000
959,2025-02-10 02:20:42,Ads,USA,4,18.0,1,1.0,2025-02-11 02:20:42,0,,,,0,1,1740968442000000000
960,2025-01-15 18:05:32,Referral,India,6,18.0,1,1.0,2025-01-16 18:05:32,0,,,,0,1,1740506732000000000
961,2025-02-08 08:44:52,Organic,India,4,24.0,1,2.0,2025-02-10 08:44:52,1,13.0,2025-02-21 08:44:52,Pro,120,0,
962,2025-02-18 12:49:58,Referral,USA,5,20.0,0,,,0,,,,0,0,
963,2025-02-24 15:00:07,Organic,USA,5,20.0,0,,,0,,,,0,1,1745247607000000000
964,2025-03-14 17:51:28,Ads,India,7,42.0,1,3.0,2025-03-17 17:51:28,0,,,,0,1,1746985888000000000
965,2025-01-13 20:26:29,Ads,Canada,2,6.0,0,,,1,10.0,2025-01-23 20:26:29,Pro,120,0,
966,2025-01-01 07:41:52,Ads,USA,2,4.0,0,,,0,,,,0,0,
967,2025-02-17 03:00:47,Organic,India,6,18.0,0,,,0,,,,0,1,1742612447000000000
968,2025-02-15 06:55:42,Organic,India,4,24.0,1,2.0,2025-02-17 06:55:42,1,8.0,2025-02-23 06:55:42,Basic,50,0,
969,2025-01-02 07:20:16,Ads,Germany,5,22.5,1,3.0,2025-01-05 07:20:16,0,,,,0,1,1740468016000000000
970,2025-03-28 10:40:10,Referral,India,2,8.0,0,,,1,6.0,2025-04-03 10:40:10,Basic,50,1,1744713610000000000
971,2025-01-19 22:12:36,Organic,Germany,3,9.0,1,1.0,2025-01-20 22:12:36,0,,,,0,0,
972,2025-03-18 03:03:53,Referral,USA,5,22.5,1,1.0,2025-03-19 03:03:53,0,,,,0,1,1746327833000000000
973,2025-01-02 13:33:50,Organic,India,7,14.0,0,,,0,,,,0,0,
974,2025-01-21 10:43:36,Ads,UK,6,27.0,1,2.0,2025-01-23 10:43:36,0,,,,0,1,1742121816000000000
975,2025-02-27 21:10:45,Ads,India,8,24.0,1,2.0,2025-03-01 21:10:45,1,12.0,2025-03-11 21:10:45,Basic,50,1,1744319445000000000
976,2025-02-21 15:50:18,Ads,India,2,6.0,0,,,0,,,,0,0,
977,2025-01-17 00:13:14,Referral,India,4,18.0,1,2.0,2025-01-19 00:13:14,1,6.0,2025-01-23 00:13:14,Pro,120,0,
978,2025-02-05 21:29:20,Ads,Canada,6,36.0,1,2.0,2025-02-07 21:29:20,1,6.0,2025-02-11 21:29:20,Basic,50,1,1740259760000000000
979,2025-01-22 18:39:08,Ads,USA,7,31.5,1,3.0,2025-01-25 18:39:08,0,,,,0,1,1742409548000000000
980,2025-02-20 07:09:20,Organic,India,4,12.0,1,3.0,2025-02-23 07:09:20,1,11.0,2025-03-03 07:09:20,Basic,50,0,
981,2025-03-24 19:09:28,Organic,India,7,21.0,1,3.0,2025-03-27 19:09:28,0,,,,0,0,
982,2025-02-07 15:08:18,Organic,USA,6,18.0,1,1.0,2025-02-08 15:08:18,1,9.0,2025-02-16 15:08:18,Basic,50,0,
983,2025-02-21 16:19:10,Ads,India,10,60.0,1,2.0,2025-02-23 16:19:10,0,,,,0,1,1744042750000000000
984,2025-01-01 00:06:44,Organic,India,9,27.0,1,1.0,2025-01-02 00:06:44,0,,,,0,1,1737850004000000000
985,2025-03-25 21:51:43,Organic,India,4,24.0,1,2.0,2025-03-27 21:51:43,0,,,,0,1,1745185903000000000
986,2025-02-26 16:26:30,Organic,USA,4,12.0,1,3.0,2025-03-01 16:26:30,1,11.0,2025-03-09 16:26:30,Basic,50,1,1741969590000000000
987,2025-03-13 15:19:33,Organic,India,2,12.0,1,1.0,2025-03-14 15:19:33,0,,,,0,0,
988,2025-01-16 07:38:03,Organic,USA,6,12.0,0,,,0,,,,0,1,1741505883000000000
989,2025-01-20 22:25:20,Referral,UK,3,18.0,1,3.0,2025-01-23 22:25:20,1,11.0,2025-01-31 22:25:20,Basic,50,0,
990,2025-02-26 19:49:24,Ads,Germany,8,24.0,0,,,0,,,,0,1,1745610564000000000
991,2025-03-25 01:20:30,Ads,UK,5,15.0,1,3.0,2025-03-28 01:20:30,0,,,,0,1,1745198430000000000
992,2025-01-27 23:55:17,Ads,USA,3,12.0,0,,,0,,,,0,1,1741823717000000000
993,2025-02-22 12:18:10,Organic,UK,6,24.0,0,,,0,,,,0,1,1741868290000000000
994,2025-02-06 23:52:20,Referral,Germany,2,8.0,0,,,0,,,,0,1,1742687540000000000
995,2025-02-27 22:05:10,Organic,USA,7,42.0,1,3.0,2025-03-02 22:05:10,0,,,,0,1,1743804310000000000
996,2025-03-12 01:20:36,Organic,USA,3,9.0,1,2.0,2025-03-14 01:20:36,0,,,,0,1,1743211236000000000
997,2025-03-17 03:15:00,Ads,India,4,24.0,1,3.0,2025-03-20 03:15:00,0,,,,0,1,1746501300000000000
998,2025-03-11 21:50:28,Organic,Canada,4,12.0,1,3.0,2025-03-14 21:50:28,1,7.0,2025-03-18 21:50:28,Basic,50,1,1743025828000000000
999,2025-03-02 17:41:29,Ads,India,12,54.0,1,1.0,2025-03-03 17:41:29,0,,,,0,1,1742319689000000000
1000,2025-01-02 21:21:13,Organic,India,5,22.5,1,1.0,2025-01-03 21:21:13,0,,,,0,0,
1001,2025-02-14 14:40:18,Ads,USA,6,27.0,1,3.0,2025-02-17 14:40:18,0,,,,0,0,
1002,2025-03-04 08:30:08,Organic,Canada,2,4.0,0,,,0,,,,0,0,
1003,2025-02-12 06:38:12,Organic,USA,8,36.0,1,2.0,2025-02-14 06:38:12,0,,,,0,1,1743230292000000000
1004,2025-03-07 21:14:53,Ads,UK,10,20.0,0,,,0,,,,0,0,
1005,2025-01-13 14:02:21,Organic,Canada,1,3.0,0,,,0,,,,0,1,1741788141000000000
1006,2025-03-13 16:53:20,Organic,USA,2,6.0,0,,,1,8.0,2025-03-21 16:53:20,Pro,120,0,
1007,2025-02-16 00:47:46,Organic,USA,4,12.0,1,2.0,2025-02-18 00:47:46,0,,,,0,1,1742086066000000000
1008,2025-03-06 08:09:16,Ads,USA,8,36.0,1,2.0,2025-03-08 08:09:16,0,,,,0,1,1744186156000000000
1009,2025-02-05 02:09:16,Ads,Germany,5,10.0,0,,,0,,,,0,1,1740794956000000000
1010,2025-01-10 18:18:43,Organic,UK,5,15.0,1,2.0,2025-01-12 18:18:43,1,5.0,2025-01-15 18:18:43,Basic,50,0,
1011,2025-01-07 07:43:57,Referral,Germany,3,9.0,0,,,0,,,,0,1,1741160637000000000
1012,2025-03-05 00:13:52,Referral,India,6,18.0,1,3.0,2025-03-08 00:13:52,1,11.0,2025-03-16 00:13:52,Pro,120,0,
1013,2025-03-30 10:12:00,Ads,India,5,20.0,0,,,0,,,,0,1,1747649520000000000
1014,2025-02-26 15:46:47,Ads,India,8,32.0,0,,,0,,,,0,1,1744645607000000000
1015,2025-02-16 18:21:19,Organic,USA,4,12.0,0,,,0,,,,0,1,1742754079000000000
1016,2025-01-02 01:36:33,Ads,Canada,3,18.0,1,1.0,2025-01-03 01:36:33,0,,,,0,1,1739151393000000000
1017,2025-02-06 19:51:55,Organic,India,4,18.0,1,3.0,2025-02-09 19:51:55,0,,,,0,1,1742673115000000000
1018,2025-02-24 09:37:34,Organic,India,3,9.0,1,2.0,2025-02-26 09:37:34,0,,,,0,0,
1019,2025-01-14 17:41:27,Referral,India,2,4.0,0,,,0,,,,0,0,
1020,2025-02-04 19:33:58,Ads,USA,1,4.0,0,,,0,,,,0,1,1743190438000000000
1021,2025-03-24 02:06:17,Organic,India,4,24.0,1,1.0,2025-03-25 02:06:17,0,,,,0,1,1745287577000000000
1022,2025-01-06 21:09:13,Organic,India,8,32.0,0,,,0,,,,0,1,1740431353000000000
1023,2025-02-08 14:20:17,Ads,Canada,5,10.0,0,,,0,,,,0,0,
1024,2025-03-21 14:27:01,Organic,India,3,12.0,0,,,0,,,,0,1,1747578421000000000
1025,2025-02-11 11:01:09,Organic,USA,3,13.5,1,2.0,2025-02-13 11:01:09,0,,,,0,1,1743764469000000000
1026,2025-03-06 07:02:26,Organic,USA,6,18.0,1,1.0,2025-03-07 07:02:26,0,,,,0,1,1743750146000000000
1027,2025-02-01 10:18:34,Organic,UK,5,30.0,1,2.0,2025-02-03 10:18:34,0,,,,0,1,1742725114000000000
1028,2025-02-26 12:01:53,Ads,India,1,3.0,1,1.0,2025-02-27 12:01:53,0,,,,0,1,1742817713000000000
1029,2025-01-31 18:29:31,Organic,Germany,5,15.0,1,2.0,2025-02-02 18:29:31,0,,,,0,1,1740508171000000000
1030,2025-02-25 22:52:37,Ads,USA,2,9.0,1,3.0,2025-02-28 22:52:37,0,,,,0,1,1745189557000000000
1031,2025-02-28 12:04:59,Organic,India,4,18.0,1,3.0,2025-03-03 12:04:59,0,,,,0,1,1745841899000000000
1032,2025-01-20 10:35:48,Ads,India,8,48.0,1,2.0,2025-01-22 10:35:48,0,,,,0,1,1741516548000000000
1033,2025-01-26 17:31:09,Referral,India,1,3.0,1,1.0,2025-01-27 17:31:09,1,7.0,2025-02-02 17:31:09,Basic,50,0,
1034,2025-03-24 04:49:33,Ads,UK,7,21.0,0,,,0,,,,0,1,1745297373000000000
1035,2025-02-09 21:04:58,Referral,USA,6,27.0,1,3.0,2025-02-12 21:04:58,1,8.0,2025-02-17 21:04:58,Basic,50,1,1742159098000000000
1036,2025-02-26 15:01:12,Referral,India,1,4.0,0,,,0,,,,0,1,1743951672000000000
1037,2025-01-06 13:48:00,Organic,India,5,10.0,0,,,0,,,,0,1,1737640080000000000
1038,2025-03-01 18:54:39,Ads,Canada,10,60.0,1,1.0,2025-03-02 18:54:39,0,,,,0,1,1744138479000000000
1039,2025-03-18 01:46:38,Referral,Canada,7,42.0,1,2.0,2025-03-20 01:46:38,1,12.0,2025-03-30 01:46:38,Basic,50,0,
1040,2025-03-13 12:42:22,Organic,USA,6,36.0,1,3.0,2025-03-16 12:42:22,0,,,,0,1,1745930542000000000
1041,2025-01-31 12:24:54,Organic,USA,6,18.0,1,2.0,2025-02-02 12:24:54,0,,,,0,1,1741868694000000000
1042,2025-03-03 04:38:38,Referral,Canada,4,8.0,0,,,0,,,,0,1,1743309518000000000
1043,2025-03-14 19:58:28,Ads,UK,6,36.0,1,2.0,2025-03-16 19:58:28,0,,,,0,1,1743278308000000000
1044,2025-02-28 02:35:00,Organic,USA,5,30.0,1,1.0,2025-03-01 02:35:00,0,,,,0,1,1743302100000000000
1045,2025-02-04 06:34:53,Organic,India,4,16.0,0,,,0,,,,0,0,
1046,2025-02-17 11:04:33,Ads,UK,8,24.0,1,2.0,2025-02-19 11:04:33,0,,,,0,0,
1047,2025-01-18 18:07:06,Ads,India,7,42.0,1,3.0,2025-01-21 18:07:06,1,10.0,2025-01-28 18:07:06,Basic,50,1,1739988426000000000
1048,2025-01-04 15:43:46,Ads,India,3,13.5,1,1.0,2025-01-05 15:43:46,1,14.0,2025-01-18 15:43:46,Basic,50,1,1739029426000000000
1049,2025-02-10 03:09:26,Ads,Canada,10,60.0,1,3.0,2025-02-13 03:09:26,0,,,,0,1,1742612966000000000
1050,2025-03-21 19:51:01,Ads,USA,4,24.0,1,3.0,2025-03-24 19:51:01,0,,,,0,1,1745524261000000000
1051,2025-01-04 18:55:59,Ads,Canada,4,12.0,1,1.0,2025-01-05 18:55:59,0,,,,0,1,1738263359000000000
1052,2025-02-13 09:16:43,Ads,USA,7,21.0,1,3.0,2025-02-16 09:16:43,0,,,,0,0,
1053,2025-02-18 15:00:53,Ads,Germany,5,22.5,1,3.0,2025-02-21 15:00:53,0,,,,0,0,
1054,2025-02-03 02:32:17,Ads,India,5,30.0,1,3.0,2025-02-06 02:32:17,0,,,,0,0,
1055,2025-01-04 16:12:17,Organic,UK,5,15.0,1,3.0,2025-01-07 16:12:17,0,,,,0,0,
1056,2025-03-22 11:35:57,Organic,India,2,6.0,1,1.0,2025-03-23 11:35:57,1,10.0,2025-04-01 11:35:57,Basic,50,0,
1057,2025-01-07 08:50:22,Referral,India,3,9.0,1,1.0,2025-01-08 08:50:22,1,13.0,2025-01-20 08:50:22,Basic,50,1,1739695822000000000
1058,2025-02-27 13:57:06,Organic,India,4,8.0,0,,,1,8.0,2025-03-07 13:57:06,Basic,50,1,1744379826000000000
1059,2025-03-30 20:45:21,Organic,UK,2,4.0,0,,,0,,,,0,1,1747255521000000000
1060,2025-01-30 18:53:39,Organic,India,2,4.0,0,,,0,,,,0,1,1741114419000000000
1061,2025-01-29 09:35:52,Referral,USA,4,24.0,1,2.0,2025-01-31 09:35:52,0,,,,0,1,1739525752000000000
1062,2025-01-16 18:55:33,Organic,India,1,3.0,1,3.0,2025-01-19 18:55:33,0,,,,0,1,1739991333000000000
1063,2025-03-26 02:16:00,Organic,India,1,4.0,0,,,0,,,,0,1,1744596960000000000
1064,2025-01-23 08:44:07,Organic,USA,5,30.0,1,2.0,2025-01-25 08:44:07,0,,,,0,0,
1065,2025-01-16 15:50:38,Ads,Germany,3,13.5,1,3.0,2025-01-19 15:50:38,0,,,,0,1,1739289038000000000
1066,2025-01-03 21:41:15,Organic,India,3,9.0,0,,,0,,,,0,1,1737754875000000000
1067,2025-02-23 21:48:13,Organic,USA,5,15.0,0,,,0,,,,0,1,1742939293000000000
1068,2025-02-19 08:38:14,Organic,Germany,4,24.0,1,2.0,2025-02-21 08:38:14,1,6.0,2025-02-25 08:38:14,Basic,50,1,1741509494000000000
1069,2025-01-09 04:34:49,Referral,UK,3,12.0,0,,,0,,,,0,0,
1070,2025-02-21 11:29:54,Organic,UK,0,0.0,0,,,0,,,,0,1,1744370994000000000
1071,2025-01-19 16:52:32,Organic,India,7,21.0,1,3.0,2025-01-22 16:52:32,1,10.0,2025-01-29 16:52:32,Basic,50,0,
1072,2025-01-16 00:08:36,Ads,USA,6,27.0,1,1.0,2025-01-17 00:08:36,1,7.0,2025-01-23 00:08:36,Basic,50,0,
1073,2025-03-19 01:06:36,Referral,India,5,15.0,1,3.0,2025-03-22 01:06:36,0,,,,0,1,1743642396000000000
1074,2025-01-30 06:49:39,Ads,USA,5,22.5,1,3.0,2025-02-02 06:49:39,1,14.0,2025-02-13 06:49:39,Basic,50,1,1741502979000000000
1075,2025-01-19 00:23:37,Referral,Canada,4,18.0,1,3.0,2025-01-22 00:23:37,0,,,,0,1,1739233417000000000
1076,2025-02-10 02:02:31,Referral,USA,7,14.0,0,,,1,12.0,2025-02-22 02:02:31,Basic,50,0,
1077,2025-01-15 15:24:00,Organic,India,8,32.0,0,,,0,,,,0,0,
1078,2025-03-08 14:13:36,Ads,Germany,3,13.5,1,2.0,2025-03-10 14:13:36,1,6.0,2025-03-14 14:13:36,Basic,50,1,1745763216000000000
1079,2025-01-22 11:16:11,Organic,USA,4,24.0,1,3.0,2025-01-25 11:16:11,0,,,,0,1,1742642171000000000
1080,2025-03-30 15:01:39,Ads,Germany,6,18.0,1,2.0,2025-04-01 15:01:39,1,12.0,2025-04-11 15:01:39,Basic,50,0,
1081,2025-01-08 12:36:39,Organic,USA,4,18.0,1,2.0,2025-01-10 12:36:39,0,,,,0,1,1740573399000000000
1082,2025-02-16 16:43:48,Organic,India,5,30.0,1,1.0,2025-02-17 16:43:48,0,,,,0,0,
1083,2025-03-17 09:47:13,Referral,USA,6,27.0,1,3.0,2025-03-20 09:47:13,0,,,,0,1,1746611233000000000
1084,2025-03-24 18:29:25,Organic,USA,2,8.0,0,,,0,,,,0,1,1746901765000000000
1085,2025-01-22 09:43:16,Referral,India,11,44.0,0,,,0,,,,0,1,1740044596000000000
1086,2025-03-27 00:26:41,Organic,USA,5,30.0,1,2.0,2025-03-29 00:26:41,0,,,,0,0,
1087,2025-02-01 03:34:36,Organic,USA,5,15.0,1,2.0,2025-02-03 03:34:36,0,,,,0,1,1739936076000000000
1088,2025-01-08 06:41:01,Referral,USA,5,22.5,1,1.0,2025-01-09 06:41:01,1,12.0,2025-01-20 06:41:01,Basic,50,0,
1089,2025-01-30 05:55:54,Ads,India,3,18.0,1,1.0,2025-01-31 05:55:54,1,8.0,2025-02-07 05:55:54,Basic,50,0,
1090,2025-03-17 19:19:06,Ads,USA,4,12.0,1,3.0,2025-03-20 19:19:06,0,,,,0,1,1744744746000000000
1091,2025-03-27 11:23:54,Organic,India,8,48.0,1,2.0,2025-03-29 11:23:54,0,,,,0,1,1748172234000000000
1092,2025-03-23 18:03:30,Ads,USA,6,36.0,1,2.0,2025-03-25 18:03:30,0,,,,0,0,
1093,2025-01-08 15:46:54,Ads,India,6,18.0,1,3.0,2025-01-11 15:46:54,0,,,,0,1,1740584814000000000
1094,2025-02-26 09:51:18,Ads,India,7,21.0,1,1.0,2025-02-27 09:51:18,0,,,,0,0,
1095,2025-02-24 07:39:34,Organic,India,5,22.5,1,1.0,2025-02-25 07:39:34,0,,,,0,1,1742801974000000000
1096,2025-02-08 20:38:39,Referral,India,8,24.0,1,1.0,2025-02-09 20:38:39,1,5.0,2025-02-13 20:38:39,Basic,50,0,
1097,2025-03-17 03:58:22,Ads,USA,5,20.0,0,,,0,,,,0,1,1746503902000000000
1098,2025-01-08 17:16:37,Referral,Germany,2,4.0,0,,,0,,,,0,1,1739985397000000000
1099,2025-01-20 23:32:31,Ads,USA,1,2.0,0,,,0,,,,0,1,1739835151000000000
1100,2025-01-13 09:57:27,Ads,USA,6,36.0,1,1.0,2025-01-14 09:57:27,0,,,,0,0,
1101,2025-01-19 21:05:07,Organic,Germany,8,48.0,1,1.0,2025-01-20 21:05:07,1,9.0,2025-01-28 21:05:07,Basic,50,0,
1102,2025-01-12 21:40:55,Organic,Germany,6,27.0,1,1.0,2025-01-13 21:40:55,0,,,,0,1,1739828455000000000
1103,2025-03-01 02:29:23,Referral,Canada,4,24.0,1,1.0,2025-03-02 02:29:23,1,10.0,2025-03-11 02:29:23,Basic,50,0,
1104,2025-03-16 19:29:28,Organic,India,6,18.0,1,3.0,2025-03-19 19:29:28,0,,,,0,1,1744140568000000000
1105,2025-01-16 02:43:14,Organic,USA,4,12.0,1,3.0,2025-01-19 02:43:14,1,5.0,2025-01-21 02:43:14,Basic,50,1,1741833794000000000
1106,2025-03-05 04:02:39,Organic,Canada,2,12.0,1,3.0,2025-03-08 04:02:39,0,,,,0,1,1743220959000000000
1107,2025-03-06 21:23:14,Organic,Canada,2,9.0,1,2.0,2025-03-08 21:23:14,0,,,,0,1,1743974594000000000
1108,2025-03-19 18:08:26,Referral,USA,2,6.0,0,,,1,10.0,2025-03-29 18:08:26,Basic,50,0,
1109,2025-03-18 15:48:44,Referral,India,7,42.0,1,2.0,2025-03-20 15:48:44,1,6.0,2025-03-24 15:48:44,Basic,50,1,1747410524000000000
1110,2025-01-23 13:46:07,Organic,Germany,4,12.0,1,3.0,2025-01-26 13:46:07,0,,,,0,0,
1111,2025-01-23 02:45:05,Organic,USA,6,36.0,1,3.0,2025-01-26 02:45:05,0,,,,0,0,
1112,2025-01-19 12:53:16,Ads,India,5,10.0,0,,,0,,,,0,0,
1113,2025-02-13 21:11:21,Ads,India,4,12.0,1,2.0,2025-02-15 21:11:21,0,,,,0,1,1741813881000000000
1114,2025-03-01 07:05:22,Referral,USA,2,6.0,1,2.0,2025-03-03 07:05:22,0,,,,0,1,1743145522000000000
1115,2025-03-15 11:29:24,Ads,India,6,36.0,1,2.0,2025-03-17 11:29:24,1,6.0,2025-03-21 11:29:24,Pro,120,0,
1116,2025-02-18 00:51:16,Organic,India,5,10.0,0,,,0,,,,0,1,1742604676000000000
1117,2025-03-08 05:53:21,Ads,Germany,3,12.0,0,,,0,,,,0,1,1743573201000000000
1118,2025-03-03 23:14:35,Referral,India,5,30.0,1,2.0,2025-03-05 23:14:35,1,10.0,2025-03-13 23:14:35,Basic,50,0,
1119,2025-03-03 02:32:28,Ads,USA,1,3.0,0,,,1,9.0,2025-03-12 02:32:28,Pro,120,0,
1120,2025-01-28 13:45:57,Ads,Canada,4,12.0,0,,,0,,,,0,0,
1121,2025-02-10 08:38:44,Organic,USA,6,27.0,1,2.0,2025-02-12 08:38:44,0,,,,0,1,1741768724000000000
1122,2025-03-16 07:53:36,Ads,India,1,4.0,0,,,0,,,,0,1,1745481216000000000
1123,2025-03-02 15:57:56,Ads,USA,5,30.0,1,2.0,2025-03-04 15:57:56,1,10.0,2025-03-12 15:57:56,Basic,50,0,
1124,2025-01-26 23:38:51,Organic,India,4,24.0,1,3.0,2025-01-29 23:38:51,0,,,,0,1,1739749131000000000
1125,2025-03-04 09:58:49,Organic,India,7,21.0,0,,,0,,,,0,1,1743501529000000000
1126,2025-03-23 11:34:05,Organic,UK,8,24.0,1,1.0,2025-03-24 11:34:05,0,,,,0,0,
1127,2025-02-19 03:27:29,Organic,Germany,3,9.0,1,1.0,2025-02-20 03:27:29,1,14.0,2025-03-05 03:27:29,Basic,50,0,
1128,2025-03-14 18:47:41,Organic,UK,4,18.0,1,3.0,2025-03-17 18:47:41,0,,,,0,1,1745174861000000000
1129,2025-01-02 01:31:05,Organic,India,8,24.0,0,,,0,,,,0,0,
1130,2025-02-16 19:29:48,Ads,USA,1,2.0,0,,,0,,,,0,1,1741634988000000000
1131,2025-03-05 03:29:30,Organic,India,5,22.5,1,2.0,2025-03-07 03:29:30,0,,,,0,1,1745465370000000000
1132,2025-01-13 09:50:00,Organic,USA,9,54.0,1,3.0,2025-01-16 09:50:00,0,,,,0,0,
1133,2025-01-25 13:01:13,Referral,India,5,20.0,0,,,0,,,,0,0,
1134,2025-01-29 22:40:56,Ads,Canada,3,9.0,0,,,0,,,,0,1,1739659256000000000
1135,2025-02-03 15:15:58,Ads,India,3,18.0,1,3.0,2025-02-06 15:15:58,0,,,,0,1,1741274158000000000
1136,2025-02-17 02:07:52,Organic,India,4,24.0,1,1.0,2025-02-18 02:07:52,0,,,,0,1,1743300472000000000
1137,2025-01-15 03:41:09,Ads,USA,3,12.0,0,,,0,,,,0,1,1741664469000000000
1138,2025-03-25 13:23:58,Organic,India,4,12.0,1,3.0,2025-03-28 13:23:58,1,7.0,2025-04-01 13:23:58,Basic,50,0,
1139,2025-01-27 10:24:29,Referral,UK,9,27.0,0,,,0,,,,0,1,1741602269000000000
1140,2025-02-06 04:09:14,Organic,Germany,7,28.0,0,,,0,,,,0,0,
1141,2025-02-17 06:01:34,Ads,India,5,22.5,1,2.0,2025-02-19 06:01:34,0,,,,0,1,1744524094000000000
1142,2025-01-17 13:05:51,Organic,India,5,20.0,0,,,0,,,,0,1,1738501551000000000
1143,2025-01-27 09:37:00,Ads,Germany,2,6.0,1,1.0,2025-01-28 09:37:00,1,10.0,2025-02-06 09:37:00,Basic,50,1,1740303420000000000
1144,2025-02-01 21:49:04,Ads,UK,7,42.0,1,3.0,2025-02-04 21:49:04,1,10.0,2025-02-11 21:49:04,Basic,50,1,1741124944000000000
1145,2025-03-15 22:05:13,Organic,Germany,3,6.0,0,,,0,,,,0,1,1744841113000000000
1146,2025-02-25 08:34:43,Organic,India,5,30.0,1,1.0,2025-02-26 08:34:43,0,,,,0,1,1744619683000000000
1147,2025-03-17 06:00:32,Ads,India,2,6.0,1,2.0,2025-03-19 06:00:32,0,,,,0,1,1744351232000000000
1148,2025-01-27 11:27:03,Referral,India,2,12.0,1,1.0,2025-01-28 11:27:03,1,14.0,2025-02-10 11:27:03,Pro,120,0,
1149,2025-01-11 13:53:52,Referral,India,4,24.0,1,2.0,2025-01-13 13:53:52,0,,,,0,0,
1150,2025-03-20 06:59:46,Organic,UK,4,8.0,0,,,0,,,,0,0,
1151,2025-02-16 02:16:28,Organic,India,8,48.0,1,1.0,2025-02-17 02:16:28,0,,,,0,0,
1152,2025-01-19 03:23:58,Referral,USA,9,54.0,1,1.0,2025-01-20 03:23:58,0,,,,0,0,
1153,2025-03-13 07:18:06,Ads,India,10,40.0,0,,,0,,,,0,1,1744787886000000000
1154,2025-03-08 04:30:54,Ads,Canada,8,24.0,1,1.0,2025-03-09 04:30:54,0,,,,0,1,1743309054000000000
1155,2025-01-11 14:52:39,Referral,India,10,45.0,1,1.0,2025-01-12 14:52:39,1,13.0,2025-01-24 14:52:39,Basic,50,0,
1156,2025-01-08 08:33:25,Referral,India,2,8.0,0,,,0,,,,0,1,1741250005000000000
1157,2025-03-28 13:43:41,Ads,USA,7,42.0,1,1.0,2025-03-29 13:43:41,0,,,,0,1,1744465421000000000
1158,2025-02-23 01:18:17,Organic,India,6,18.0,1,1.0,2025-02-24 01:18:17,0,,,,0,1,1744161497000000000
1159,2025-01-10 10:25:31,Organic,USA,6,27.0,1,1.0,2025-01-11 10:25:31,1,14.0,2025-01-24 10:25:31,Basic,50,0,
1160,2025-03-27 19:21:58,Ads,USA,6,36.0,1,2.0,2025-03-29 19:21:58,0,,,,0,0,
1161,2025-01-01 18:47:41,Organic,Canada,5,30.0,1,1.0,2025-01-02 18:47:41,0,,,,0,1,1740595661000000000
1162,2025-03-21 09:33:11,Organic,USA,4,18.0,1,1.0,2025-03-22 09:33:11,1,5.0,2025-03-26 09:33:11,Pro,120,0,
1163,2025-03-29 18:59:13,Organic,USA,4,24.0,1,3.0,2025-04-01 18:59:13,0,,,,0,1,1746903553000000000
1164,2025-03-10 11:03:08,Organic,Germany,4,12.0,0,,,0,,,,0,0,
1165,2025-03-17 21:43:41,Ads,Germany,3,9.0,1,3.0,2025-03-20 21:43:41,1,11.0,2025-03-28 21:43:41,Pro,120,0,
1166,2025-03-04 08:56:26,Ads,UK,6,18.0,1,3.0,2025-03-07 08:56:26,0,,,,0,1,1744620986000000000
1167,2025-01-25 01:13:27,Organic,USA,4,18.0,1,3.0,2025-01-28 01:13:27,1,11.0,2025-02-05 01:13:27,Basic,50,0,
1168,2025-01-16 03:11:46,Organic,USA,8,24.0,1,3.0,2025-01-19 03:11:46,0,,,,0,1,1738293106000000000
1169,2025-01-23 19:33:26,Referral,India,4,12.0,0,,,0,,,,0,1,1739648006000000000
1170,2025-03-22 11:05:38,Organic,Germany,5,30.0,1,2.0,2025-03-24 11:05:38,0,,,,0,0,
1171,2025-02-03 14:00:14,Ads,UK,6,12.0,0,,,0,,,,0,1,1742911214000000000
1172,2025-02-04 08:00:22,Referral,India,4,18.0,1,3.0,2025-02-07 08:00:22,0,,,,0,1,1741248022000000000
1173,2025-03-20 00:18:50,Organic,India,5,15.0,0,,,0,,,,0,0,
1174,2025-02-12 22:10:54,Ads,India,1,3.0,0,,,0,,,,0,1,1742681454000000000
1175,2025-02-28 10:10:03,Referral,India,2,12.0,1,2.0,2025-03-02 10:10:03,1,11.0,2025-03-11 10:10:03,Pro,120,0,
1176,2025-03-26 16:03:56,Organic,India,4,24.0,1,1.0,2025-03-27 16:03:56,0,,,,0,0,
1177,2025-01-02 08:47:13,Ads,USA,3,18.0,1,1.0,2025-01-03 08:47:13,0,,,,0,1,1738313233000000000
1178,2025-01-08 07:04:25,Organic,India,2,4.0,0,,,0,,,,0,1,1738307065000000000
1179,2025-02-01 08:51:49,Organic,USA,5,30.0,1,1.0,2025-02-02 08:51:49,1,7.0,2025-02-08 08:51:49,Basic,50,0,
1180,2025-03-09 23:12:34,Referral,India,7,21.0,0,,,0,,,,0,1,1745881954000000000
1181,2025-02-03 18:37:38,Referral,India,5,20.0,0,,,0,,,,0,1,1743100658000000000
1182,2025-01-15 01:38:22,Ads,USA,2,6.0,1,3.0,2025-01-18 01:38:22,0,,,,0,1,1741570702000000000
1183,2025-03-09 06:50:39,Organic,Canada,8,48.0,1,1.0,2025-03-10 06:50:39,0,,,,0,0,
1184,2025-03-24 18:32:56,Organic,USA,4,18.0,1,3.0,2025-03-27 18:32:56,0,,,,0,1,1744741976000000000
1185,2025-02-23 13:00:38,Ads,USA,3,9.0,1,1.0,2025-02-24 13:00:38,0,,,,0,1,1742734838000000000
1186,2025-01-17 10:56:36,Organic,USA,3,13.5,1,1.0,2025-01-18 10:56:36,0,,,,0,1,1739530596000000000
1187,2025-02-01 23:26:19,Ads,India,8,32.0,0,,,0,,,,0,1,1743377179000000000
1188,2025-01-27 20:10:49,Ads,India,5,15.0,1,3.0,2025-01-30 20:10:49,0,,,,0,1,1740946249000000000
1189,2025-03-14 19:55:18,Ads,India,3,6.0,0,,,0,,,,0,1,1745697318000000000
1190,2025-03-29 19:42:48,Ads,USA,10,30.0,0,,,0,,,,0,1,1748374968000000000
1191,2025-02-13 01:27:44,Organic,UK,4,12.0,1,1.0,2025-02-14 01:27:44,1,12.0,2025-02-25 01:27:44,Basic,50,1,1742606864000000000
1192,2025-01-26 09:03:34,Organic,UK,3,6.0,0,,,0,,,,0,0,
1193,2025-03-07 07:18:45,Organic,India,6,18.0,1,2.0,2025-03-09 07:18:45,0,,,,0,0,
1194,2025-03-07 21:21:29,Ads,UK,2,6.0,0,,,1,13.0,2025-03-20 21:21:29,Pro,120,1,1742764889000000000
1195,2025-01-09 21:56:13,Ads,India,7,42.0,1,3.0,2025-01-12 21:56:13,0,,,,0,1,1740866173000000000
1196,2025-01-31 21:29:15,Ads,India,2,9.0,1,3.0,2025-02-03 21:29:15,0,,,,0,0,
1197,2025-02-09 11:55:04,Ads,India,7,42.0,1,2.0,2025-02-11 11:55:04,0,,,,0,0,
1198,2025-02-26 04:07:40,Referral,USA,5,20.0,0,,,0,,,,0,1,1745035660000000000
1199,2025-03-07 07:17:44,Organic,India,9,27.0,1,1.0,2025-03-08 07:17:44,0,,,,0,0,
1200,2025-03-10 00:01:07,Organic,USA,3,9.0,1,2.0,2025-03-12 00:01:07,0,,,,0,1,1746576067000000000
1201,2025-03-20 23:21:45,Organic,Canada,4,24.0,1,3.0,2025-03-23 23:21:45,0,,,,0,0,
1202,2025-01-06 09:43:30,Ads,India,5,20.0,0,,,0,,,,0,1,1737539010000000000
1203,2025-01-20 03:43:36,Organic,USA,4,12.0,1,1.0,2025-01-21 03:43:36,1,7.0,2025-01-27 03:43:36,Basic,50,1,1741664616000000000
1204,2025-01-20 15:38:20,Referral,India,7,42.0,1,3.0,2025-01-23 15:38:20,0,,,,0,1,1740065900000000000
1205,2025-02-23 00:21:37,Ads,India,7,42.0,1,1.0,2025-02-24 00:21:37,1,12.0,2025-03-07 00:21:37,Basic,50,1,1742257297000000000
1206,2025-02-18 20:30:38,Referral,India,3,18.0,1,3.0,2025-02-21 20:30:38,0,,,,0,1,1744749038000000000
1207,2025-01-11 16:37:55,Referral,Germany,5,20.0,0,,,0,,,,0,1,1741106275000000000
1208,2025-01-25 13:47:01,Organic,USA,7,42.0,1,1.0,2025-01-26 13:47:01,0,,,,0,1,1740145621000000000
1209,2025-02-14 22:03:13,Organic,UK,8,16.0,0,,,0,,,,0,1,1743976993000000000
1210,2025-02-24 18:18:22,Ads,India,3,6.0,0,,,0,,,,0,1,1744654702000000000
1211,2025-03-06 13:35:03,Organic,Canada,3,13.5,1,1.0,2025-03-07 13:35:03,1,9.0,2025-03-15 13:35:03,Pro,120,0,
1212,2025-01-30 17:21:43,Organic,Canada,8,48.0,1,3.0,2025-02-02 17:21:43,0,,,,0,0,
1213,2025-01-01 22:34:24,Ads,UK,2,9.0,1,1.0,2025-01-02 22:34:24,0,,,,0,1,1737412464000000000
1214,2025-01-01 06:27:55,Organic,Germany,5,15.0,0,,,0,,,,0,0,
1215,2025-02-01 04:15:14,Ads,India,5,10.0,0,,,0,,,,0,1,1742703314000000000
1216,2025-01-29 11:21:12,Ads,USA,3,18.0,1,3.0,2025-02-01 11:21:12,0,,,,0,1,1741864872000000000
1217,2025-03-17 00:42:12,Organic,USA,7,31.5,1,3.0,2025-03-20 00:42:12,0,,,,0,1,1745368932000000000
1218,2025-03-29 04:48:05,Organic,USA,4,12.0,0,,,0,,,,0,1,1747025285000000000
1219,2025-03-02 03:27:47,Organic,Canada,4,18.0,1,2.0,2025-03-04 03:27:47,0,,,,0,1,1742873267000000000
1220,2025-03-10 21:33:13,Ads,India,4,12.0,1,3.0,2025-03-13 21:33:13,0,,,,0,0,
1221,2025-01-07 15:05:35,Organic,India,5,30.0,1,1.0,2025-01-08 15:05:35,1,14.0,2025-01-21 15:05:35,Basic,50,0,
1222,2025-01-24 03:43:29,Referral,India,7,42.0,1,1.0,2025-01-25 03:43:29,0,,,,0,0,
1223,2025-01-11 13:33:46,Organic,Canada,2,6.0,1,3.0,2025-01-14 13:33:46,1,12.0,2025-01-23 13:33:46,Pro,120,0,
1224,2025-02-01 05:12:23,Organic,Germany,5,20.0,0,,,0,,,,0,0,
1225,2025-01-10 23:35:22,Organic,USA,7,21.0,1,3.0,2025-01-13 23:35:22,0,,,,0,1,1739576122000000000
1226,2025-01-10 07:14:52,Organic,USA,5,30.0,1,2.0,2025-01-12 07:14:52,1,8.0,2025-01-18 07:14:52,Basic,50,0,
1227,2025-01-14 10:32:37,Organic,USA,0,0.0,0,,,0,,,,0,1,1738578757000000000
1228,2025-01-16 05:08:52,Ads,USA,4,24.0,1,2.0,2025-01-18 05:08:52,0,,,,0,0,
1229,2025-01-05 21:00:40,Ads,India,0,0.0,1,3.0,2025-01-08 21:00:40,1,6.0,2025-01-11 21:00:40,Basic,50,1,1738011640000000000
1230,2025-02-14 16:09:04,Organic,UK,3,18.0,1,2.0,2025-02-16 16:09:04,0,,,,0,0,
1231,2025-03-25 06:20:36,Organic,USA,9,40.5,1,2.0,2025-03-27 06:20:36,0,,,,0,1,1746080436000000000
1232,2025-01-11 22:26:29,Ads,USA,3,18.0,1,2.0,2025-01-13 22:26:29,1,5.0,2025-01-16 22:26:29,Basic,50,1,1740954389000000000
1233,2025-02-05 23:04:52,Ads,India,5,22.5,1,1.0,2025-02-06 23:04:52,0,,,,0,1,1742857492000000000
1234,2025-01-26 14:52:53,Organic,UK,5,30.0,1,1.0,2025-01-27 14:52:53,0,,,,0,1,1743000773000000000
1235,2025-01-07 02:04:53,Referral,Canada,6,18.0,1,1.0,2025-01-08 02:04:53,0,,,,0,0,
1236,2025-03-15 15:42:39,Organic,USA,2,12.0,1,2.0,2025-03-17 15:42:39,1,11.0,2025-03-26 15:42:39,Basic,50,0,
1237,2025-01-27 02:29:23,Ads,UK,6,27.0,1,1.0,2025-01-28 02:29:23,1,11.0,2025-02-07 02:29:23,Basic,50,0,
1238,2025-03-02 01:22:37,Organic,USA,5,15.0,1,1.0,2025-03-03 01:22:37,0,,,,0,0,
1239,2025-02-20 17:05:14,Organic,USA,5,15.0,1,1.0,2025-02-21 17:05:14,1,14.0,2025-03-06 17:05:14,Pro,120,0,
1240,2025-02-28 12:41:01,Referral,India,4,18.0,1,1.0,2025-03-01 12:41:01,1,9.0,2025-03-09 12:41:01,Basic,50,0,
1241,2025-03-16 11:54:06,Organic,UK,5,15.0,1,3.0,2025-03-19 11:54:06,0,,,,0,0,
1242,2025-02-18 00:28:07,Ads,USA,2,9.0,1,2.0,2025-02-20 00:28:07,0,,,,0,1,1742084887000000000
1243,2025-01-14 23:18:14,Organic,UK,4,8.0,0,,,0,,,,0,1,1738279094000000000
1244,2025-01-26 16:59:52,Ads,USA,1,6.0,1,2.0,2025-01-28 16:59:52,0,,,,0,0,
1245,2025-01-08 17:40:06,Referral,UK,5,22.5,1,3.0,2025-01-11 17:40:06,0,,,,0,1,1738518006000000000
1246,2025-02-12 11:07:46,Organic,UK,6,12.0,0,,,0,,,,0,1,1743505666000000000
1247,2025-02-23 09:12:18,Referral,USA,3,6.0,0,,,0,,,,0,1,1743844338000000000
1248,2025-02-03 00:36:46,Ads,Canada,3,13.5,1,3.0,2025-02-06 00:36:46,0,,,,0,1,1740271006000000000
1249,2025-01-12 23:00:55,Ads,USA,3,13.5,1,3.0,2025-01-15 23:00:55,1,10.0,2025-01-22 23:00:55,Pro,120,1,1739919655000000000
1250,2025-03-23 23:16:52,Ads,Germany,7,31.5,1,1.0,2025-03-24 23:16:52,1,13.0,2025-04-05 23:16:52,Basic,50,1,1747437412000000000
1251,2025-02-27 18:04:07,Referral,UK,10,30.0,1,1.0,2025-02-28 18:04:07,0,,,,0,1,1743185047000000000
1252,2025-02-05 07:59:26,Organic,India,10,30.0,1,3.0,2025-02-08 07:59:26,0,,,,0,0,
1253,2025-01-07 06:11:17,Organic,Canada,11,44.0,0,,,0,,,,0,1,1739772677000000000
1254,2025-03-10 03:55:45,Referral,USA,4,18.0,1,3.0,2025-03-13 03:55:45,1,6.0,2025-03-16 03:55:45,Basic,50,0,
1255,2025-03-30 11:13:23,Ads,Germany,5,30.0,1,3.0,2025-04-02 11:13:23,0,,,,0,1,1745147603000000000
1256,2025-02-05 19:30:35,Organic,UK,5,22.5,1,3.0,2025-02-08 19:30:35,1,7.0,2025-02-12 19:30:35,Basic,50,0,
1257,2025-03-10 14:23:06,Ads,India,2,6.0,1,3.0,2025-03-13 14:23:06,0,,,,0,1,1745850186000000000
1258,2025-01-14 13:24:19,Ads,India,6,27.0,1,3.0,2025-01-17 13:24:19,1,7.0,2025-01-21 13:24:19,Basic,50,1,1741181059000000000
1259,2025-03-11 06:48:46,Organic,USA,6,36.0,1,1.0,2025-03-12 06:48:46,1,13.0,2025-03-24 06:48:46,Basic,50,0,
1260,2025-02-03 02:20:53,Organic,Canada,7,42.0,1,3.0,2025-02-06 02:20:53,0,,,,0,0,
1261,2025-01-23 18:09:57,Ads,UK,8,24.0,1,1.0,2025-01-24 18:09:57,0,,,,0,0,
1262,2025-01-05 11:45:52,Organic,India,5,30.0,1,1.0,2025-01-06 11:45:52,0,,,,0,0,
1263,2025-01-26 13:42:53,Ads,UK,6,36.0,1,3.0,2025-01-29 13:42:53,1,12.0,2025-02-07 13:42:53,Basic,50,0,
1264,2025-02-18 00:08:23,Referral,USA,5,15.0,1,3.0,2025-02-21 00:08:23,1,12.0,2025-03-02 00:08:23,Basic,50,1,1744157303000000000
1265,2025-01-12 22:08:37,Organic,India,3,18.0,1,3.0,2025-01-15 22:08:37,0,,,,0,1,1740607717000000000
1266,2025-02-03 12:40:18,Organic,India,3,6.0,0,,,0,,,,0,0,
1267,2025-01-28 06:57:01,Organic,India,2,6.0,1,2.0,2025-01-30 06:57:01,0,,,,0,0,
1268,2025-03-23 14:31:20,Organic,India,3,12.0,0,,,0,,,,0,0,
1269,2025-03-24 12:55:29,Ads,India,4,12.0,1,3.0,2025-03-27 12:55:29,0,,,,0,0,
1270,2025-01-07 01:52:14,Organic,India,12,54.0,1,1.0,2025-01-08 01:52:14,0,,,,0,1,1739843534000000000
1271,2025-03-06 15:11:03,Ads,Canada,7,21.0,1,3.0,2025-03-09 15:11:03,1,5.0,2025-03-11 15:11:03,Pro,120,1,1744816263000000000
1272,2025-01-03 19:59:21,Organic,India,8,48.0,1,3.0,2025-01-06 19:59:21,0,,,,0,0,
1273,2025-02-03 21:54:58,Organic,India,3,9.0,0,,,0,,,,0,1,1739915698000000000
1274,2025-02-04 09:30:20,Organic,India,6,27.0,1,1.0,2025-02-05 09:30:20,0,,,,0,0,
1275,2025-03-16 09:49:57,Organic,USA,6,18.0,0,,,0,,,,0,1,1745228997000000000
1276,2025-03-01 12:18:33,Organic,USA,6,18.0,0,,,0,,,,0,0,
1277,2025-03-12 06:30:13,Organic,India,3,9.0,1,1.0,2025-03-13 06:30:13,0,,,,0,1,1745908213000000000
1278,2025-01-01 17:52:03,Referral,USA,5,15.0,1,2.0,2025-01-03 17:52:03,0,,,,0,1,1737913923000000000
1279,2025-03-21 22:47:46,Ads,UK,6,12.0,0,,,0,,,,0,1,1745707666000000000
1280,2025-01-15 07:48:35,Organic,India,4,24.0,1,1.0,2025-01-16 07:48:35,0,,,,0,1,1738568915000000000
1281,2025-03-29 01:01:20,Organic,USA,6,36.0,1,3.0,2025-04-01 01:01:20,0,,,,0,1,1745283680000000000
1282,2025-01-12 01:08:00,Organic,USA,5,22.5,1,3.0,2025-01-15 01:08:00,1,11.0,2025-01-23 01:08:00,Basic,50,0,
1283,2025-01-28 00:00:11,Organic,India,8,48.0,1,2.0,2025-01-30 00:00:11,0,,,,0,0,
1284,2025-03-19 07:52:14,Organic,UK,7,21.0,1,1.0,2025-03-20 07:52:14,1,11.0,2025-03-30 07:52:14,Basic,50,0,
1285,2025-01-10 21:13:36,Organic,Canada,4,12.0,1,2.0,2025-01-12 21:13:36,0,,,,0,1,1738617216000000000
1286,2025-03-03 21:23:37,Organic,USA,5,15.0,1,1.0,2025-03-04 21:23:37,0,,,,0,1,1744061017000000000
1287,2025-01-11 00:15:09,Organic,India,3,9.0,1,2.0,2025-01-13 00:15:09,0,,,,0,0,
1288,2025-03-17 14:50:39,Organic,Germany,5,15.0,1,3.0,2025-03-20 14:50:39,0,,,,0,0,
1289,2025-03-09 05:48:21,Organic,USA,10,45.0,1,2.0,2025-03-11 05:48:21,0,,,,0,0,
1290,2025-02-27 16:02:44,Ads,India,4,12.0,1,3.0,2025-03-02 16:02:44,0,,,,0,1,1742659364000000000
1291,2025-01-13 03:48:13,Organic,USA,6,18.0,1,1.0,2025-01-14 03:48:13,1,6.0,2025-01-19 03:48:13,Basic,50,0,
1292,2025-01-04 06:32:42,Organic,UK,5,10.0,0,,,1,11.0,2025-01-15 06:32:42,Basic,50,1,1740033162000000000
1293,2025-01-19 13:51:58,Ads,Canada,4,12.0,0,,,0,,,,0,1,1739541118000000000
1294,2025-02-03 08:57:07,Referral,India,1,2.0,0,,,0,,,,0,1,1740905827000000000
1295,2025-01-17 09:20:12,Referral,India,8,48.0,1,3.0,2025-01-20 09:20:12,0,,,,0,1,1742203212000000000
1296,2025-03-08 14:00:10,Ads,USA,5,15.0,0,,,0,,,,0,0,
1297,2025-01-07 14:47:30,Organic,Germany,3,13.5,1,3.0,2025-01-10 14:47:30,0,,,,0,0,
1298,2025-02-21 19:29:36,Ads,India,4,8.0,0,,,0,,,,0,1,1745177376000000000
1299,2025-01-05 11:12:05,Ads,Canada,3,9.0,1,2.0,2025-01-07 11:12:05,0,,,,0,0,
1300,2025-02-03 03:29:53,Organic,USA,6,18.0,1,2.0,2025-02-05 03:29:53,0,,,,0,1,1740626993000000000
1301,2025-02-26 19:37:27,Ads,UK,7,21.0,0,,,1,9.0,2025-03-07 19:37:27,Basic,50,0,
1302,2025-03-21 15:28:09,Referral,USA,6,27.0,1,1.0,2025-03-22 15:28:09,1,11.0,2025-04-01 15:28:09,Basic,50,1,1747236489000000000
1303,2025-03-27 21:43:32,Organic,India,4,24.0,1,3.0,2025-03-30 21:43:32,1,10.0,2025-04-06 21:43:32,Basic,50,1,1748123012000000000
1304,2025-02-13 11:52:54,Organic,UK,1,3.0,1,1.0,2025-02-14 11:52:54,0,,,,0,0,
1305,2025-01-05 15:58:01,Organic,Germany,5,15.0,1,1.0,2025-01-06 15:58:01,1,7.0,2025-01-12 15:58:01,Pro,120,1,1738425481000000000
1306,2025-03-25 11:06:19,Organic,India,4,8.0,0,,,0,,,,0,1,1744196779000000000
1307,2025-01-28 18:25:05,Organic,USA,4,18.0,1,2.0,2025-01-30 18:25:05,1,14.0,2025-02-11 18:25:05,Basic,50,0,
1308,2025-01-05 09:14:52,Ads,India,9,27.0,0,,,0,,,,0,1,1740388492000000000
1309,2025-02-18 14:33:11,Ads,India,4,12.0,0,,,0,,,,0,1,1742999591000000000
1310,2025-03-05 15:55:45,Organic,UK,2,9.0,1,1.0,2025-03-06 15:55:45,0,,,,0,0,
1311,2025-02-06 12:10:40,Referral,India,2,6.0,0,,,0,,,,0,1,1741090240000000000
1312,2025-01-08 14:25:02,Organic,UK,5,30.0,1,1.0,2025-01-09 14:25:02,0,,,,0,1,1739111102000000000
1313,2025-02-07 16:03:20,Organic,USA,4,18.0,1,1.0,2025-02-08 16:03:20,1,12.0,2025-02-19 16:03:20,Basic,50,0,
1314,2025-01-23 23:28:16,Ads,Germany,5,15.0,0,,,0,,,,0,1,1741476496000000000
1315,2025-03-14 15:51:36,Ads,India,4,24.0,1,2.0,2025-03-16 15:51:36,0,,,,0,1,1743522696000000000
1316,2025-01-26 08:23:42,Ads,India,6,27.0,1,1.0,2025-01-27 08:23:42,1,10.0,2025-02-05 08:23:42,Basic,50,1,1739348622000000000
1317,2025-02-13 09:36:23,Referral,India,6,24.0,0,,,1,11.0,2025-02-24 09:36:23,Pro,120,0,
1318,2025-02-01 11:21:09,Ads,Canada,7,21.0,1,2.0,2025-02-03 11:21:09,0,,,,0,1,1739964069000000000
1319,2025-03-25 17:52:54,Referral,USA,11,66.0,1,3.0,2025-03-28 17:52:54,1,5.0,2025-03-30 17:52:54,Pro,120,0,
1320,2025-03-07 15:39:14,Organic,India,3,6.0,0,,,0,,,,0,1,1743262754000000000
1321,2025-03-02 05:59:57,Ads,Canada,7,42.0,1,1.0,2025-03-03 05:59:57,0,,,,0,0,
1322,2025-03-03 04:02:38,Referral,Canada,6,12.0,0,,,0,,,,0,1,1744689758000000000
1323,2025-02-25 13:55:16,Ads,Canada,2,12.0,1,1.0,2025-02-26 13:55:16,1,5.0,2025-03-02 13:55:16,Basic,50,0,
1324,2025-01-27 21:46:37,Organic,India,2,6.0,1,2.0,2025-01-29 21:46:37,0,,,,0,1,1741815997000000000
1325,2025-01-10 02:31:07,Ads,India,8,36.0,1,3.0,2025-01-13 02:31:07,1,14.0,2025-01-24 02:31:07,Basic,50,1,1739586667000000000
1326,2025-01-16 16:00:49,Ads,UK,3,12.0,0,,,0,,,,0,1,1740672049000000000
1327,2025-03-04 03:43:09,Organic,USA,6,27.0,1,1.0,2025-03-05 03:43:09,0,,,,0,1,1744774989000000000
1328,2025-03-06 11:54:28,Referral,India,5,30.0,1,3.0,2025-03-09 11:54:28,0,,,,0,1,1745668468000000000
1329,2025-01-20 19:41:43,Organic,India,7,31.5,1,3.0,2025-01-23 19:41:43,0,,,,0,0,
1330,2025-02-04 13:16:58,Organic,Germany,3,6.0,0,,,0,,,,0,1,1741007818000000000
1331,2025-02-11 18:42:16,Referral,India,5,15.0,1,1.0,2025-02-12 18:42:16,0,,,,0,1,1741027336000000000
1332,2025-03-18 19:55:55,Organic,UK,0,0.0,1,2.0,2025-03-20 19:55:55,0,,,,0,1,1746042955000000000
1333,2025-01-17 00:33:38,Organic,USA,4,12.0,0,,,0,,,,0,1,1739579618000000000
1334,2025-01-05 11:23:14,Ads,UK,3,18.0,1,1.0,2025-01-06 11:23:14,0,,,,0,1,1737544994000000000
1335,2025-02-03 05:09:20,Ads,UK,6,27.0,1,3.0,2025-02-06 05:09:20,0,,,,0,0,
1336,2025-02-14 01:21:43,Organic,USA,8,32.0,0,,,0,,,,0,1,1741569703000000000
1337,2025-02-14 09:54:07,Referral,India,3,6.0,0,,,0,,,,0,1,1743501247000000000
1338,2025-01-13 15:28:21,Ads,UK,2,8.0,0,,,0,,,,0,1,1738164501000000000
1339,2025-03-02 15:05:31,Ads,India,3,6.0,0,,,0,,,,0,1,1743606331000000000
1340,2025-01-02 14:03:43,Ads,UK,4,12.0,1,2.0,2025-01-04 14:03:43,0,,,,0,1,1738937023000000000
1341,2025-01-14 03:32:44,Ads,UK,3,13.5,1,3.0,2025-01-17 03:32:44,0,,,,0,1,1741750364000000000
1342,2025-02-24 16:56:39,Organic,USA,3,9.0,0,,,0,,,,0,1,1745340999000000000
1343,2025-03-29 22:30:34,Organic,India,4,12.0,1,1.0,2025-03-30 22:30:34,0,,,,0,1,1748125834000000000
1344,2025-01-18 04:07:04,Ads,India,5,10.0,0,,,0,,,,0,1,1741666024000000000
1345,2025-01-25 22:49:08,Referral,UK,5,30.0,1,3.0,2025-01-28 22:49:08,1,13.0,2025-02-07 22:49:08,Pro,120,1,1740955748000000000
1346,2025-01-23 15:21:49,Organic,India,8,24.0,1,1.0,2025-01-24 15:21:49,0,,,,0,1,1739287309000000000
1347,2025-02-05 05:52:59,Ads,Germany,6,36.0,1,3.0,2025-02-08 05:52:59,0,,,,0,1,1743400379000000000
1348,2025-03-18 21:07:41,Referral,Germany,4,18.0,1,1.0,2025-03-19 21:07:41,1,6.0,2025-03-24 21:07:41,Basic,50,1,1745874461000000000
1349,2025-02-15 10:21:22,Organic,India,5,10.0,0,,,0,,,,0,1,1741256482000000000
1350,2025-01-11 02:32:52,Organic,India,8,36.0,1,3.0,2025-01-14 02:32:52,1,6.0,2025-01-17 02:32:52,Pro,120,0,
1351,2025-02-12 15:45:40,Organic,USA,4,24.0,1,1.0,2025-02-13 15:45:40,0,,,,0,1,1743435940000000000
1352,2025-01-07 01:04:04,Ads,Germany,2,8.0,0,,,0,,,,0,0,
1353,2025-03-07 10:56:18,Organic,USA,6,18.0,1,1.0,2025-03-08 10:56:18,0,,,,0,0,
1354,2025-02-26 09:46:34,Organic,India,3,9.0,1,2.0,2025-02-28 09:46:34,1,14.0,2025-03-12 09:46:34,Basic,50,1,1743241594000000000
1355,2025-02-17 00:41:49,Ads,UK,5,15.0,1,2.0,2025-02-19 00:41:49,0,,,,0,1,1743295309000000000
1356,2025-03-20 14:15:53,Ads,India,4,24.0,1,1.0,2025-03-21 14:15:53,0,,,,0,1,1743862553000000000
1357,2025-03-22 08:07:25,Organic,India,4,12.0,0,,,0,,,,0,1,1745568445000000000
1358,2025-03-12 00:32:03,Organic,India,7,21.0,1,2.0,2025-03-14 00:32:03,0,,,,0,1,1746145923000000000
1359,2025-03-28 16:01:28,Ads,USA,2,9.0,1,1.0,2025-03-29 16:01:28,0,,,,0,1,1747756888000000000
1360,2025-01-13 07:10:36,Referral,India,8,16.0,0,,,0,,,,0,0,
1361,2025-01-21 16:22:01,Referral,USA,6,27.0,1,2.0,2025-01-23 16:22:01,1,6.0,2025-01-27 16:22:01,Basic,50,1,1739982121000000000
1362,2025-03-08 16:23:45,Ads,Canada,8,48.0,1,1.0,2025-03-09 16:23:45,1,12.0,2025-03-20 16:23:45,Pro,120,0,
1363,2025-01-10 14:28:55,Organic,USA,4,12.0,1,1.0,2025-01-11 14:28:55,0,,,,0,1,1740148135000000000
1364,2025-02-08 14:40:07,Organic,UK,7,42.0,1,3.0,2025-02-11 14:40:07,0,,,,0,1,1743777607000000000
1365,2025-03-23 06:31:02,Organic,India,5,30.0,1,2.0,2025-03-25 06:31:02,0,,,,0,0,
1366,2025-02-14 07:59:35,Organic,USA,5,22.5,1,3.0,2025-02-17 07:59:35,0,,,,0,1,1744099175000000000
1367,2025-03-03 03:23:11,Ads,India,9,40.5,1,3.0,2025-03-06 03:23:11,1,6.0,2025-03-09 03:23:11,Basic,50,1,1746069791000000000
1368,2025-03-28 14:37:38,Organic,USA,4,24.0,1,1.0,2025-03-29 14:37:38,1,7.0,2025-04-04 14:37:38,Pro,120,1,1744468658000000000
1369,2025-02-22 10:16:28,Organic,India,1,2.0,0,,,0,,,,0,0,
1370,2025-01-30 15:47:49,Referral,India,5,22.5,1,2.0,2025-02-01 15:47:49,0,,,,0,1,1740066469000000000
1371,2025-02-05 17:16:16,Organic,India,5,30.0,1,1.0,2025-02-06 17:16:16,0,,,,0,1,1740762976000000000
1372,2025-03-17 08:13:10,Organic,India,5,30.0,1,3.0,2025-03-20 08:13:10,1,7.0,2025-03-24 08:13:10,Basic,50,0,
1373,2025-03-03 20:57:34,Organic,USA,7,42.0,1,2.0,2025-03-05 20:57:34,0,,,,0,1,1746046654000000000
1374,2025-02-08 03:22:54,Ads,USA,8,24.0,1,3.0,2025-02-11 03:22:54,0,,,,0,1,1742181774000000000
1375,2025-03-07 08:08:00,Ads,India,7,31.5,1,1.0,2025-03-08 08:08:00,0,,,,0,1,1745827680000000000
1376,2025-03-28 16:36:40,Organic,UK,9,40.5,1,1.0,2025-03-29 16:36:40,0,,,,0,0,
1377,2025-02-26 12:34:40,Ads,USA,4,16.0,0,,,0,,,,0,1,1743165280000000000
1378,2025-02-12 14:34:22,Ads,USA,6,18.0,1,3.0,2025-02-15 14:34:22,0,,,,0,1,1741012462000000000
1379,2025-02-23 14:57:58,Referral,Canada,7,42.0,1,2.0,2025-02-25 14:57:58,0,,,,0,0,
1380,2025-01-31 04:44:49,Referral,India,4,18.0,1,2.0,2025-02-02 04:44:49,0,,,,0,1,1739940289000000000
1381,2025-01-30 00:52:29,Referral,India,7,21.0,1,1.0,2025-01-31 00:52:29,0,,,,0,1,1741999949000000000
1382,2025-01-11 13:57:08,Ads,USA,5,30.0,1,3.0,2025-01-14 13:57:08,0,,,,0,0,
1383,2025-01-12 00:59:19,Organic,Germany,5,22.5,1,3.0,2025-01-15 00:59:19,0,,,,0,1,1740013159000000000
1384,2025-01-26 08:10:15,Organic,USA,3,13.5,1,1.0,2025-01-27 08:10:15,0,,,,0,0,
1385,2025-03-01 05:03:46,Organic,Canada,5,22.5,1,3.0,2025-03-04 05:03:46,0,,,,0,0,
1386,2025-03-24 16:49:54,Ads,UK,4,12.0,1,3.0,2025-03-27 16:49:54,0,,,,0,1,1746809394000000000
1387,2025-01-19 20:09:41,Referral,USA,1,3.0,1,3.0,2025-01-22 20:09:41,0,,,,0,0,
1388,2025-02-08 23:58:58,Ads,USA,8,24.0,0,,,0,,,,0,1,1740873538000000000
1389,2025-02-07 12:39:34,Organic,USA,8,36.0,1,3.0,2025-02-10 12:39:34,0,,,,0,0,
1390,2025-01-04 23:54:26,Ads,USA,3,9.0,1,2.0,2025-01-06 23:54:26,1,5.0,2025-01-09 23:54:26,Pro,120,0,
1391,2025-02-15 19:04:39,Referral,USA,4,16.0,0,,,0,,,,0,0,
1392,2025-01-18 19:23:21,Ads,UK,6,36.0,1,1.0,2025-01-19 19:23:21,0,,,,0,1,1739906601000000000
1393,2025-01-30 20:04:15,Referral,USA,5,30.0,1,1.0,2025-01-31 20:04:15,1,11.0,2025-02-10 20:04:15,Basic,50,0,
1394,2025-02-05 13:11:15,Referral,India,5,22.5,1,2.0,2025-02-07 13:11:15,0,,,,0,1,1740143475000000000
1395,2025-02-22 12:22:38,Referral,UK,6,18.0,0,,,1,8.0,2025-03-02 12:22:38,Pro,120,0,
1396,2025-03-25 07:31:58,Ads,UK,3,9.0,1,3.0,2025-03-28 07:31:58,0,,,,0,1,1745047918000000000
1397,2025-02-16 08:04:44,Ads,Germany,9,27.0,0,,,0,,,,0,1,1743753884000000000
1398,2025-03-05 18:40:32,Organic,USA,5,30.0,1,3.0,2025-03-08 18:40:32,0,,,,0,0,
1399,2025-01-13 19:45:55,Organic,India,5,15.0,0,,,0,,,,0,1,1740080755000000000
1400,2025-03-02 23:18:53,Ads,India,3,12.0,0,,,0,,,,0,1,1743549533000000000
1401,2025-03-07 08:12:22,Organic,UK,2,4.0,0,,,0,,,,0,0,
1402,2025-02-14 00:06:50,Referral,India,2,6.0,1,2.0,2025-02-16 00:06:50,0,,,,0,1,1744157210000000000
1403,2025-03-15 23:02:59,Organic,Germany,7,21.0,1,1.0,2025-03-16 23:02:59,0,,,,0,1,1746745379000000000
1404,2025-03-21 11:31:40,Referral,India,5,15.0,1,3.0,2025-03-24 11:31:40,0,,,,0,0,
1405,2025-03-05 20:10:13,Organic,Canada,9,27.0,1,3.0,2025-03-08 20:10:13,1,7.0,2025-03-12 20:10:13,Pro,120,0,
1406,2025-01-23 08:52:08,Organic,UK,3,9.0,0,,,0,,,,0,1,1739263928000000000
1407,2025-02-28 10:03:12,Referral,Canada,7,42.0,1,3.0,2025-03-03 10:03:12,0,,,,0,0,
1408,2025-01-22 23:38:12,Organic,India,7,42.0,1,3.0,2025-01-25 23:38:12,0,,,,0,1,1738885092000000000
1409,2025-03-03 01:17:14,Organic,USA,6,24.0,0,,,0,,,,0,1,1743556634000000000
1410,2025-03-29 10:19:34,Organic,India,5,22.5,1,3.0,2025-04-01 10:19:34,0,,,,0,1,1746613174000000000
1411,2025-01-28 08:00:32,Ads,India,9,54.0,1,2.0,2025-01-30 08:00:32,0,,,,0,1,1741420832000000000
1412,2025-01-17 08:53:17,Organic,India,5,20.0,0,,,0,,,,0,0,
1413,2025-03-12 13:38:11,Ads,UK,5,22.5,1,2.0,2025-03-14 13:38:11,0,,,,0,1,1744551491000000000
1414,2025-03-18 01:43:49,Ads,India,3,18.0,1,3.0,2025-03-21 01:43:49,0,,,,0,1,1745804629000000000
1415,2025-02-28 07:58:57,Ads,Germany,5,22.5,1,1.0,2025-03-01 07:58:57,1,11.0,2025-03-11 07:58:57,Pro,120,0,
1416,2025-02-06 18:46:33,Ads,India,4,16.0,0,,,0,,,,0,1,1743360393000000000
1417,2025-03-29 18:29:14,Ads,India,5,15.0,1,2.0,2025-03-31 18:29:14,0,,,,0,1,1746296954000000000
1418,2025-02-06 05:46:49,Organic,India,2,4.0,0,,,0,,,,0,0,
1419,2025-01-15 03:52:00,Referral,UK,6,18.0,0,,,0,,,,0,1,1740714720000000000
1420,2025-03-09 06:49:25,Organic,India,4,12.0,0,,,0,,,,0,1,1743403765000000000
1421,2025-02-16 23:11:33,Ads,Canada,2,9.0,1,1.0,2025-02-17 23:11:33,0,,,,0,1,1743376293000000000
1422,2025-03-07 20:54:36,Organic,USA,4,18.0,1,1.0,2025-03-08 20:54:36,0,,,,0,0,
1423,2025-03-04 11:21:02,Referral,Germany,2,4.0,0,,,0,,,,0,0,
1424,2025-02-07 05:47:15,Organic,India,5,15.0,1,1.0,2025-02-08 05:47:15,0,,,,0,0,
1425,2025-01-27 14:55:19,Organic,USA,4,12.0,1,1.0,2025-01-28 14:55:19,1,13.0,2025-02-09 14:55:19,Basic,50,1,1740754519000000000
1426,2025-01-22 23:37:23,Ads,UK,3,9.0,0,,,0,,,,0,1,1739662643000000000
1427,2025-02-09 21:55:03,Ads,Canada,4,8.0,0,,,0,,,,0,1,1740866103000000000
1428,2025-01-17 15:55:58,Organic,USA,6,18.0,1,2.0,2025-01-19 15:55:58,0,,,,0,1,1742140558000000000
1429,2025-01-21 21:31:08,Ads,Canada,5,15.0,0,,,0,,,,0,1,1741901468000000000
1430,2025-02-09 16:12:55,Ads,India,4,12.0,0,,,0,,,,0,1,1742314375000000000
1431,2025-03-15 13:37:08,Referral,UK,4,24.0,1,3.0,2025-03-18 13:37:08,0,,,,0,0,
1432,2025-01-02 11:01:48,Ads,India,6,18.0,1,2.0,2025-01-04 11:01:48,0,,,,0,1,1740913308000000000
1433,2025-02-06 13:48:30,Organic,India,4,18.0,1,1.0,2025-02-07 13:48:30,1,8.0,2025-02-14 13:48:30,Pro,120,0,
1434,2025-02-07 09:13:39,Organic,India,4,8.0,0,,,0,,,,0,1,1742894019000000000
1435,2025-03-19 00:33:15,Referral,Canada,5,15.0,1,2.0,2025-03-21 00:33:15,0,,,,0,0,
1436,2025-01-20 18:21:32,Referral,Germany,8,24.0,1,1.0,2025-01-21 18:21:32,0,,,,0,1,1741803692000000000
1437,2025-03-05 22:53:53,Organic,India,5,10.0,0,,,0,,,,0,0,
1438,2025-01-25 01:49:14,Organic,Canada,7,21.0,0,,,0,,,,0,1,1741139354000000000
1439,2025-01-26 23:31:42,Ads,USA,8,48.0,1,3.0,2025-01-29 23:31:42,0,,,,0,1,1742167902000000000
1440,2025-02-09 02:16:18,Organic,UK,4,12.0,1,2.0,2025-02-11 02:16:18,0,,,,0,1,1742177778000000000
1441,2025-01-30 06:47:14,Organic,India,3,18.0,1,3.0,2025-02-02 06:47:14,0,,,,0,0,
1442,2025-02-22 10:55:31,Organic,USA,3,9.0,1,3.0,2025-02-25 10:55:31,0,,,,0,1,1744455331000000000
1443,2025-03-26 22:41:39,Organic,India,5,30.0,1,1.0,2025-03-27 22:41:39,0,,,,0,0,
1444,2025-03-08 09:06:33,Organic,India,2,9.0,1,3.0,2025-03-11 09:06:33,0,,,,0,1,1742720793000000000
1445,2025-03-10 06:11:38,Ads,USA,6,18.0,1,3.0,2025-03-13 06:11:38,0,,,,0,1,1745561498000000000
1446,2025-02-01 03:59:15,Organic,Canada,7,21.0,1,1.0,2025-02-02 03:59:15,1,13.0,2025-02-14 03:59:15,Pro,120,0,
1447,2025-01-05 11:52:29,Organic,USA,7,42.0,1,3.0,2025-01-08 11:52:29,0,,,,0,1,1740052349000000000
1448,2025-01-13 07:12:09,Organic,Germany,2,9.0,1,3.0,2025-01-16 07:12:09,1,6.0,2025-01-19 07:12:09,Pro,120,0,
1449,2025-02-06 03:47:51,Organic,Canada,5,15.0,1,2.0,2025-02-08 03:47:51,0,,,,0,0,
1450,2025-03-09 15:11:33,Organic,India,6,24.0,0,,,0,,,,0,1,1745939493000000000
1451,2025-02-09 04:41:41,Organic,India,5,22.5,1,3.0,2025-02-12 04:41:41,0,,,,0,0,
1452,2025-01-23 21:44:39,Ads,UK,3,13.5,1,3.0,2025-01-26 21:44:39,0,,,,0,1,1740174279000000000
1453,2025-03-27 14:15:50,Organic,Germany,4,16.0,0,,,0,,,,0,1,1747577750000000000
1454,2025-02-23 02:32:14,Organic,Germany,4,18.0,1,3.0,2025-02-26 02:32:14,0,,,,0,1,1741746734000000000
1455,2025-02-10 18:35:05,Organic,UK,3,9.0,1,1.0,2025-02-11 18:35:05,1,5.0,2025-02-15 18:35:05,Basic,50,0,
1456,2025-01-01 21:07:57,Ads,USA,7,31.5,1,3.0,2025-01-04 21:07:57,0,,,,0,1,1740085677000000000
1457,2025-03-24 23:12:42,Referral,UK,5,15.0,0,,,0,,,,0,1,1744240362000000000
1458,2025-02-20 02:10:19,Organic,India,7,14.0,0,,,0,,,,0,0,
1459,2025-03-26 07:35:53,Referral,India,5,15.0,1,3.0,2025-03-29 07:35:53,1,7.0,2025-04-02 07:35:53,Basic,50,1,1747899353000000000
1460,2025-01-15 12:46:04,Organic,UK,2,9.0,1,3.0,2025-01-18 12:46:04,1,13.0,2025-01-28 12:46:04,Basic,50,0,
1461,2025-01-23 02:05:27,Referral,Canada,4,24.0,1,1.0,2025-01-24 02:05:27,0,,,,0,1,1739930727000000000
1462,2025-01-02 10:58:05,Organic,Germany,4,12.0,1,1.0,2025-01-03 10:58:05,1,8.0,2025-01-10 10:58:05,Basic,50,0,
1463,2025-02-28 22:01:53,Ads,India,2,4.0,0,,,0,,,,0,1,1743372113000000000
1464,2025-01-07 06:27:36,Ads,UK,6,36.0,1,2.0,2025-01-09 06:27:36,0,,,,0,0,
1465,2025-01-08 18:18:08,Organic,Canada,4,12.0,1,2.0,2025-01-10 18:18:08,1,10.0,2025-01-18 18:18:08,Basic,50,1,1738347488000000000
1466,2025-01-27 10:46:06,Referral,USA,6,36.0,1,3.0,2025-01-30 10:46:06,0,,,,0,1,1742208366000000000
1467,2025-03-15 21:06:47,Ads,India,4,12.0,1,3.0,2025-03-18 21:06:47,0,,,,0,0,
1468,2025-02-21 05:01:47,Organic,USA,2,9.0,1,2.0,2025-02-23 05:01:47,0,,,,0,1,1743656507000000000
1469,2025-02-27 23:07:22,Organic,USA,4,18.0,1,2.0,2025-03-01 23:07:22,0,,,,0,1,1745276842000000000
1470,2025-01-24 17:52:11,Organic,USA,1,4.0,0,,,0,,,,0,0,
1471,2025-02-02 07:40:27,Referral,USA,9,40.5,1,2.0,2025-02-04 07:40:27,0,,,,0,0,
1472,2025-02-03 19:20:03,Ads,Canada,2,12.0,1,3.0,2025-02-06 19:20:03,1,10.0,2025-02-13 19:20:03,Basic,50,1,1741634403000000000
1473,2025-02-08 20:41:19,Organic,India,5,22.5,1,1.0,2025-02-09 20:41:19,1,7.0,2025-02-15 20:41:19,Pro,120,1,1742589679000000000
1474,2025-03-08 12:40:35,Ads,India,6,36.0,1,3.0,2025-03-11 12:40:35,0,,,,0,1,1744029635000000000
1475,2025-02-20 19:27:00,Referral,USA,5,30.0,1,1.0,2025-02-21 19:27:00,0,,,,0,0,
1476,2025-02-01 00:55:19,Ads,India,4,18.0,1,1.0,2025-02-02 00:55:19,0,,,,0,0,
1477,2025-03-18 11:10:28,Ads,Germany,3,9.0,1,2.0,2025-03-20 11:10:28,1,7.0,2025-03-25 11:10:28,Basic,50,0,
1478,2025-01-11 07:24:55,Ads,India,7,14.0,0,,,0,,,,0,1,1741418695000000000
1479,2025-02-18 13:07:10,Organic,USA,2,12.0,1,1.0,2025-02-19 13:07:10,0,,,,0,1,1744204030000000000
1480,2025-01-10 16:59:21,Organic,Canada,0,0.0,0,,,0,,,,0,0,
1481,2025-03-27 06:34:24,Referral,India,5,22.5,1,2.0,2025-03-29 06:34:24,1,8.0,2025-04-04 06:34:24,Basic,50,1,1744785264000000000
1482,2025-01-06 18:58:35,Organic,Canada,4,18.0,1,3.0,2025-01-09 18:58:35,0,,,,0,1,1740769115000000000
1483,2025-03-11 00:32:30,Referral,USA,3,13.5,1,2.0,2025-03-13 00:32:30,0,,,,0,1,1745713950000000000
1484,2025-03-03 22:53:45,Organic,India,3,18.0,1,2.0,2025-03-05 22:53:45,1,13.0,2025-03-16 22:53:45,Basic,50,0,
1485,2025-01-28 22:41:12,Organic,Germany,7,31.5,1,1.0,2025-01-29 22:41:12,0,,,,0,0,
1486,2025-01-16 00:57:25,Referral,India,6,18.0,0,,,0,,,,0,0,
1487,2025-02-27 03:02:10,Ads,USA,5,22.5,1,1.0,2025-02-28 03:02:10,1,6.0,2025-03-05 03:02:10,Pro,120,1,1744340530000000000
1488,2025-01-06 18:31:56,Organic,India,4,24.0,1,1.0,2025-01-07 18:31:56,0,,,,0,1,1738953116000000000
1489,2025-02-06 08:31:09,Ads,India,4,24.0,1,3.0,2025-02-09 08:31:09,0,,,,0,1,1741249869000000000
1490,2025-02-08 10:32:07,Ads,Canada,6,27.0,1,2.0,2025-02-10 10:32:07,0,,,,0,1,1741084327000000000
1491,2025-01-30 14:54:32,Ads,UK,6,36.0,1,2.0,2025-02-01 14:54:32,0,,,,0,1,1743087272000000000
1492,2025-03-28 12:21:41,Organic,India,3,6.0,0,,,0,,,,0,1,1745756501000000000
1493,2025-01-27 08:15:06,Referral,USA,3,18.0,1,2.0,2025-01-29 08:15:06,0,,,,0,0,
1494,2025-03-22 13:28:54,Referral,UK,3,13.5,1,3.0,2025-03-25 13:28:54,1,8.0,2025-03-30 13:28:54,Pro,120,0,
1495,2025-03-27 08:29:52,Organic,Canada,1,4.5,1,2.0,2025-03-29 08:29:52,0,,,,0,0,
1496,2025-03-18 02:35:16,Referral,USA,6,36.0,1,2.0,2025-03-20 02:35:16,0,,,,0,0,
1497,2025-01-24 04:12:04,Referral,Canada,5,22.5,1,1.0,2025-01-25 04:12:04,0,,,,0,1,1742271124000000000
1498,2025-03-14 11:28:25,Ads,USA,6,18.0,1,3.0,2025-03-17 11:28:25,0,,,,0,0,
1499,2025-02-20 01:57:01,Ads,UK,3,13.5,1,2.0,2025-02-22 01:57:01,1,14.0,2025-03-06 01:57:01,Pro,120,0,
1500,2025-02-08 11:25:23,Organic,Germany,4,24.0,1,2.0,2025-02-10 11:25:23,1,14.0,2025-02-22 11:25:23,Pro,120,0,
1501,2025-03-22 07:43:49,Organic,India,6,36.0,1,3.0,2025-03-25 07:43:49,0,,,,0,0,
1502,2025-03-19 05:08:38,Ads,India,8,48.0,1,1.0,2025-03-20 05:08:38,0,,,,0,1,1746076118000000000
1503,2025-02-15 17:36:56,Referral,India,5,30.0,1,2.0,2025-02-17 17:36:56,0,,,,0,0,
1504,2025-01-06 17:23:12,Ads,India,1,4.5,1,2.0,2025-01-08 17:23:12,0,,,,0,0,
1505,2025-02-07 13:38:06,Ads,India,4,24.0,1,2.0,2025-02-09 13:38:06,0,,,,0,1,1743082686000000000
1506,2025-02-14 14:37:41,Organic,UK,5,30.0,1,1.0,2025-02-15 14:37:41,0,,,,0,0,
1507,2025-03-04 15:09:42,Organic,USA,5,10.0,0,,,0,,,,0,1,1746025782000000000
1508,2025-02-11 09:57:06,Organic,India,4,18.0,1,3.0,2025-02-14 09:57:06,0,,,,0,0,
1509,2025-03-13 04:03:51,Organic,India,5,10.0,0,,,0,,,,0,0,
1510,2025-01-24 11:44:14,Ads,India,10,45.0,1,1.0,2025-01-25 11:44:14,0,,,,0,1,1740483854000000000
1511,2025-01-29 02:19:00,Organic,USA,3,18.0,1,2.0,2025-01-31 02:19:00,0,,,,0,1,1742609940000000000
1512,2025-01-20 20:33:50,Ads,USA,4,18.0,1,3.0,2025-01-23 20:33:50,0,,,,0,1,1742070830000000000
1513,2025-01-04 16:26:48,Organic,India,10,60.0,1,3.0,2025-01-07 16:26:48,0,,,,0,0,
1514,2025-01-06 10:04:36,Ads,Germany,2,8.0,0,,,0,,,,0,1,1740650676000000000
1515,2025-03-02 07:00:24,Ads,USA,3,6.0,0,,,0,,,,0,1,1744614024000000000
1516,2025-01-25 22:31:37,Organic,Germany,3,13.5,1,1.0,2025-01-26 22:31:37,0,,,,0,1,1742337097000000000
1517,2025-01-06 22:03:31,Organic,India,6,27.0,1,3.0,2025-01-09 22:03:31,0,,,,0,0,
1518,2025-02-03 19:53:28,Organic,UK,3,12.0,0,,,0,,,,0,0,
1519,2025-02-06 01:52:52,Referral,USA,5,10.0,0,,,0,,,,0,1,1741485172000000000
1520,2025-01-11 05:39:37,Organic,Canada,11,33.0,1,2.0,2025-01-13 05:39:37,0,,,,0,1,1738733977000000000
1521,2025-03-14 23:18:00,Ads,USA,6,36.0,1,2.0,2025-03-16 23:18:00,0,,,,0,0,
1522,2025-02-19 00:24:02,Referral,Germany,1,3.0,1,1.0,2025-02-20 00:24:02,1,10.0,2025-03-01 00:24:02,Basic,50,0,
1523,2025-03-25 17:28:30,Ads,USA,7,21.0,1,3.0,2025-03-28 17:28:30,0,,,,0,1,1745170110000000000
1524,2025-01-22 23:25:39,Organic,UK,3,6.0,0,,,0,,,,0,1,1739057139000000000
1525,2025-01-15 05:28:56,Referral,Canada,3,12.0,0,,,0,,,,0,1,1741930136000000000
1526,2025-01-12 18:37:13,Organic,UK,4,12.0,1,2.0,2025-01-14 18:37:13,1,12.0,2025-01-24 18:37:13,Basic,50,0,
1527,2025-02-23 22:43:49,Organic,USA,5,30.0,1,3.0,2025-02-26 22:43:49,0,,,,0,0,
1528,2025-02-01 22:58:09,Referral,India,5,30.0,1,2.0,2025-02-03 22:58:09,0,,,,0,1,1741647489000000000
1529,2025-02-12 13:41:26,Ads,Canada,6,36.0,1,2.0,2025-02-14 13:41:26,0,,,,0,1,1741873286000000000
1530,2025-03-04 03:24:01,Organic,USA,7,31.5,1,1.0,2025-03-05 03:24:01,0,,,,0,1,1745205841000000000
1531,2025-01-19 07:18:50,Organic,USA,4,24.0,1,3.0,2025-01-22 07:18:50,0,,,,0,1,1740727130000000000
1532,2025-02-28 07:34:57,Organic,India,8,36.0,1,1.0,2025-03-01 07:34:57,0,,,,0,1,1744875297000000000
1533,2025-01-25 03:47:38,Ads,USA,8,24.0,0,,,0,,,,0,1,1740455258000000000
1534,2025-02-22 00:00:16,Organic,UK,8,36.0,1,2.0,2025-02-24 00:00:16,0,,,,0,1,1741996816000000000
1535,2025-02-26 05:00:47,Referral,USA,1,6.0,1,1.0,2025-02-27 05:00:47,1,10.0,2025-03-08 05:00:47,Pro,120,0,
1536,2025-03-21 08:54:18,Referral,USA,6,18.0,1,3.0,2025-03-24 08:54:18,0,,,,0,0,
1537,2025-03-05 00:20:59,Referral,India,7,31.5,1,1.0,2025-03-06 00:20:59,0,,,,0,0,
1538,2025-02-01 19:39:38,Organic,India,0,0.0,0,,,0,,,,0,0,
1539,2025-01-12 12:48:50,Ads,UK,8,24.0,1,1.0,2025-01-13 12:48:50,0,,,,0,1,1740660530000000000
1540,2025-01-09 22:14:13,Referral,India,4,12.0,0,,,0,,,,0,1,1740694453000000000
1541,2025-01-31 02:40:23,Referral,USA,6,27.0,1,2.0,2025-02-02 02:40:23,0,,,,0,0,
1542,2025-03-14 13:56:40,Organic,USA,4,18.0,1,3.0,2025-03-17 13:56:40,0,,,,0,0,
1543,2025-01-16 22:50:46,Organic,Germany,7,42.0,1,2.0,2025-01-18 22:50:46,0,,,,0,1,1739832646000000000
1544,2025-03-14 02:53:39,Organic,India,11,49.5,1,1.0,2025-03-15 02:53:39,0,,,,0,1,1746413619000000000
1545,2025-02-17 13:23:17,Ads,India,8,24.0,1,2.0,2025-02-19 13:23:17,1,13.0,2025-03-02 13:23:17,Basic,50,0,
1546,2025-02-03 14:32:20,Ads,USA,10,30.0,1,1.0,2025-02-04 14:32:20,1,12.0,2025-02-15 14:32:20,Pro,120,0,
1547,2025-02-08 22:38:15,Referral,USA,4,12.0,0,,,0,,,,0,1,1742251095000000000
1548,2025-02-16 01:06:40,Organic,India,4,24.0,1,1.0,2025-02-17 01:06:40,0,,,,0,1,1743815200000000000
1549,2025-02-22 23:30:56,Organic,Canada,5,22.5,1,2.0,2025-02-24 23:30:56,0,,,,0,1,1741563056000000000
1550,2025-03-01 14:15:56,Organic,USA,7,21.0,1,2.0,2025-03-03 14:15:56,0,,,,0,1,1742739356000000000
1551,2025-01-26 08:43:42,Organic,India,3,6.0,0,,,0,,,,0,1,1739781822000000000
1552,2025-01-13 02:24:42,Organic,India,6,12.0,0,,,0,,,,0,0,
1553,2025-03-11 20:07:49,Ads,Canada,5,30.0,1,3.0,2025-03-14 20:07:49,0,,,,0,1,1746389269000000000
1554,2025-03-08 23:17:45,Ads,India,5,22.5,1,2.0,2025-03-10 23:17:45,0,,,,0,1,1743290265000000000
1555,2025-03-10 09:17:15,Ads,India,4,18.0,1,1.0,2025-03-11 09:17:15,1,14.0,2025-03-24 09:17:15,Pro,120,1,1744190235000000000
1556,2025-03-28 15:49:05,Organic,India,3,18.0,1,1.0,2025-03-29 15:49:05,1,5.0,2025-04-02 15:49:05,Basic,50,0,
1557,2025-03-12 23:40:04,Organic,USA,5,22.5,1,2.0,2025-03-14 23:40:04,0,,,,0,1,1744501204000000000
1558,2025-03-16 15:43:44,Organic,Canada,7,21.0,0,,,0,,,,0,0,
1559,2025-01-15 23:48:22,Referral,India,3,6.0,0,,,1,10.0,2025-01-25 23:48:22,Pro,120,0,
1560,2025-02-16 07:50:40,Organic,India,3,13.5,1,1.0,2025-02-17 07:50:40,0,,,,0,0,
1561,2025-01-07 14:27:31,Referral,India,5,22.5,1,1.0,2025-01-08 14:27:31,0,,,,0,0,
1562,2025-01-01 05:30:16,Organic,USA,2,6.0,1,1.0,2025-01-02 05:30:16,0,,,,0,0,
1563,2025-01-12 04:42:24,Referral,India,5,22.5,1,3.0,2025-01-15 04:42:24,0,,,,0,0,
1564,2025-02-03 01:04:19,Referral,Canada,4,12.0,0,,,0,,,,0,1,1741309459000000000
1565,2025-01-28 22:02:29,Organic,India,2,6.0,0,,,0,,,,0,1,1740088949000000000
1566,2025-03-04 11:41:09,Ads,India,3,12.0,0,,,0,,,,0,0,
1567,2025-03-09 20:51:39,Organic,India,6,36.0,1,2.0,2025-03-11 20:51:39,0,,,,0,1,1743108699000000000
1568,2025-02-08 19:10:52,Referral,Canada,8,32.0,0,,,0,,,,0,1,1740337852000000000
1569,2025-02-13 04:53:59,Organic,UK,9,27.0,1,1.0,2025-02-14 04:53:59,0,,,,0,1,1741841639000000000
1570,2025-01-13 00:34:56,Organic,Germany,5,10.0,0,,,0,,,,0,0,
1571,2025-02-08 04:00:06,Ads,India,5,22.5,1,3.0,2025-02-11 04:00:06,0,,,,0,1,1743220806000000000
1572,2025-03-23 06:38:56,Referral,India,3,18.0,1,1.0,2025-03-24 06:38:56,0,,,,0,1,1747809536000000000
1573,2025-03-08 18:28:47,Organic,USA,6,18.0,1,3.0,2025-03-11 18:28:47,0,,,,0,1,1746037727000000000
1574,2025-02-03 07:36:44,Ads,USA,4,18.0,1,1.0,2025-02-04 07:36:44,0,,,,0,1,1740555404000000000
1575,2025-02-11 10:41:33,Organic,USA,4,12.0,0,,,0,,,,0,0,
1576,2025-02-20 02:10:58,Organic,India,5,10.0,0,,,0,,,,0,1,1743041458000000000
1577,2025-02-15 19:03:22,Ads,India,2,9.0,1,2.0,2025-02-17 19:03:22,0,,,,0,0,
1578,2025-02-17 10:02:31,Organic,India,6,36.0,1,3.0,2025-02-20 10:02:31,1,7.0,2025-02-24 10:02:31,Basic,50,0,
1579,2025-03-20 00:58:58,Organic,UK,3,13.5,1,3.0,2025-03-23 00:58:58,0,,,,0,0,
1580,2025-03-28 00:52:13,Referral,USA,7,21.0,1,3.0,2025-03-31 00:52:13,0,,,,0,1,1745715133000000000
1581,2025-01-04 01:23:43,Organic,Canada,2,12.0,1,3.0,2025-01-07 01:23:43,0,,,,0,1,1739928223000000000
1582,2025-03-13 07:58:21,Ads,India,8,48.0,1,2.0,2025-03-15 07:58:21,0,,,,0,1,1745827101000000000
1583,2025-03-03 08:55:56,Organic,Canada,7,42.0,1,1.0,2025-03-04 08:55:56,0,,,,0,1,1745225756000000000
1584,2025-03-11 06:24:44,Organic,USA,4,8.0,0,,,0,,,,0,0,
1585,2025-02-08 10:01:00,Organic,India,2,4.0,0,,,0,,,,0,0,
1586,2025-03-09 19:06:05,Ads,Germany,2,9.0,1,2.0,2025-03-11 19:06:05,1,8.0,2025-03-17 19:06:05,Basic,50,1,1744743965000000000
1587,2025-02-01 04:24:47,Ads,USA,10,30.0,0,,,0,,,,0,1,1741321487000000000
1588,2025-01-20 06:54:31,Organic,USA,5,22.5,1,3.0,2025-01-23 06:54:31,0,,,,0,0,
1589,2025-03-17 08:47:14,Organic,UK,5,15.0,0,,,0,,,,0,1,1746521234000000000
1590,2025-03-04 09:53:21,Referral,India,3,6.0,0,,,0,,,,0,1,1744970001000000000
1591,2025-02-23 11:37:36,Organic,UK,5,22.5,1,2.0,2025-02-25 11:37:36,0,,,,0,0,
1592,2025-01-07 19:26:05,Referral,Canada,5,10.0,0,,,0,,,,0,0,
1593,2025-02-28 02:09:54,Organic,India,4,18.0,1,3.0,2025-03-03 02:09:54,0,,,,0,0,
1594,2025-01-09 03:27:42,Ads,UK,7,28.0,0,,,0,,,,0,0,
1595,2025-01-16 02:39:45,Organic,UK,2,6.0,0,,,0,,,,0,1,1741142385000000000
1596,2025-02-17 08:41:37,Referral,India,7,31.5,1,1.0,2025-02-18 08:41:37,1,12.0,2025-03-01 08:41:37,Basic,50,0,
1597,2025-03-04 06:36:37,Ads,India,6,18.0,1,3.0,2025-03-07 06:36:37,1,11.0,2025-03-15 06:36:37,Basic,50,0,
1598,2025-03-07 02:26:35,Organic,India,1,3.0,0,,,0,,,,0,1,1744511195000000000
1599,2025-01-31 18:44:00,Organic,USA,7,21.0,1,3.0,2025-02-03 18:44:00,0,,,,0,0,
1600,2025-01-19 12:20:01,Ads,Canada,4,12.0,1,1.0,2025-01-20 12:20:01,1,8.0,2025-01-27 12:20:01,Basic,50,0,
1601,2025-02-15 15:27:25,Ads,USA,4,18.0,1,3.0,2025-02-18 15:27:25,1,6.0,2025-02-21 15:27:25,Basic,50,1,1744644445000000000
1602,2025-02-22 00:36:53,Organic,India,1,2.0,0,,,0,,,,0,1,1745195813000000000
1603,2025-03-25 17:34:42,Organic,USA,5,15.0,0,,,0,,,,0,1,1744997682000000000
1604,2025-02-16 21:29:34,Referral,Canada,5,10.0,0,,,0,,,,0,1,1742938174000000000
1605,2025-03-12 12:54:27,Organic,India,5,15.0,1,2.0,2025-03-14 12:54:27,0,,,,0,1,1745412867000000000
1606,2025-01-15 07:00:16,Ads,Canada,7,28.0,0,,,0,,,,0,1,1739343616000000000
1607,2025-01-19 19:29:11,Organic,UK,3,18.0,1,3.0,2025-01-22 19:29:11,0,,,,0,1,1742412551000000000
1608,2025-01-23 17:49:16,Referral,India,7,21.0,1,2.0,2025-01-25 17:49:16,0,,,,0,1,1739987356000000000
1609,2025-03-05 20:36:06,Referral,India,1,3.0,1,2.0,2025-03-07 20:36:06,0,,,,0,0,
1610,2025-02-09 21:57:58,Referral,USA,4,8.0,0,,,1,7.0,2025-02-16 21:57:58,Basic,50,0,
1611,2025-03-06 06:43:14,Organic,UK,6,12.0,0,,,0,,,,0,1,1743576194000000000
1612,2025-01-14 01:06:39,Referral,Canada,3,9.0,0,,,0,,,,0,1,1740531999000000000
1613,2025-02-10 15:17:29,Organic,USA,3,13.5,1,3.0,2025-02-13 15:17:29,0,,,,0,0,
1614,2025-03-02 07:39:53,Ads,India,3,9.0,0,,,0,,,,0,1,1745134793000000000
1615,2025-02-17 00:39:46,Ads,India,3,18.0,1,2.0,2025-02-19 00:39:46,0,,,,0,0,
1616,2025-03-12 15:49:01,Organic,UK,6,18.0,0,,,0,,,,0,1,1746805741000000000
1617,2025-03-01 01:08:49,Referral,India,3,9.0,1,3.0,2025-03-04 01:08:49,0,,,,0,1,1745543329000000000
1618,2025-01-27 09:33:47,Organic,UK,5,20.0,0,,,0,,,,0,1,1741599227000000000
1619,2025-01-21 16:05:10,Ads,India,8,16.0,0,,,0,,,,0,1,1739462710000000000
1620,2025-02-26 02:19:29,Ads,India,4,18.0,1,2.0,2025-02-28 02:19:29,0,,,,0,1,1745029169000000000
1621,2025-03-29 11:01:26,Ads,India,5,30.0,1,2.0,2025-03-31 11:01:26,1,9.0,2025-04-07 11:01:26,Pro,120,0,
1622,2025-02-05 19:58:20,Organic,India,2,6.0,1,1.0,2025-02-06 19:58:20,0,,,,0,1,1743105500000000000
1623,2025-03-28 05:20:07,Organic,USA,3,6.0,0,,,0,,,,0,1,1744608007000000000
1624,2025-03-26 18:34:40,Referral,India,7,14.0,0,,,0,,,,0,0,
1625,2025-02-16 19:04:24,Organic,Germany,8,36.0,1,1.0,2025-02-17 19:04:24,0,,,,0,1,1744052664000000000
1626,2025-03-05 02:01:26,Organic,USA,5,15.0,0,,,0,,,,0,0,
1627,2025-01-31 03:02:47,Organic,USA,5,10.0,0,,,0,,,,0,0,
1628,2025-02-09 19:09:10,Organic,USA,4,18.0,1,3.0,2025-02-12 19:09:10,1,9.0,2025-02-18 19:09:10,Pro,120,0,
1629,2025-01-01 21:10:18,Referral,USA,5,15.0,1,2.0,2025-01-03 21:10:18,0,,,,0,0,
1630,2025-03-21 14:49:34,Organic,India,2,6.0,1,1.0,2025-03-22 14:49:34,0,,,,0,1,1744037374000000000
1631,2025-01-09 21:54:04,Ads,Germany,8,36.0,1,1.0,2025-01-10 21:54:04,1,11.0,2025-01-20 21:54:04,Basic,50,1,1739310844000000000
1632,2025-03-06 13:44:39,Organic,USA,5,15.0,1,3.0,2025-03-09 13:44:39,1,14.0,2025-03-20 13:44:39,Basic,50,0,
1633,2025-01-30 11:25:41,Organic,India,1,2.0,0,,,0,,,,0,1,1741173941000000000
1634,2025-03-10 15:08:40,Organic,USA,5,15.0,1,1.0,2025-03-11 15:08:40,0,,,,0,0,
1635,2025-02-24 01:59:10,Organic,USA,6,12.0,0,,,0,,,,0,1,1742608750000000000
1636,2025-02-23 21:25:56,Organic,India,5,15.0,1,3.0,2025-02-26 21:25:56,0,,,,0,0,
1637,2025-02-10 06:42:10,Ads,Germany,6,18.0,1,3.0,2025-02-13 06:42:10,1,13.0,2025-02-23 06:42:10,Basic,50,0,
1638,2025-02-06 20:55:14,Organic,India,10,60.0,1,2.0,2025-02-08 20:55:14,0,,,,0,1,1740862514000000000
1639,2025-01-21 00:01:36,Organic,USA,4,16.0,0,,,0,,,,0,0,
1640,2025-01-05 00:35:39,Organic,Germany,7,14.0,0,,,0,,,,0,0,
1641,2025-01-06 11:12:07,Organic,India,4,8.0,0,,,0,,,,0,0,
1642,2025-03-30 17:45:05,Referral,India,6,18.0,1,2.0,2025-04-01 17:45:05,0,,,,0,1,1746121505000000000
1643,2025-02-01 04:35:46,Ads,India,1,3.0,0,,,0,,,,0,1,1739680546000000000
1644,2025-02-18 22:46:55,Organic,India,5,22.5,1,2.0,2025-02-20 22:46:55,0,,,,0,1,1744930015000000000
1645,2025-01-23 05:55:35,Organic,India,3,18.0,1,2.0,2025-01-25 05:55:35,0,,,,0,0,
1646,2025-03-19 17:41:33,Referral,Canada,7,42.0,1,3.0,2025-03-22 17:41:33,0,,,,0,0,
1647,2025-03-23 06:30:55,Organic,Canada,7,28.0,0,,,0,,,,0,0,
1648,2025-01-12 07:40:39,Referral,UK,4,18.0,1,3.0,2025-01-15 07:40:39,0,,,,0,1,1738222839000000000
1649,2025-01-11 09:58:05,Organic,India,5,30.0,1,3.0,2025-01-14 09:58:05,0,,,,0,1,1741427885000000000
1650,2025-01-08 01:05:46,Referral,Canada,7,21.0,1,3.0,2025-01-11 01:05:46,0,,,,0,1,1737853546000000000
1651,2025-03-27 02:16:47,Referral,USA,5,30.0,1,3.0,2025-03-30 02:16:47,0,,,,0,1,1744337807000000000
1652,2025-02-04 18:06:59,Ads,India,1,4.0,0,,,0,,,,0,1,1742926019000000000
1653,2025-02-22 05:06:59,Organic,USA,6,18.0,1,2.0,2025-02-24 05:06:59,0,,,,0,0,
1654,2025-01-06 18:51:16,Organic,India,8,24.0,1,1.0,2025-01-07 18:51:16,0,,,,0,0,
1655,2025-01-23 17:02:45,Organic,Germany,6,24.0,0,,,0,,,,0,1,1742576565000000000
1656,2025-01-08 01:46:53,Organic,USA,3,9.0,0,,,0,,,,0,0,
1657,2025-01-09 21:32:14,Organic,UK,7,42.0,1,1.0,2025-01-10 21:32:14,0,,,,0,0,
1658,2025-03-27 17:19:50,Organic,UK,7,31.5,1,3.0,2025-03-30 17:19:50,0,,,,0,0,
1659,2025-02-19 02:09:21,Ads,UK,2,9.0,1,2.0,2025-02-21 02:09:21,0,,,,0,1,1743991761000000000
1660,2025-03-05 18:52:54,Ads,India,5,15.0,1,2.0,2025-03-07 18:52:54,0,,,,0,1,1745866374000000000
1661,2025-01-22 06:57:13,Organic,USA,7,31.5,1,3.0,2025-01-25 06:57:13,1,6.0,2025-01-28 06:57:13,Basic,50,0,
1662,2025-03-17 18:23:02,Organic,Canada,5,30.0,1,3.0,2025-03-20 18:23:02,1,7.0,2025-03-24 18:23:02,Pro,120,1,1744050182000000000
1663,2025-03-18 00:53:52,Referral,India,6,27.0,1,2.0,2025-03-20 00:53:52,1,8.0,2025-03-26 00:53:52,Basic,50,1,1743814432000000000
1664,2025-02-12 12:03:34,Organic,Germany,2,6.0,0,,,0,,,,0,1,1741003414000000000
1665,2025-01-24 10:56:20,Ads,USA,8,32.0,0,,,0,,,,0,1,1739789780000000000
1666,2025-02-26 17:57:38,Organic,India,6,18.0,1,2.0,2025-02-28 17:57:38,1,5.0,2025-03-03 17:57:38,Basic,50,1,1742839058000000000
1667,2025-03-25 16:03:59,Organic,USA,5,15.0,0,,,0,,,,0,1,1746979439000000000
1668,2025-03-28 21:22:04,Organic,Canada,7,42.0,1,1.0,2025-03-29 21:22:04,0,,,,0,0,
1669,2025-03-13 18:50:58,Organic,USA,7,31.5,1,1.0,2025-03-14 18:50:58,0,,,,0,0,
1670,2025-02-20 05:20:35,Referral,USA,5,22.5,1,1.0,2025-02-21 05:20:35,0,,,,0,0,
1671,2025-01-18 06:30:52,Ads,USA,7,31.5,1,3.0,2025-01-21 06:30:52,1,9.0,2025-01-27 06:30:52,Pro,120,0,
1672,2025-03-16 16:45:47,Organic,USA,6,27.0,1,2.0,2025-03-18 16:45:47,1,5.0,2025-03-21 16:45:47,Pro,120,0,
1673,2025-02-10 19:38:57,Referral,India,8,48.0,1,3.0,2025-02-13 19:38:57,0,,,,0,1,1742499537000000000
1674,2025-01-05 15:38:41,Organic,India,8,24.0,0,,,0,,,,0,0,
1675,2025-01-24 06:02:40,Referral,India,9,54.0,1,3.0,2025-01-27 06:02:40,0,,,,0,0,
1676,2025-02-21 13:33:34,Referral,India,7,21.0,1,1.0,2025-02-22 13:33:34,0,,,,0,0,
1677,2025-03-27 05:21:08,Organic,India,0,0.0,0,,,0,,,,0,0,
1678,2025-01-02 00:25:55,Organic,USA,5,15.0,1,3.0,2025-01-05 00:25:55,0,,,,0,1,1738887955000000000
1679,2025-03-22 01:54:49,Organic,USA,8,48.0,1,3.0,2025-03-25 01:54:49,1,7.0,2025-03-29 01:54:49,Basic,50,1,1745114089000000000
1680,2025-02-14 04:07:26,Ads,India,1,6.0,1,3.0,2025-02-17 04:07:26,0,,,,0,0,
1681,2025-02-09 01:55:13,Ads,India,4,24.0,1,2.0,2025-02-11 01:55:13,0,,,,0,1,1742694913000000000
1682,2025-03-28 01:15:46,Referral,India,4,12.0,1,3.0,2025-03-31 01:15:46,1,8.0,2025-04-05 01:15:46,Basic,50,1,1745198146000000000
1683,2025-01-23 10:17:58,Ads,India,1,3.0,0,,,0,,,,0,1,1740219478000000000
1684,2025-02-20 22:51:34,Organic,India,5,30.0,1,1.0,2025-02-21 22:51:34,0,,,,0,1,1742770294000000000
1685,2025-01-25 03:14:19,Organic,USA,3,6.0,0,,,1,6.0,2025-01-31 03:14:19,Basic,50,0,
1686,2025-01-29 15:38:59,Ads,India,5,20.0,0,,,0,,,,0,1,1741880339000000000
1687,2025-02-24 18:46:28,Organic,USA,2,8.0,0,,,0,,,,0,0,
1688,2025-03-13 16:32:36,Ads,UK,4,12.0,1,1.0,2025-03-14 16:32:36,0,,,,0,0,
1689,2025-03-02 01:49:25,Organic,India,11,66.0,1,1.0,2025-03-03 01:49:25,0,,,,0,1,1744681765000000000
1690,2025-01-20 17:40:15,Organic,India,8,32.0,0,,,0,,,,0,1,1741196415000000000
1691,2025-03-04 22:19:09,Organic,India,3,12.0,0,,,0,,,,0,1,1745965149000000000
1692,2025-03-13 01:46:48,Ads,India,5,15.0,1,1.0,2025-03-14 01:46:48,0,,,,0,1,1744768008000000000
1693,2025-01-29 19:32:49,Organic,India,7,21.0,1,2.0,2025-01-31 19:32:49,0,,,,0,1,1742844769000000000
1694,2025-03-26 03:51:16,Ads,UK,5,30.0,1,1.0,2025-03-27 03:51:16,0,,,,0,1,1746589876000000000
1695,2025-03-16 10:00:11,Organic,India,5,10.0,0,,,1,9.0,2025-03-25 10:00:11,Basic,50,0,
1696,2025-02-07 19:20:02,Ads,Germany,4,24.0,1,2.0,2025-02-09 19:20:02,0,,,,0,0,
1697,2025-03-01 00:57:23,Ads,India,5,20.0,0,,,0,,,,0,0,
1698,2025-01-23 23:04:11,Organic,UK,5,30.0,1,1.0,2025-01-24 23:04:11,1,13.0,2025-02-05 23:04:11,Basic,50,0,
1699,2025-03-13 15:32:39,Ads,UK,5,30.0,1,2.0,2025-03-15 15:32:39,0,,,,0,0,
1700,2025-02-17 13:21:20,Organic,India,2,9.0,1,1.0,2025-02-18 13:21:20,1,13.0,2025-03-02 13:21:20,Basic,50,0,
1701,2025-03-05 15:39:53,Organic,India,3,9.0,0,,,0,,,,0,1,1746027593000000000
1702,2025-03-07 18:59:41,Organic,USA,4,24.0,1,1.0,2025-03-08 18:59:41,0,,,,0,1,1745348381000000000
1703,2025-02-24 20:00:55,Ads,Canada,6,36.0,1,2.0,2025-02-26 20:00:55,0,,,,0,0,
1704,2025-02-19 07:52:26,Referral,India,5,15.0,1,2.0,2025-02-21 07:52:26,1,14.0,2025-03-05 07:52:26,Basic,50,0,
1705,2025-01-02 01:01:33,Ads,India,7,42.0,1,3.0,2025-01-05 01:01:33,0,,,,0,0,
1706,2025-01-19 00:16:22,Ads,India,0,0.0,1,2.0,2025-01-21 00:16:22,0,,,,0,0,
1707,2025-02-21 01:25:19,Ads,India,3,9.0,0,,,0,,,,0,1,1744593919000000000
1708,2025-01-24 04:34:39,Organic,Germany,4,12.0,0,,,0,,,,0,1,1742618079000000000
1709,2025-03-10 20:49:20,Referral,UK,3,9.0,1,3.0,2025-03-13 20:49:20,0,,,,0,0,
1710,2025-01-21 01:14:25,Organic,India,6,36.0,1,1.0,2025-01-22 01:14:25,0,,,,0,0,
1711,2025-02-18 23:04:18,Referral,India,7,21.0,1,1.0,2025-02-19 23:04:18,1,13.0,2025-03-03 23:04:18,Basic,50,0,
1712,2025-02-06 17:33:04,Ads,India,6,27.0,1,3.0,2025-02-09 17:33:04,0,,,,0,0,
1713,2025-02-24 15:26:05,Ads,Canada,5,30.0,1,2.0,2025-02-26 15:26:05,1,9.0,2025-03-05 15:26:05,Pro,120,0,
1714,2025-03-14 04:58:48,Ads,Germany,3,12.0,0,,,0,,,,0,1,1744347528000000000
1715,2025-01-31 18:00:07,Organic,India,2,12.0,1,2.0,2025-02-02 18:00:07,0,,,,0,1,1740333607000000000
1716,2025-03-20 13:16:49,Ads,USA,6,18.0,0,,,0,,,,0,1,1745587009000000000
1717,2025-02-03 02:14:04,Organic,Germany,7,42.0,1,1.0,2025-02-04 02:14:04,1,10.0,2025-02-13 02:14:04,Basic,50,1,1742696044000000000
1718,2025-01-11 06:07:20,Ads,India,6,27.0,1,1.0,2025-01-12 06:07:20,0,,,,0,1,1741414040000000000
1719,2025-01-04 17:41:58,Ads,India,6,18.0,0,,,0,,,,0,1,1741110118000000000
1720,2025-03-02 22:57:12,Referral,India,4,18.0,1,2.0,2025-03-04 22:57:12,1,7.0,2025-03-09 22:57:12,Basic,50,0,
1721,2025-02-04 00:16:53,Ads,India,2,4.0,0,,,0,,,,0,0,
1722,2025-01-26 23:51:49,Organic,India,7,21.0,0,,,0,,,,0,0,
1723,2025-02-17 00:27:22,Organic,Germany,5,15.0,0,,,0,,,,0,1,1742430442000000000
1724,2025-03-30 14:04:29,Ads,USA,4,12.0,1,1.0,2025-03-31 14:04:29,0,,,,0,1,1747404269000000000
1725,2025-01-02 08:25:39,Organic,India,4,16.0,0,,,0,,,,0,0,
1726,2025-03-12 10:21:13,Organic,India,4,12.0,1,3.0,2025-03-15 10:21:13,1,9.0,2025-03-21 10:21:13,Pro,120,0,
1727,2025-01-15 21:23:05,Referral,UK,3,18.0,1,1.0,2025-01-16 21:23:05,0,,,,0,1,1740604985000000000
1728,2025-01-10 00:45:16,Ads,India,3,9.0,1,3.0,2025-01-13 00:45:16,1,14.0,2025-01-24 00:45:16,Pro,120,1,1739148316000000000
1729,2025-03-29 08:40:12,Ads,India,1,6.0,1,3.0,2025-04-01 08:40:12,0,,,,0,0,
1730,2025-03-29 22:10:41,Organic,India,4,12.0,1,1.0,2025-03-30 22:10:41,0,,,,0,1,1748038241000000000
1731,2025-02-10 21:49:10,Ads,UK,8,24.0,1,1.0,2025-02-11 21:49:10,0,,,,0,1,1742334550000000000
1732,2025-03-18 17:08:52,Organic,India,1,3.0,0,,,0,,,,0,0,
1733,2025-02-10 09:24:26,Ads,India,3,18.0,1,1.0,2025-02-11 09:24:26,1,6.0,2025-02-16 09:24:26,Basic,50,0,
1734,2025-01-16 19:40:53,Organic,USA,7,21.0,1,1.0,2025-01-17 19:40:53,0,,,,0,1,1739389253000000000
1735,2025-01-12 17:55:29,Referral,India,2,6.0,1,2.0,2025-01-14 17:55:29,0,,,,0,1,1738259729000000000
1736,2025-01-19 03:14:07,Organic,Germany,8,32.0,0,,,0,,,,0,1,1740366847000000000
1737,2025-01-29 00:22:44,Organic,USA,7,21.0,1,2.0,2025-01-31 00:22:44,0,,,,0,1,1743121364000000000
1738,2025-01-30 21:22:49,Ads,India,8,24.0,1,1.0,2025-01-31 21:22:49,0,,,,0,1,1739740969000000000
1739,2025-01-18 03:07:15,Ads,India,7,31.5,1,2.0,2025-01-20 03:07:15,0,,,,0,1,1739761635000000000
1740,2025-01-03 04:20:56,Organic,USA,6,18.0,0,,,0,,,,0,1,1739766056000000000
1741,2025-01-31 16:58:13,Ads,India,4,24.0,1,2.0,2025-02-02 16:58:13,0,,,,0,0,
1742,2025-02-08 05:37:37,Organic,UK,3,18.0,1,3.0,2025-02-11 05:37:37,0,,,,0,0,
1743,2025-03-13 18:18:56,Referral,USA,4,12.0,0,,,0,,,,0,1,1745000336000000000
1744,2025-02-17 06:50:12,Referral,USA,0,0.0,1,2.0,2025-02-19 06:50:12,0,,,,0,1,1743058212000000000
1745,2025-02-21 04:33:28,Organic,Germany,7,21.0,1,2.0,2025-02-23 04:33:28,0,,,,0,1,1742099608000000000
1746,2025-03-10 03:49:57,Referral,India,4,12.0,0,,,0,,,,0,0,
1747,2025-03-22 08:55:21,Organic,USA,6,12.0,0,,,0,,,,0,1,1747212921000000000
1748,2025-03-14 04:59:55,Organic,UK,4,24.0,1,2.0,2025-03-16 04:59:55,1,5.0,2025-03-19 04:59:55,Basic,50,0,
1749,2025-03-08 18:26:30,Referral,Canada,5,15.0,0,,,0,,,,0,1,1746210390000000000
1750,2025-02-25 04:15:48,Ads,USA,2,6.0,1,2.0,2025-02-27 04:15:48,0,,,,0,0,
1751,2025-03-03 03:41:29,Organic,UK,2,4.0,0,,,0,,,,0,0,
1752,2025-03-08 22:38:13,Organic,India,5,30.0,1,1.0,2025-03-09 22:38:13,1,11.0,2025-03-19 22:38:13,Pro,120,0,
1753,2025-01-09 07:05:56,Organic,USA,3,18.0,1,3.0,2025-01-12 07:05:56,0,,,,0,0,
1754,2025-01-01 14:13:46,Referral,India,7,28.0,0,,,0,,,,0,1,1739542426000000000
1755,2025-03-20 14:22:48,Organic,UK,7,42.0,1,2.0,2025-03-22 14:22:48,0,,,,0,1,1745936568000000000
1756,2025-02-13 09:59:58,Organic,India,5,15.0,0,,,0,,,,0,1,1742551198000000000
1757,2025-02-11 21:58:29,Organic,India,3,9.0,0,,,0,,,,0,1,1741643909000000000
1758,2025-03-27 07:03:54,Organic,Germany,1,3.0,0,,,0,,,,0,1,1747811034000000000
1759,2025-03-27 00:04:55,Organic,India,7,21.0,1,3.0,2025-03-30 00:04:55,0,,,,0,1,1746489895000000000
1760,2025-02-06 07:42:25,Organic,India,4,8.0,0,,,0,,,,0,1,1741246945000000000
1761,2025-02-15 02:40:11,Organic,India,0,0.0,1,1.0,2025-02-16 02:40:11,0,,,,0,1,1743734411000000000
1762,2025-01-15 04:41:16,Organic,India,1,2.0,0,,,0,,,,0,1,1741581676000000000
1763,2025-02-18 10:14:16,Referral,USA,5,15.0,1,3.0,2025-02-21 10:14:16,1,9.0,2025-02-27 10:14:16,Basic,50,1,1743588856000000000
1764,2025-01-07 14:56:52,Organic,India,8,24.0,0,,,0,,,,0,0,
1765,2025-03-18 17:03:02,Ads,India,10,60.0,1,1.0,2025-03-19 17:03:02,0,,,,0,1,1746378182000000000
1766,2025-02-21 03:20:41,Ads,India,4,18.0,1,3.0,2025-02-24 03:20:41,0,,,,0,0,
1767,2025-01-18 08:54:04,Referral,India,5,30.0,1,1.0,2025-01-19 08:54:04,0,,,,0,1,1739782444000000000
1768,2025-01-11 18:06:08,Referral,India,8,32.0,0,,,0,,,,0,0,
1769,2025-02-09 20:33:29,Organic,USA,4,18.0,1,2.0,2025-02-11 20:33:29,0,,,,0,1,1741638809000000000
1770,2025-01-05 04:57:56,Organic,India,6,36.0,1,2.0,2025-01-07 04:57:56,0,,,,0,1,1738990676000000000
1771,2025-01-17 04:58:03,Organic,India,6,24.0,0,,,0,,,,0,0,
1772,2025-03-10 14:33:33,Organic,Canada,5,15.0,1,1.0,2025-03-11 14:33:33,1,10.0,2025-03-20 14:33:33,Basic,50,0,
1773,2025-03-08 14:11:05,Ads,Canada,6,18.0,1,2.0,2025-03-10 14:11:05,0,,,,0,1,1746540665000000000
1774,2025-01-09 00:09:17,Ads,India,9,54.0,1,1.0,2025-01-10 00:09:17,0,,,,0,1,1739059757000000000
1775,2025-01-05 12:31:59,Referral,India,4,16.0,0,,,0,,,,0,1,1738931519000000000
1776,2025-01-18 16:25:37,Organic,USA,5,30.0,1,3.0,2025-01-21 16:25:37,0,,,,0,0,
1777,2025-01-14 07:25:47,Referral,USA,4,18.0,1,2.0,2025-01-16 07:25:47,0,,,,0,1,1740209147000000000
1778,2025-03-21 08:00:53,Organic,Germany,7,42.0,1,2.0,2025-03-23 08:00:53,0,,,,0,1,1745827253000000000
1779,2025-03-26 18:43:54,Organic,India,9,54.0,1,2.0,2025-03-28 18:43:54,0,,,,0,1,1747248234000000000
1780,2025-02-08 15:12:00,Organic,USA,5,15.0,1,3.0,2025-02-11 15:12:00,0,,,,0,1,1743088320000000000
1781,2025-02-08 03:34:10,Ads,Canada,6,36.0,1,2.0,2025-02-10 03:34:10,0,,,,0,0,
1782,2025-01-25 12:25:24,Organic,USA,3,12.0,0,,,0,,,,0,0,
1783,2025-03-21 00:28:19,Referral,India,6,18.0,1,2.0,2025-03-23 00:28:19,0,,,,0,1,1746836899000000000
1784,2025-03-14 07:29:54,Referral,India,5,20.0,0,,,0,,,,0,1,1745825394000000000
1785,2025-03-02 01:47:05,Referral,India,4,16.0,0,,,0,,,,0,1,1743299225000000000
1786,2025-02-01 00:08:52,Organic,India,6,18.0,0,,,0,,,,0,0,
1787,2025-02-26 17:51:06,Referral,UK,7,42.0,1,2.0,2025-02-28 17:51:06,0,,,,0,1,1745257866000000000
1788,2025-03-20 18:12:55,Ads,India,5,15.0,1,3.0,2025-03-23 18:12:55,0,,,,0,1,1744395175000000000
1789,2025-03-23 20:22:34,Organic,India,5,30.0,1,1.0,2025-03-24 20:22:34,0,,,,0,0,
1790,2025-01-11 03:20:31,Organic,Canada,6,24.0,0,,,0,,,,0,0,
1791,2025-03-14 03:18:59,Organic,USA,1,4.0,0,,,0,,,,0,0,
1792,2025-01-15 17:01:36,Organic,India,5,30.0,1,3.0,2025-01-18 17:01:36,0,,,,0,1,1738947696000000000
1793,2025-02-11 05:55:06,Ads,India,2,4.0,0,,,0,,,,0,1,1743486906000000000
1794,2025-01-13 06:20:22,Referral,India,6,12.0,0,,,0,,,,0,1,1738909222000000000
1795,2025-02-21 04:26:15,Organic,India,5,30.0,1,2.0,2025-02-23 04:26:15,1,7.0,2025-02-28 04:26:15,Basic,50,0,
1796,2025-01-05 09:02:45,Ads,Canada,2,12.0,1,2.0,2025-01-07 09:02:45,0,,,,0,0,
1797,2025-03-13 15:12:33,Referral,India,3,6.0,0,,,1,9.0,2025-03-22 15:12:33,Basic,50,0,
1798,2025-01-09 04:51:02,Organic,USA,5,22.5,1,1.0,2025-01-10 04:51:02,0,,,,0,1,1740804662000000000
1799,2025-03-19 15:17:02,Referral,India,3,18.0,1,2.0,2025-03-21 15:17:02,0,,,,0,1,1745248622000000000
1800,2025-02-17 19:37:59,Ads,Germany,10,40.0,0,,,0,,,,0,1,1742067479000000000
1801,2025-03-05 18:31:17,Ads,USA,8,24.0,1,2.0,2025-03-07 18:31:17,0,,,,0,1,1744223477000000000
1802,2025-01-12 17:08:37,Organic,Germany,4,24.0,1,1.0,2025-01-13 17:08:37,1,9.0,2025-01-21 17:08:37,Basic,50,0,
1803,2025-01-08 11:13:08,Ads,India,8,32.0,0,,,0,,,,0,1,1740654788000000000
1804,2025-03-08 06:24:55,Organic,Canada,3,12.0,0,,,0,,,,0,1,1746167095000000000
1805,2025-01-05 19:16:48,Ads,Canada,5,30.0,1,2.0,2025-01-07 19:16:48,0,,,,0,1,1738523808000000000
1806,2025-01-19 21:19:53,Organic,UK,4,8.0,0,,,0,,,,0,1,1740345593000000000
1807,2025-02-08 18:54:38,Referral,India,4,24.0,1,3.0,2025-02-11 18:54:38,0,,,,0,0,
1808,2025-01-28 02:33:55,Organic,India,6,27.0,1,2.0,2025-01-30 02:33:55,0,,,,0,0,
1809,2025-03-08 00:16:34,Organic,India,10,30.0,1,2.0,2025-03-10 00:16:34,0,,,,0,1,1744416994000000000
1810,2025-03-25 19:22:27,Ads,India,4,12.0,1,3.0,2025-03-28 19:22:27,0,,,,0,1,1745695347000000000
1811,2025-02-02 00:59:22,Organic,UK,8,36.0,1,1.0,2025-02-03 00:59:22,0,,,,0,0,
1812,2025-02-05 00:46:08,Ads,USA,8,36.0,1,1.0,2025-02-06 00:46:08,1,14.0,2025-02-19 00:46:08,Basic,50,0,
1813,2025-01-14 13:06:05,Referral,USA,6,36.0,1,2.0,2025-01-16 13:06:05,1,5.0,2025-01-19 13:06:05,Basic,50,0,
1814,2025-01-08 20:43:38,Ads,India,5,22.5,1,1.0,2025-01-09 20:43:38,1,10.0,2025-01-18 20:43:38,Basic,50,0,
1815,2025-02-26 15:44:44,Organic,India,5,30.0,1,1.0,2025-02-27 15:44:44,1,12.0,2025-03-10 15:44:44,Basic,50,0,
1816,2025-01-19 15:42:34,Ads,India,7,28.0,0,,,0,,,,0,1,1739115754000000000
1817,2025-01-13 21:36:33,Ads,USA,5,20.0,0,,,0,,,,0,1,1739914593000000000
1818,2025-01-15 04:49:12,Referral,UK,6,18.0,1,1.0,2025-01-16 04:49:12,0,,,,0,1,1741150152000000000
1819,2025-03-10 15:32:41,Organic,India,8,48.0,1,3.0,2025-03-13 15:32:41,0,,,,0,1,1746459161000000000
1820,2025-03-20 14:16:33,Organic,UK,7,28.0,0,,,0,,,,0,0,
1821,2025-02-26 03:33:08,Ads,USA,6,12.0,0,,,0,,,,0,0,
1822,2025-02-01 12:04:24,Organic,Canada,6,36.0,1,1.0,2025-02-02 12:04:24,0,,,,0,1,1740744264000000000
1823,2025-02-15 16:26:48,Organic,India,4,8.0,0,,,0,,,,0,1,1744388808000000000
1824,2025-03-22 20:12:00,Organic,USA,2,6.0,1,2.0,2025-03-24 20:12:00,0,,,,0,0,
1825,2025-02-04 00:14:56,Referral,India,4,24.0,1,1.0,2025-02-05 00:14:56,0,,,,0,1,1742688896000000000
1826,2025-03-09 03:26:16,Referral,India,2,12.0,1,2.0,2025-03-11 03:26:16,1,14.0,2025-03-23 03:26:16,Basic,50,0,
1827,2025-02-14 20:35:54,Ads,USA,7,42.0,1,3.0,2025-02-17 20:35:54,0,,,,0,0,
1828,2025-02-01 07:23:19,Organic,UK,3,9.0,1,2.0,2025-02-03 07:23:19,0,,,,0,1,1739863399000000000
1829,2025-03-03 07:43:37,Organic,India,2,9.0,1,2.0,2025-03-05 07:43:37,0,,,,0,0,
1830,2025-02-04 15:43:20,Referral,India,4,12.0,1,3.0,2025-02-07 15:43:20,0,,,,0,0,
1831,2025-01-16 07:47:50,Referral,USA,4,18.0,1,3.0,2025-01-19 07:47:50,0,,,,0,1,1739260070000000000
1832,2025-03-27 05:39:46,Referral,India,2,6.0,0,,,0,,,,0,1,1748151586000000000
1833,2025-02-06 22:21:54,Ads,USA,6,36.0,1,3.0,2025-02-09 22:21:54,0,,,,0,0,
1834,2025-03-21 05:04:49,Organic,Canada,5,15.0,1,3.0,2025-03-24 05:04:49,1,8.0,2025-03-29 05:04:49,Pro,120,0,
1835,2025-01-30 05:13:08,Referral,USA,4,12.0,1,3.0,2025-02-02 05:13:08,1,14.0,2025-02-13 05:13:08,Basic,50,0,
1836,2025-01-20 04:49:47,Organic,UK,5,15.0,1,3.0,2025-01-23 04:49:47,0,,,,0,1,1738903787000000000
1837,2025-03-08 11:12:43,Organic,UK,4,8.0,0,,,0,,,,0,1,1745925163000000000
1838,2025-02-14 20:44:34,Ads,Canada,1,3.0,0,,,0,,,,0,1,1742330674000000000
1839,2025-02-02 20:19:41,Organic,USA,4,24.0,1,3.0,2025-02-05 20:19:41,0,,,,0,1,1743020381000000000
1840,2025-03-08 23:42:29,Organic,India,9,40.5,1,2.0,2025-03-10 23:42:29,0,,,,0,1,1743291749000000000
1841,2025-01-20 05:36:33,Organic,India,5,22.5,1,1.0,2025-01-21 05:36:33,0,,,,0,0,
1842,2025-03-18 02:50:51,Organic,Germany,4,18.0,1,2.0,2025-03-20 02:50:51,0,,,,0,0,
1843,2025-03-21 11:33:38,Referral,India,8,24.0,1,3.0,2025-03-24 11:33:38,0,,,,0,1,1747654418000000000
1844,2025-01-08 03:07:16,Organic,USA,5,22.5,1,3.0,2025-01-11 03:07:16,0,,,,0,0,
1845,2025-03-28 09:53:47,Organic,Canada,6,18.0,1,2.0,2025-03-30 09:53:47,1,9.0,2025-04-06 09:53:47,Basic,50,0,
1846,2025-02-09 06:03:38,Organic,USA,2,6.0,1,1.0,2025-02-10 06:03:38,0,,,,0,1,1741932218000000000
1847,2025-03-06 12:30:50,Organic,India,5,15.0,1,1.0,2025-03-07 12:30:50,1,5.0,2025-03-11 12:30:50,Basic,50,1,1745584250000000000
1848,2025-02-27 17:28:16,Organic,India,5,15.0,1,3.0,2025-03-02 17:28:16,0,,,,0,0,
1849,2025-01-05 23:09:48,Ads,India,4,18.0,1,1.0,2025-01-06 23:09:48,0,,,,0,1,1739315388000000000
1850,2025-02-17 06:39:12,Organic,India,3,13.5,1,3.0,2025-02-20 06:39:12,1,13.0,2025-03-02 06:39:12,Pro,120,1,1742279952000000000
1851,2025-02-20 15:14:17,Ads,Germany,4,12.0,1,3.0,2025-02-23 15:14:17,0,,,,0,1,1743088457000000000
1852,2025-02-25 00:50:00,Referral,UK,5,30.0,1,1.0,2025-02-26 00:50:00,0,,,,0,0,
1853,2025-02-04 11:06:30,Ads,UK,7,21.0,1,3.0,2025-02-07 11:06:30,0,,,,0,0,
1854,2025-03-29 23:00:00,Organic,USA,5,22.5,1,2.0,2025-03-31 23:00:00,0,,,,0,1,1746399600000000000
1855,2025-03-18 12:18:54,Organic,India,8,24.0,1,2.0,2025-03-20 12:18:54,0,,,,0,1,1745583534000000000
1856,2025-02-08 03:54:51,Referral,India,4,12.0,0,,,0,,,,0,0,
1857,2025-02-14 00:13:49,Ads,India,5,22.5,1,2.0,2025-02-16 00:13:49,0,,,,0,0,
1858,2025-02-26 15:31:27,Referral,USA,1,6.0,1,2.0,2025-02-28 15:31:27,0,,,,0,1,1745595087000000000
1859,2025-01-29 19:51:46,Referral,USA,5,22.5,1,2.0,2025-01-31 19:51:46,0,,,,0,1,1741895506000000000
1860,2025-03-29 07:08:55,Referral,USA,7,14.0,0,,,0,,,,0,0,
1861,2025-01-14 19:05:02,Referral,USA,3,13.5,1,3.0,2025-01-17 19:05:02,0,,,,0,1,1740510302000000000
1862,2025-03-02 19:30:24,Ads,Germany,6,18.0,1,3.0,2025-03-05 19:30:24,0,,,,0,0,
1863,2025-01-29 20:15:18,Organic,India,10,60.0,1,2.0,2025-01-31 20:15:18,0,,,,0,1,1739564118000000000
1864,2025-03-13 22:25:40,Referral,USA,4,24.0,1,1.0,2025-03-14 22:25:40,0,,,,0,0,
1865,2025-02-13 06:19:33,Ads,India,5,22.5,1,1.0,2025-02-14 06:19:33,1,11.0,2025-02-24 06:19:33,Basic,50,1,1742624373000000000
1866,2025-01-26 11:49:35,Organic,USA,8,48.0,1,1.0,2025-01-27 11:49:35,0,,,,0,1,1741348175000000000
1867,2025-03-18 12:34:13,Ads,India,7,31.5,1,3.0,2025-03-21 12:34:13,0,,,,0,0,
1868,2025-01-06 08:54:31,Ads,USA,10,60.0,1,1.0,2025-01-07 08:54:31,0,,,,0,1,1737795271000000000
1869,2025-03-22 14:05:12,Referral,India,3,9.0,0,,,1,12.0,2025-04-03 14:05:12,Basic,50,0,
1870,2025-02-20 16:58:57,Ads,India,5,22.5,1,1.0,2025-02-21 16:58:57,1,6.0,2025-02-26 16:58:57,Basic,50,0,
1871,2025-02-26 20:30:16,Organic,Canada,8,24.0,1,3.0,2025-03-01 20:30:16,0,,,,0,0,
1872,2025-01-09 23:23:55,Referral,India,6,18.0,0,,,0,,,,0,0,
1873,2025-01-26 04:03:26,Referral,India,5,10.0,0,,,0,,,,0,1,1741838606000000000
1874,2025-03-29 22:27:06,Ads,USA,1,3.0,0,,,0,,,,0,0,
1875,2025-03-08 14:32:57,Organic,USA,5,22.5,1,1.0,2025-03-09 14:32:57,0,,,,0,1,1743431577000000000
1876,2025-02-10 11:47:52,Organic,UK,3,9.0,0,,,1,10.0,2025-02-20 11:47:52,Pro,120,1,1741348072000000000
1877,2025-02-04 19:05:16,Ads,USA,2,8.0,0,,,0,,,,0,0,
1878,2025-01-19 02:38:38,Organic,India,4,24.0,1,1.0,2025-01-20 02:38:38,0,,,,0,1,1741142318000000000
1879,2025-03-01 11:42:23,Organic,India,10,45.0,1,3.0,2025-03-04 11:42:23,1,5.0,2025-03-06 11:42:23,Basic,50,0,
1880,2025-01-25 16:59:53,Ads,UK,4,16.0,0,,,0,,,,0,1,1739120393000000000
1881,2025-01-19 13:09:35,Organic,India,3,13.5,1,3.0,2025-01-22 13:09:35,1,7.0,2025-01-26 13:09:35,Pro,120,1,1741093775000000000
1882,2025-03-12 14:20:54,Organic,Canada,4,8.0,0,,,0,,,,0,0,
1883,2025-03-06 22:52:00,Organic,India,4,12.0,1,1.0,2025-03-07 22:52:00,0,,,,0,0,
1884,2025-02-14 03:14:30,Organic,UK,7,31.5,1,3.0,2025-02-17 03:14:30,0,,,,0,1,1743995670000000000
1885,2025-02-25 15:07:05,Ads,Germany,3,6.0,0,,,0,,,,0,1,1743088025000000000
1886,2025-03-18 12:04:36,Organic,UK,4,8.0,0,,,0,,,,0,0,
1887,2025-01-28 12:47:17,Organic,USA,4,24.0,1,3.0,2025-01-31 12:47:17,0,,,,0,1,1742042837000000000
1888,2025-03-12 21:02:49,Ads,USA,4,12.0,1,2.0,2025-03-14 21:02:49,1,6.0,2025-03-18 21:02:49,Pro,120,0,
1889,2025-01-18 15:21:42,Referral,USA,9,40.5,1,3.0,2025-01-21 15:21:42,0,,,,0,0,
1890,2025-02-06 22:15:41,Ads,USA,6,36.0,1,1.0,2025-02-07 22:15:41,0,,,,0,1,1740435341000000000
1891,2025-03-10 16:43:58,Organic,India,2,9.0,1,1.0,2025-03-11 16:43:58,1,10.0,2025-03-20 16:43:58,Basic,50,0,
1892,2025-01-08 16:29:40,Organic,UK,8,24.0,0,,,0,,,,0,1,1740328180000000000
1893,2025-01-28 14:02:46,Referral,India,5,22.5,1,3.0,2025-01-31 14:02:46,0,,,,0,1,1741788166000000000
1894,2025-01-24 13:30:48,Organic,India,5,15.0,1,1.0,2025-01-25 13:30:48,0,,,,0,1,1742131848000000000
1895,2025-03-01 07:02:10,Ads,USA,8,16.0,0,,,0,,,,0,1,1745564530000000000
1896,2025-01-29 05:44:15,Organic,India,7,42.0,1,2.0,2025-01-31 05:44:15,0,,,,0,0,
1897,2025-01-03 08:50:15,Organic,UK,6,27.0,1,3.0,2025-01-06 08:50:15,0,,,,0,1,1737535815000000000
1898,2025-01-18 15:40:33,Referral,Canada,8,16.0,0,,,0,,,,0,0,
1899,2025-02-15 02:13:42,Ads,Germany,3,13.5,1,1.0,2025-02-16 02:13:42,0,,,,0,1,1743214422000000000
1900,2025-01-21 21:02:20,Ads,UK,4,12.0,1,2.0,2025-01-23 21:02:20,0,,,,0,1,1740344540000000000
1901,2025-03-19 10:43:29,Organic,USA,4,18.0,1,3.0,2025-03-22 10:43:29,0,,,,0,1,1747219409000000000
1902,2025-02-15 22:17:02,Organic,India,3,9.0,0,,,0,,,,0,0,
1903,2025-02-05 12:28:13,Ads,USA,3,9.0,0,,,0,,,,0,0,
1904,2025-01-10 16:46:43,Ads,India,3,9.0,1,1.0,2025-01-11 16:46:43,1,12.0,2025-01-22 16:46:43,Basic,50,0,
1905,2025-02-09 17:43:02,Organic,India,1,3.0,1,2.0,2025-02-11 17:43:02,0,,,,0,1,1742146982000000000
1906,2025-01-04 06:12:50,Organic,UK,6,18.0,1,3.0,2025-01-07 06:12:50,0,,,,0,0,
1907,2025-02-06 20:09:53,Organic,India,3,9.0,1,2.0,2025-02-08 20:09:53,0,,,,0,1,1743278993000000000
1908,2025-02-17 05:38:02,Referral,India,1,6.0,1,3.0,2025-02-20 05:38:02,1,8.0,2025-02-25 05:38:02,Basic,50,0,
1909,2025-02-09 07:04:09,Ads,UK,3,13.5,1,3.0,2025-02-12 07:04:09,0,,,,0,0,
1910,2025-01-01 18:22:30,Referral,India,3,6.0,0,,,0,,,,0,0,
1911,2025-03-27 23:47:25,Organic,India,9,18.0,0,,,0,,,,0,1,1745711245000000000
1912,2025-01-29 04:10:06,Referral,India,4,18.0,1,3.0,2025-02-01 04:10:06,1,8.0,2025-02-06 04:10:06,Pro,120,0,
1913,2025-03-12 09:21:27,Organic,UK,5,15.0,0,,,0,,,,0,0,
1914,2025-03-16 05:28:02,Ads,USA,5,22.5,1,1.0,2025-03-17 05:28:02,0,,,,0,1,1744435682000000000
1915,2025-01-07 11:28:43,Referral,UK,7,14.0,0,,,0,,,,0,1,1739359723000000000
1916,2025-03-12 21:35:55,Organic,India,7,42.0,1,1.0,2025-03-13 21:35:55,0,,,,0,0,
1917,2025-01-30 11:38:20,Organic,UK,4,24.0,1,2.0,2025-02-01 11:38:20,0,,,,0,1,1741952300000000000
1918,2025-02-08 20:09:05,Organic,USA,6,24.0,0,,,0,,,,0,0,
1919,2025-01-12 13:39:14,Organic,India,4,24.0,1,1.0,2025-01-13 13:39:14,1,8.0,2025-01-20 13:39:14,Pro,120,0,
1920,2025-02-18 12:44:20,Ads,USA,2,6.0,0,,,0,,,,0,1,1744116260000000000
1921,2025-02-18 03:10:34,Ads,USA,8,48.0,1,3.0,2025-02-21 03:10:34,0,,,,0,1,1743649834000000000
1922,2025-01-02 13:14:15,Ads,USA,2,8.0,0,,,0,,,,0,1,1738847655000000000
1923,2025-03-20 11:51:53,Ads,USA,3,18.0,1,3.0,2025-03-23 11:51:53,1,6.0,2025-03-26 11:51:53,Basic,50,0,
1924,2025-01-08 19:47:02,Ads,India,3,12.0,0,,,0,,,,0,1,1737920822000000000
1925,2025-01-10 08:59:02,Organic,USA,2,6.0,0,,,0,,,,0,0,
1926,2025-02-14 21:34:35,Organic,USA,6,27.0,1,3.0,2025-02-17 21:34:35,0,,,,0,0,
1927,2025-01-09 01:25:58,Referral,USA,6,18.0,1,2.0,2025-01-11 01:25:58,0,,,,0,0,
1928,2025-02-11 14:49:50,Organic,USA,3,13.5,1,1.0,2025-02-12 14:49:50,0,,,,0,0,
1929,2025-03-03 18:29:11,Ads,Canada,7,42.0,1,3.0,2025-03-06 18:29:11,0,,,,0,1,1745778551000000000
1930,2025-01-22 07:34:08,Organic,Canada,4,12.0,1,3.0,2025-01-25 07:34:08,0,,,,0,1,1742196848000000000
1931,2025-03-06 05:32:51,Ads,USA,3,9.0,1,3.0,2025-03-09 05:32:51,1,13.0,2025-03-19 05:32:51,Basic,50,1,1744781571000000000
1932,2025-03-24 13:15:08,Ads,UK,6,18.0,0,,,1,13.0,2025-04-06 13:15:08,Pro,120,0,
1933,2025-03-16 12:17:25,Organic,India,7,21.0,1,2.0,2025-03-18 12:17:25,1,13.0,2025-03-29 12:17:25,Basic,50,1,1746101845000000000
1934,2025-01-20 13:01:12,Organic,UK,4,18.0,1,1.0,2025-01-21 13:01:12,0,,,,0,1,1742302872000000000
1935,2025-03-17 22:32:44,Ads,USA,3,9.0,1,3.0,2025-03-20 22:32:44,0,,,,0,1,1744324364000000000
1936,2025-02-14 07:27:13,Organic,India,4,24.0,1,1.0,2025-02-15 07:27:13,0,,,,0,1,1743924433000000000
1937,2025-02-01 15:47:44,Organic,India,2,8.0,0,,,0,,,,0,1,1740239264000000000
1938,2025-03-02 06:07:11,Ads,India,7,42.0,1,1.0,2025-03-03 06:07:11,0,,,,0,1,1743055631000000000
1939,2025-02-21 11:45:48,Organic,India,6,18.0,1,2.0,2025-02-23 11:45:48,1,12.0,2025-03-05 11:45:48,Basic,50,1,1744890348000000000
1940,2025-02-01 06:11:53,Referral,India,5,22.5,1,3.0,2025-02-04 06:11:53,0,,,,0,0,
1941,2025-03-24 18:52:27,Ads,India,4,8.0,0,,,0,,,,0,0,
1942,2025-01-27 17:23:09,Organic,UK,7,42.0,1,2.0,2025-01-29 17:23:09,0,,,,0,0,
1943,2025-03-16 02:11:13,Ads,India,5,15.0,1,1.0,2025-03-17 02:11:13,0,,,,0,1,1743473473000000000
1944,2025-02-17 21:14:30,Ads,India,6,36.0,1,3.0,2025-02-20 21:14:30,0,,,,0,1,1744492470000000000
1945,2025-02-19 23:25:22,Organic,Canada,2,12.0,1,3.0,2025-02-22 23:25:22,0,,,,0,0,
1946,2025-02-17 15:13:45,Organic,India,4,18.0,1,3.0,2025-02-20 15:13:45,0,,,,0,0,
1947,2025-01-06 07:34:57,Organic,Canada,7,42.0,1,3.0,2025-01-09 07:34:57,1,5.0,2025-01-11 07:34:57,Basic,50,0,
1948,2025-03-28 09:42:53,Organic,USA,3,13.5,1,2.0,2025-03-30 09:42:53,0,,,,0,0,
1949,2025-01-12 19:22:34,Organic,India,4,12.0,1,3.0,2025-01-15 19:22:34,0,,,,0,1,1738351354000000000
1950,2025-03-24 06:15:18,Organic,India,4,18.0,1,3.0,2025-03-27 06:15:18,0,,,,0,0,
1951,2025-03-21 04:58:52,Organic,India,5,22.5,1,2.0,2025-03-23 04:58:52,0,,,,0,1,1745211532000000000
1952,2025-02-27 05:39:29,Ads,India,2,8.0,0,,,0,,,,0,1,1743313169000000000
1953,2025-03-19 22:20:15,Ads,India,6,36.0,1,3.0,2025-03-22 22:20:15,0,,,,0,1,1746224415000000000
1954,2025-02-17 04:32:31,Ads,India,5,22.5,1,1.0,2025-02-18 04:32:31,1,10.0,2025-02-27 04:32:31,Basic,50,0,
1955,2025-03-25 00:46:50,Ads,India,4,16.0,0,,,0,,,,0,1,1745023610000000000
1956,2025-03-25 03:53:17,Referral,USA,4,12.0,1,1.0,2025-03-26 03:53:17,1,14.0,2025-04-08 03:53:17,Basic,50,1,1747799597000000000
1957,2025-02-24 19:16:03,Ads,India,4,12.0,1,2.0,2025-02-26 19:16:03,0,,,,0,1,1744658163000000000
1958,2025-03-19 17:05:01,Ads,UK,6,24.0,0,,,0,,,,0,1,1745341501000000000
1959,2025-02-02 10:48:16,Organic,India,5,15.0,0,,,0,,,,0,1,1740739696000000000
1960,2025-03-18 13:38:36,Referral,UK,2,6.0,1,3.0,2025-03-21 13:38:36,0,,,,0,0,
1961,2025-01-25 05:29:33,Organic,India,4,18.0,1,1.0,2025-01-26 05:29:33,0,,,,0,0,
1962,2025-03-09 14:32:20,Organic,UK,8,16.0,0,,,0,,,,0,1,1742999540000000000
1963,2025-03-04 22:02:19,Ads,India,7,21.0,1,1.0,2025-03-05 22:02:19,1,13.0,2025-03-17 22:02:19,Basic,50,1,1742853739000000000
1964,2025-01-28 10:58:00,Organic,USA,10,40.0,0,,,0,,,,0,0,
1965,2025-02-03 18:10:23,Organic,India,4,24.0,1,1.0,2025-02-04 18:10:23,1,11.0,2025-02-14 18:10:23,Pro,120,0,
1966,2025-02-01 07:54:31,Ads,USA,4,18.0,1,3.0,2025-02-04 07:54:31,1,5.0,2025-02-06 07:54:31,Basic,50,0,
1967,2025-01-11 01:42:03,Ads,India,2,8.0,0,,,0,,,,0,1,1739670123000000000
1968,2025-03-24 14:21:34,Ads,USA,2,8.0,0,,,1,7.0,2025-03-31 14:21:34,Basic,50,0,
1969,2025-02-04 13:30:49,Referral,India,5,30.0,1,3.0,2025-02-07 13:30:49,0,,,,0,1,1741699849000000000
1970,2025-03-29 01:12:56,Organic,USA,5,15.0,1,2.0,2025-03-31 01:12:56,0,,,,0,0,
1971,2025-01-22 12:33:02,Organic,India,5,15.0,0,,,0,,,,0,1,1742041982000000000
1972,2025-03-13 08:10:14,Ads,India,8,36.0,1,1.0,2025-03-14 08:10:14,0,,,,0,1,1746346214000000000
1973,2025-02-21 10:34:59,Organic,USA,5,22.5,1,3.0,2025-02-24 10:34:59,1,13.0,2025-03-06 10:34:59,Basic,50,0,
1974,2025-03-04 08:17:08,Ads,Germany,9,36.0,0,,,0,,,,0,1,1742545028000000000
1975,2025-01-25 15:38:05,Organic,USA,6,27.0,1,1.0,2025-01-26 15:38:05,0,,,,0,1,1742053085000000000
1976,2025-03-11 06:12:00,Organic,UK,5,15.0,0,,,0,,,,0,1,1744524720000000000
1977,2025-02-24 15:17:22,Ads,USA,7,21.0,1,3.0,2025-02-27 15:17:22,1,10.0,2025-03-06 15:17:22,Basic,50,0,
1978,2025-01-26 13:05:48,Ads,USA,2,6.0,0,,,0,,,,0,1,1740834348000000000
1979,2025-02-25 00:08:45,Ads,India,3,18.0,1,2.0,2025-02-27 00:08:45,0,,,,0,0,
1980,2025-01-07 08:33:59,Organic,India,6,12.0,0,,,0,,,,0,1,1739522039000000000
1981,2025-01-07 10:38:21,Organic,Canada,2,6.0,1,3.0,2025-01-10 10:38:21,0,,,,0,0,
1982,2025-03-04 14:25:53,Organic,USA,4,12.0,1,2.0,2025-03-06 14:25:53,1,10.0,2025-03-14 14:25:53,Basic,50,0,
1983,2025-03-10 21:50:59,Organic,USA,3,13.5,1,2.0,2025-03-12 21:50:59,0,,,,0,1,1744753859000000000
1984,2025-02-05 06:32:49,Organic,USA,7,21.0,1,2.0,2025-02-07 06:32:49,0,,,,0,0,
1985,2025-02-28 22:48:29,Organic,India,6,18.0,1,1.0,2025-03-01 22:48:29,0,,,,0,0,
1986,2025-03-02 13:01:24,Ads,India,4,12.0,1,3.0,2025-03-05 13:01:24,0,,,,0,0,
1987,2025-02-23 13:35:20,Organic,USA,5,22.5,1,2.0,2025-02-25 13:35:20,1,5.0,2025-02-28 13:35:20,Basic,50,0,
1988,2025-01-15 16:54:24,Ads,India,7,14.0,0,,,0,,,,0,0,
1989,2025-01-10 02:08:52,Referral,India,7,31.5,1,2.0,2025-01-12 02:08:52,0,,,,0,0,
1990,2025-03-11 07:25:33,Organic,USA,1,4.0,0,,,0,,,,0,1,1745393133000000000
1991,2025-01-09 21:19:10,Organic,Germany,5,22.5,1,1.0,2025-01-10 21:19:10,0,,,,0,0,
1992,2025-01-02 22:14:32,Organic,India,4,16.0,0,,,0,,,,0,1,1738275272000000000
1993,2025-01-05 14:28:30,Ads,USA,6,36.0,1,3.0,2025-01-08 14:28:30,0,,,,0,1,1737642510000000000
1994,2025-03-17 06:26:56,Organic,India,6,36.0,1,1.0,2025-03-18 06:26:56,0,,,,0,0,
1995,2025-02-19 23:10:48,Organic,India,6,18.0,1,2.0,2025-02-21 23:10:48,1,8.0,2025-02-27 23:10:48,Basic,50,0,
1996,2025-03-11 03:08:51,Ads,Canada,7,31.5,1,2.0,2025-03-13 03:08:51,0,,,,0,1,1744081731000000000
1997,2025-03-14 10:16:43,Organic,UK,8,36.0,1,2.0,2025-03-16 10:16:43,0,,,,0,1,1743243403000000000
1998,2025-03-08 11:47:06,Ads,India,3,6.0,0,,,0,,,,0,1,1745236026000000000
1999,2025-02-06 21:45:29,Ads,USA,6,27.0,1,1.0,2025-02-07 21:45:29,0,,,,0,1,1742420729000000000
2000,2025-02-25 09:25:56,Ads,India,2,4.0,0,,,0,,,,0,1,1743499556000000000
2001,2025-03-01 02:15:24,Organic,UK,2,6.0,1,3.0,2025-03-04 02:15:24,0,,,,0,1,1744337724000000000
2002,2025-02-28 04:02:44,Referral,India,1,3.0,0,,,0,,,,0,0,
2003,2025-03-17 13:52:42,Ads,UK,5,30.0,1,3.0,2025-03-20 13:52:42,0,,,,0,0,
2004,2025-02-02 23:42:51,Organic,USA,5,30.0,1,3.0,2025-02-05 23:42:51,0,,,,0,0,
2005,2025-03-19 19:17:25,Organic,India,4,16.0,0,,,0,,,,0,1,1747509445000000000
2006,2025-01-11 12:59:35,Organic,Canada,4,8.0,0,,,0,,,,0,1,1737896375000000000
2007,2025-03-10 22:07:58,Referral,Germany,3,18.0,1,3.0,2025-03-13 22:07:58,1,11.0,2025-03-21 22:07:58,Pro,120,0,
2008,2025-03-10 05:37:49,Referral,India,3,6.0,0,,,0,,,,0,0,
2009,2025-03-01 02:37:11,Ads,Canada,5,10.0,0,,,0,,,,0,1,1744339031000000000
2010,2025-01-31 01:21:14,Referral,UK,5,30.0,1,2.0,2025-02-02 01:21:14,0,,,,0,1,1739841674000000000
2011,2025-03-10 14:39:57,Organic,UK,2,12.0,1,1.0,2025-03-11 14:39:57,1,5.0,2025-03-15 14:39:57,Basic,50,1,1742999997000000000
2012,2025-01-07 11:15:24,Organic,Germany,3,9.0,1,1.0,2025-01-08 11:15:24,1,14.0,2025-01-21 11:15:24,Basic,50,0,
2013,2025-02-14 22:06:25,Referral,USA,5,15.0,1,2.0,2025-02-16 22:06:25,0,,,,0,1,1741903585000000000
2014,2025-02-20 14:54:16,Ads,UK,2,12.0,1,3.0,2025-02-23 14:54:16,0,,,,0,0,
2015,2025-02-27 22:16:38,Organic,Canada,8,36.0,1,1.0,2025-02-28 22:16:38,0,,,,0,1,1744496198000000000
2016,2025-02-16 10:36:35,Ads,USA,1,2.0,0,,,0,,,,0,1,1743676595000000000
2017,2025-01-27 12:13:55,Referral,USA,2,4.0,0,,,0,,,,0,0,
2018,2025-03-01 19:10:50,Ads,India,10,60.0,1,3.0,2025-03-04 19:10:50,0,,,,0,1,1743880250000000000
2019,2025-03-01 03:15:19,Referral,UK,7,28.0,0,,,0,,,,0,1,1742440519000000000
2020,2025-03-07 21:24:35,Ads,UK,2,8.0,0,,,0,,,,0,1,1744406675000000000
2021,2025-03-02 02:34:38,Organic,USA,4,12.0,1,3.0,2025-03-05 02:34:38,0,,,,0,1,1743302078000000000
2022,2025-01-05 23:50:13,Referral,USA,4,24.0,1,1.0,2025-01-06 23:50:13,0,,,,0,0,
2023,2025-01-16 15:42:44,Organic,India,3,9.0,0,,,0,,,,0,1,1740411764000000000
2024,2025-01-29 01:20:50,Referral,India,6,27.0,1,2.0,2025-01-31 01:20:50,0,,,,0,1,1739928050000000000
2025,2025-02-18 04:58:20,Organic,USA,4,16.0,0,,,0,,,,0,1,1742705900000000000
2026,2025-03-01 13:26:05,Ads,USA,4,12.0,1,1.0,2025-03-02 13:26:05,1,7.0,2025-03-08 13:26:05,Basic,50,0,
2027,2025-01-10 23:52:41,Organic,UK,5,30.0,1,1.0,2025-01-11 23:52:41,0,,,,0,0,
2028,2025-01-04 11:56:26,Organic,USA,6,36.0,1,1.0,2025-01-05 11:56:26,0,,,,0,1,1738756586000000000
2029,2025-02-07 02:56:33,Organic,Germany,6,18.0,1,1.0,2025-02-08 02:56:33,0,,,,0,1,1743216993000000000
2030,2025-03-05 12:51:04,Referral,India,7,31.5,1,1.0,2025-03-06 12:51:04,0,,,,0,0,
2031,2025-03-28 07:23:05,Referral,Germany,5,22.5,1,2.0,2025-03-30 07:23:05,0,,,,0,1,1746084185000000000
2032,2025-03-20 07:52:08,Organic,India,2,6.0,1,1.0,2025-03-21 07:52:08,0,,,,0,0,
2033,2025-02-14 07:27:44,Referral,USA,9,54.0,1,2.0,2025-02-16 07:27:44,1,11.0,2025-02-25 07:27:44,Basic,50,0,
2034,2025-01-12 21:09:13,Referral,USA,7,28.0,0,,,0,,,,0,0,
2035,2025-01-15 07:06:42,Ads,India,4,12.0,1,1.0,2025-01-16 07:06:42,0,,,,0,1,1742022402000000000
2036,2025-01-02 16:21:11,Organic,India,4,18.0,1,2.0,2025-01-04 16:21:11,0,,,,0,0,
2037,2025-01-26 15:28:05,Referral,India,0,0.0,0,,,0,,,,0,0,
2038,2025-03-01 18:05:56,Ads,UK,9,27.0,1,3.0,2025-03-04 18:05:56,0,,,,0,1,1742925956000000000
2039,2025-02-13 07:56:37,Referral,India,6,27.0,1,3.0,2025-02-16 07:56:37,0,,,,0,0,
2040,2025-01-18 12:42:22,Referral,Germany,6,12.0,0,,,0,,,,0,1,1739191342000000000
2041,2025-03-15 14:01:58,Referral,India,4,16.0,0,,,0,,,,0,1,1746108118000000000
2042,2025-02-18 09:17:36,Ads,Germany,4,24.0,1,1.0,2025-02-19 09:17:36,0,,,,0,1,1742635056000000000
2043,2025-02-03 21:56:24,Organic,India,6,12.0,0,,,0,,,,0,0,
2044,2025-01-01 21:21:38,Organic,India,7,14.0,0,,,0,,,,0,1,1737235298000000000
2045,2025-03-20 02:12:35,Organic,India,6,18.0,0,,,0,,,,0,1,1744855955000000000
2046,2025-02-08 03:18:17,Organic,Canada,4,12.0,1,2.0,2025-02-10 03:18:17,1,11.0,2025-02-19 03:18:17,Basic,50,1,1741144697000000000
2047,2025-03-21 05:43:12,Ads,USA,7,42.0,1,3.0,2025-03-24 05:43:12,0,,,,0,0,
2048,2025-01-04 08:05:16,Ads,India,3,13.5,1,1.0,2025-01-05 08:05:16,0,,,,0,1,1738915516000000000
2049,2025-01-24 06:02:34,Referral,India,6,18.0,1,2.0,2025-01-26 06:02:34,1,14.0,2025-02-07 06:02:34,Basic,50,0,
2050,2025-03-27 01:01:29,Organic,India,2,12.0,1,2.0,2025-03-29 01:01:29,0,,,,0,0,
2051,2025-03-20 08:17:38,Ads,USA,6,18.0,1,2.0,2025-03-22 08:17:38,0,,,,0,1,1745828258000000000
2052,2025-01-22 04:12:33,Organic,India,5,15.0,1,2.0,2025-01-24 04:12:33,0,,,,0,1,1741493553000000000
2053,2025-02-17 07:44:17,Organic,UK,4,12.0,0,,,1,14.0,2025-03-03 07:44:17,Pro,120,0,
2054,2025-02-05 04:49:01,Organic,USA,3,6.0,0,,,0,,,,0,1,1741150141000000000
2055,2025-01-13 00:45:04,Ads,Canada,4,18.0,1,1.0,2025-01-14 00:45:04,0,,,,0,1,1738457104000000000
2056,2025-03-19 03:47:35,Organic,USA,9,40.5,1,2.0,2025-03-21 03:47:35,1,11.0,2025-03-30 03:47:35,Basic,50,0,
2057,2025-02-17 07:30:10,Ads,India,2,6.0,1,1.0,2025-02-18 07:30:10,0,,,,0,1,1742974210000000000
2058,2025-03-10 14:24:31,Organic,Germany,3,13.5,1,2.0,2025-03-12 14:24:31,0,,,,0,1,1745763871000000000
2059,2025-01-25 08:44:18,Referral,India,5,22.5,1,1.0,2025-01-26 08:44:18,0,,,,0,0,
2060,2025-03-30 16:46:29,Referral,USA,3,9.0,0,,,0,,,,0,1,1746895589000000000
2061,2025-02-27 17:33:43,Referral,Canada,4,18.0,1,3.0,2025-03-02 17:33:43,0,,,,0,1,1745343223000000000
2062,2025-03-30 09:03:56,Referral,India,6,18.0,1,1.0,2025-03-31 09:03:56,0,,,,0,0,
2063,2025-03-24 14:53:12,Referral,India,11,49.5,1,3.0,2025-03-27 14:53:12,0,,,,0,1,1747839192000000000
2064,2025-02-26 19:43:04,Referral,India,6,18.0,1,1.0,2025-02-27 19:43:04,0,,,,0,1,1741894984000000000
2065,2025-01-20 09:30:43,Ads,India,3,18.0,1,3.0,2025-01-23 09:30:43,1,7.0,2025-01-27 09:30:43,Basic,50,0,
2066,2025-01-01 09:38:21,Organic,India,4,12.0,1,3.0,2025-01-04 09:38:21,0,,,,0,1,1737020301000000000
2067,2025-02-07 08:57:08,Organic,India,7,21.0,0,,,0,,,,0,0,
2068,2025-03-23 16:16:33,Organic,India,1,3.0,0,,,0,,,,0,1,1744820193000000000
2069,2025-01-20 22:13:30,Ads,Canada,5,20.0,0,,,0,,,,0,1,1742249610000000000
2070,2025-01-26 05:45:12,Ads,USA,4,24.0,1,2.0,2025-01-28 05:45:12,0,,,,0,0,
2071,2025-01-28 01:56:07,Referral,USA,3,9.0,1,2.0,2025-01-30 01:56:07,0,,,,0,1,1739584567000000000
2072,2025-03-15 07:44:58,Referral,USA,9,36.0,0,,,0,,,,0,1,1745480698000000000
2073,2025-01-31 06:10:35,Organic,Canada,4,12.0,0,,,0,,,,0,1,1740204635000000000
2074,2025-01-06 16:23:56,Ads,Canada,1,2.0,0,,,0,,,,0,1,1737908636000000000
2075,2025-01-04 18:55:04,Referral,Canada,5,22.5,1,2.0,2025-01-06 18:55:04,1,11.0,2025-01-15 18:55:04,Basic,50,0,
2076,2025-03-11 23:41:54,Organic,Canada,8,36.0,1,3.0,2025-03-14 23:41:54,0,,,,0,1,1743291714000000000
2077,2025-01-29 12:03:36,Ads,India,7,31.5,1,3.0,2025-02-01 12:03:36,0,,,,0,1,1741608216000000000
2078,2025-02-01 08:50:41,Organic,USA,3,13.5,1,3.0,2025-02-04 08:50:41,0,,,,0,0,
2079,2025-02-09 17:50:03,Ads,USA,3,18.0,1,1.0,2025-02-10 17:50:03,1,14.0,2025-02-23 17:50:03,Basic,50,1,1742579403000000000
2080,2025-01-14 05:29:13,Organic,USA,4,12.0,1,3.0,2025-01-17 05:29:13,1,14.0,2025-01-28 05:29:13,Basic,50,0,
2081,2025-02-15 20:22:32,Referral,USA,9,40.5,1,3.0,2025-02-18 20:22:32,0,,,,0,1,1741551752000000000
2082,2025-02-16 01:11:42,Ads,India,3,9.0,0,,,0,,,,0,1,1742778702000000000
2083,2025-02-16 23:32:55,Organic,India,7,21.0,1,1.0,2025-02-17 23:32:55,0,,,,0,1,1744241575000000000
2084,2025-01-04 18:48:36,Organic,Germany,8,36.0,1,2.0,2025-01-06 18:48:36,0,,,,0,1,1737917316000000000
2085,2025-02-11 15:21:46,Organic,USA,8,16.0,0,,,0,,,,0,0,
2086,2025-02-22 03:49:14,Referral,India,3,6.0,0,,,0,,,,0,0,
2087,2025-01-08 00:10:09,Ads,India,1,6.0,1,2.0,2025-01-10 00:10:09,0,,,,0,0,
2088,2025-01-13 10:22:15,Organic,USA,2,6.0,1,1.0,2025-01-14 10:22:15,0,,,,0,0,
2089,2025-02-04 14:19:39,Organic,USA,2,6.0,1,1.0,2025-02-05 14:19:39,0,,,,0,0,
2090,2025-03-21 06:38:06,Ads,USA,3,9.0,1,2.0,2025-03-23 06:38:06,0,,,,0,1,1744612686000000000
2091,2025-02-28 10:53:25,Ads,India,2,6.0,0,,,0,,,,0,1,1742900005000000000
2092,2025-01-20 23:21:30,Ads,India,8,16.0,0,,,0,,,,0,1,1741562490000000000
2093,2025-02-07 23:19:32,Organic,India,8,16.0,0,,,0,,,,0,0,
2094,2025-03-28 06:04:09,Ads,UK,3,18.0,1,3.0,2025-03-31 06:04:09,0,,,,0,0,
2095,2025-03-09 05:37:21,Ads,India,6,36.0,1,1.0,2025-03-10 05:37:21,0,,,,0,1,1743226641000000000
2096,2025-02-18 02:58:13,Referral,India,4,24.0,1,2.0,2025-02-20 02:58:13,1,8.0,2025-02-26 02:58:13,Basic,50,0,
2097,2025-02-28 21:07:48,Referral,UK,10,60.0,1,3.0,2025-03-03 21:07:48,0,,,,0,1,1744924068000000000
2098,2025-03-13 05:52:59,Ads,UK,6,18.0,1,1.0,2025-03-14 05:52:59,0,,,,0,1,1745473979000000000
2099,2025-01-05 15:58:39,Ads,India,4,18.0,1,3.0,2025-01-08 15:58:39,1,7.0,2025-01-12 15:58:39,Pro,120,0,
2100,2025-03-22 10:30:36,Organic,UK,7,31.5,1,2.0,2025-03-24 10:30:36,1,6.0,2025-03-28 10:30:36,Pro,120,0,
2101,2025-03-03 16:31:08,Referral,Germany,2,6.0,0,,,0,,,,0,1,1742315468000000000
2102,2025-03-21 09:56:32,Organic,Germany,2,8.0,0,,,0,,,,0,0,
2103,2025-02-18 05:26:09,Organic,UK,8,48.0,1,2.0,2025-02-20 05:26:09,0,,,,0,1,1744262769000000000
2104,2025-02-20 00:04:55,Organic,UK,2,4.0,0,,,0,,,,0,0,
2105,2025-01-05 15:52:12,Referral,India,5,30.0,1,1.0,2025-01-06 15:52:12,0,,,,0,1,1740585132000000000
2106,2025-01-06 20:34:39,Organic,USA,9,27.0,1,3.0,2025-01-09 20:34:39,0,,,,0,1,1737923679000000000
2107,2025-01-23 13:40:13,Organic,USA,5,15.0,1,1.0,2025-01-24 13:40:13,0,,,,0,0,
2108,2025-01-31 08:50:36,Organic,USA,5,15.0,0,,,0,,,,0,0,
2109,2025-01-14 02:37:38,Organic,USA,5,20.0,0,,,0,,,,0,1,1738377458000000000
2110,2025-01-23 23:26:49,Organic,UK,4,24.0,1,3.0,2025-01-26 23:26:49,1,6.0,2025-01-29 23:26:49,Basic,50,0,
2111,2025-02-20 00:43:46,Referral,Germany,5,15.0,1,3.0,2025-02-23 00:43:46,0,,,,0,1,1743554626000000000
2112,2025-01-08 14:29:11,Referral,India,5,15.0,0,,,1,11.0,2025-01-19 14:29:11,Basic,50,1,1740925751000000000
2113,2025-01-01 03:08:23,Organic,India,10,30.0,1,3.0,2025-01-04 03:08:23,1,14.0,2025-01-15 03:08:23,Pro,120,0,
2114,2025-01-15 00:10:09,Referral,USA,8,24.0,1,3.0,2025-01-18 00:10:09,1,8.0,2025-01-23 00:10:09,Basic,50,0,
2115,2025-02-10 06:33:11,Ads,India,2,4.0,0,,,0,,,,0,1,1742279591000000000
2116,2025-03-05 13:42:50,Organic,USA,6,36.0,1,2.0,2025-03-07 13:42:50,0,,,,0,1,1742478170000000000
2117,2025-03-02 05:31:56,Ads,India,6,36.0,1,3.0,2025-03-05 05:31:56,1,12.0,2025-03-14 05:31:56,Pro,120,1,1745904716000000000
2118,2025-03-11 18:09:48,Referral,USA,3,12.0,0,,,0,,,,0,1,1744913388000000000
2119,2025-03-15 23:17:52,Organic,USA,9,40.5,1,3.0,2025-03-18 23:17:52,0,,,,0,1,1745623072000000000
2120,2025-03-25 08:34:13,Organic,India,2,8.0,0,,,0,,,,0,0,
2121,2025-03-27 22:51:03,Referral,India,5,15.0,0,,,0,,,,0,1,1747781463000000000
2122,2025-01-28 09:23:30,Ads,India,2,9.0,1,3.0,2025-01-31 09:23:30,0,,,,0,1,1740216210000000000
2123,2025-02-18 09:11:43,Organic,India,5,20.0,0,,,0,,,,0,1,1743153103000000000
2124,2025-01-13 08:43:19,Ads,UK,3,12.0,0,,,0,,,,0,1,1740040999000000000
2125,2025-02-26 21:55:39,Ads,USA,1,3.0,0,,,0,,,,0,1,1745013339000000000
2126,2025-02-18 08:03:44,Referral,India,7,42.0,1,3.0,2025-02-21 08:03:44,0,,,,0,0,
2127,2025-02-24 05:12:26,Ads,USA,6,12.0,0,,,0,,,,0,1,1742274746000000000
2128,2025-01-06 07:18:18,Organic,India,8,24.0,0,,,0,,,,0,1,1737962298000000000
2129,2025-01-13 02:55:43,Ads,UK,4,24.0,1,2.0,2025-01-15 02:55:43,1,9.0,2025-01-22 02:55:43,Pro,120,0,
2130,2025-03-08 04:48:40,Ads,India,1,4.5,1,3.0,2025-03-11 04:48:40,0,,,,0,1,1744174120000000000
2131,2025-01-02 05:13:48,Organic,Canada,5,22.5,1,3.0,2025-01-05 05:13:48,0,,,,0,0,
2132,2025-02-23 11:30:50,Ads,USA,4,24.0,1,2.0,2025-02-25 11:30:50,0,,,,0,1,1741951850000000000
2133,2025-01-21 07:41:32,Referral,USA,5,30.0,1,2.0,2025-01-23 07:41:32,1,6.0,2025-01-27 07:41:32,Basic,50,1,1742283692000000000
2134,2025-01-11 05:34:16,Organic,UK,3,13.5,1,2.0,2025-01-13 05:34:16,0,,,,0,0,
2135,2025-01-21 00:37:08,Ads,Canada,4,24.0,1,2.0,2025-01-23 00:37:08,0,,,,0,0,
2136,2025-01-23 12:46:33,Organic,Germany,5,30.0,1,2.0,2025-01-25 12:46:33,0,,,,0,0,
2137,2025-01-19 03:52:03,Organic,USA,8,36.0,1,2.0,2025-01-21 03:52:03,1,10.0,2025-01-29 03:52:03,Basic,50,1,1739159523000000000
2138,2025-03-12 18:45:18,Organic,India,5,15.0,1,2.0,2025-03-14 18:45:18,0,,,,0,1,1743792318000000000
2139,2025-03-27 18:08:26,Organic,Canada,12,72.0,1,2.0,2025-03-29 18:08:26,1,7.0,2025-04-03 18:08:26,Basic,50,1,1745258906000000000
2140,2025-02-07 22:54:29,Referral,India,5,15.0,1,2.0,2025-02-09 22:54:29,0,,,,0,0,
2141,2025-03-27 13:52:59,Organic,Canada,6,18.0,1,3.0,2025-03-30 13:52:59,1,14.0,2025-04-10 13:52:59,Basic,50,0,
2142,2025-01-20 23:34:30,Ads,UK,1,3.0,1,1.0,2025-01-21 23:34:30,0,,,,0,1,1742427270000000000
2143,2025-02-08 15:53:40,Organic,Germany,7,21.0,1,3.0,2025-02-11 15:53:40,1,6.0,2025-02-14 15:53:40,Basic,50,0,
2144,2025-01-01 13:34:34,Referral,Canada,3,12.0,0,,,0,,,,0,1,1739280874000000000
2145,2025-01-19 18:42:52,Ads,India,8,24.0,1,3.0,2025-01-22 18:42:52,0,,,,0,0,
2146,2025-02-07 06:31:21,Ads,USA,5,22.5,1,2.0,2025-02-09 06:31:21,1,8.0,2025-02-15 06:31:21,Pro,120,0,
2147,2025-02-01 03:09:44,Organic,India,4,24.0,1,1.0,2025-02-02 03:09:44,0,,,,0,0,
2148,2025-01-09 05:07:42,Organic,India,6,36.0,1,1.0,2025-01-10 05:07:42,0,,,,0,1,1739682462000000000
2149,2025-03-21 10:29:42,Organic,USA,4,12.0,1,2.0,2025-03-23 10:29:42,1,5.0,2025-03-26 10:29:42,Pro,120,1,1747477782000000000
2150,2025-03-03 14:05:29,Referral,India,6,36.0,1,2.0,2025-03-05 14:05:29,0,,,,0,0,
2151,2025-03-20 22:01:03,Organic,UK,5,15.0,1,3.0,2025-03-23 22:01:03,0,,,,0,0,
2152,2025-02-26 09:29:14,Ads,Germany,5,15.0,1,3.0,2025-03-01 09:29:14,0,,,,0,1,1743326954000000000
2153,2025-01-06 10:40:52,Ads,USA,5,30.0,1,2.0,2025-01-08 10:40:52,0,,,,0,0,
2154,2025-03-07 15:43:25,Organic,India,4,18.0,1,1.0,2025-03-08 15:43:25,0,,,,0,1,1743176605000000000
2155,2025-01-25 18:21:26,Ads,Canada,4,16.0,0,,,0,,,,0,0,
2156,2025-01-31 00:11:10,Ads,Canada,4,24.0,1,3.0,2025-02-03 00:11:10,0,,,,0,1,1741392670000000000
2157,2025-02-25 16:20:33,Ads,UK,5,30.0,1,1.0,2025-02-26 16:20:33,0,,,,0,0,
2158,2025-03-19 14:04:19,Organic,USA,6,27.0,1,1.0,2025-03-20 14:04:19,0,,,,0,0,
2159,2025-03-16 06:41:05,Organic,Canada,6,36.0,1,3.0,2025-03-19 06:41:05,0,,,,0,1,1744094465000000000
2160,2025-01-06 02:47:41,Organic,India,11,44.0,0,,,0,,,,0,1,1740970061000000000
2161,2025-02-08 14:18:52,Referral,Germany,8,48.0,1,1.0,2025-02-09 14:18:52,0,,,,0,0,
2162,2025-03-21 22:51:08,Ads,Germany,6,36.0,1,3.0,2025-03-24 22:51:08,1,10.0,2025-03-31 22:51:08,Basic,50,0,
2163,2025-02-13 12:54:35,Organic,Canada,5,30.0,1,2.0,2025-02-15 12:54:35,0,,,,0,1,1744203275000000000
2164,2025-01-27 04:08:06,Referral,India,8,36.0,1,2.0,2025-01-29 04:08:06,1,6.0,2025-02-02 04:08:06,Basic,50,0,
2165,2025-03-27 19:55:45,Organic,Canada,3,18.0,1,2.0,2025-03-29 19:55:45,0,,,,0,0,
2166,2025-01-06 15:49:32,Referral,USA,7,42.0,1,3.0,2025-01-09 15:49:32,0,,,,0,0,
2167,2025-03-26 03:17:01,Referral,USA,6,18.0,1,3.0,2025-03-29 03:17:01,0,,,,0,1,1746587821000000000
2168,2025-01-14 00:13:14,Referral,Canada,5,30.0,1,1.0,2025-01-15 00:13:14,0,,,,0,1,1740615194000000000
2169,2025-02-05 15:55:28,Referral,India,4,12.0,1,1.0,2025-02-06 15:55:28,1,8.0,2025-02-13 15:55:28,Basic,50,1,1742313328000000000
2170,2025-03-04 03:58:32,Organic,India,7,42.0,1,2.0,2025-03-06 03:58:32,0,,,,0,0,
2171,2025-02-17 10:21:04,Organic,Canada,3,18.0,1,2.0,2025-02-19 10:21:04,1,9.0,2025-02-26 10:21:04,Basic,50,1,1743934864000000000
2172,2025-01-31 07:08:23,Ads,Canada,4,24.0,1,3.0,2025-02-03 07:08:23,0,,,,0,1,1741504103000000000
2173,2025-01-02 21:17:18,Organic,Canada,5,15.0,1,3.0,2025-01-05 21:17:18,0,,,,0,1,1740691038000000000
2174,2025-03-26 06:38:25,Organic,India,1,4.5,1,1.0,2025-03-27 06:38:25,1,8.0,2025-04-03 06:38:25,Pro,120,0,
2175,2025-03-01 07:33:15,Ads,UK,4,12.0,0,,,0,,,,0,0,
2176,2025-03-04 15:07:43,Organic,India,5,22.5,1,3.0,2025-03-07 15:07:43,0,,,,0,0,
2177,2025-02-15 21:02:15,Referral,UK,7,42.0,1,2.0,2025-02-17 21:02:15,0,,,,0,1,1741899735000000000
2178,2025-01-16 21:49:32,Referral,India,4,18.0,1,2.0,2025-01-18 21:49:32,0,,,,0,1,1739483372000000000
2179,2025-01-28 06:24:34,Referral,UK,6,27.0,1,1.0,2025-01-29 06:24:34,0,,,,0,0,
2180,2025-03-16 08:18:55,Ads,USA,3,6.0,0,,,0,,,,0,1,1744964335000000000
2181,2025-03-17 03:45:09,Referral,Germany,4,18.0,1,2.0,2025-03-19 03:45:09,1,6.0,2025-03-23 03:45:09,Basic,50,1,1744688709000000000
2182,2025-01-07 22:48:50,Referral,USA,5,30.0,1,3.0,2025-01-10 22:48:50,1,6.0,2025-01-13 22:48:50,Basic,50,0,
2183,2025-03-04 17:57:49,Ads,USA,7,42.0,1,2.0,2025-03-06 17:57:49,1,14.0,2025-03-18 17:57:49,Basic,50,1,1742752669000000000
2184,2025-02-12 05:36:06,Organic,India,3,18.0,1,2.0,2025-02-14 05:36:06,0,,,,0,0,
2185,2025-01-13 11:23:53,Referral,UK,8,16.0,0,,,0,,,,0,1,1740569033000000000
2186,2025-01-30 20:00:40,Referral,USA,5,20.0,0,,,0,,,,0,0,
2187,2025-01-06 00:57:03,Organic,India,6,18.0,1,2.0,2025-01-08 00:57:03,0,,,,0,1,1738198623000000000
2188,2025-01-14 19:22:09,Organic,USA,2,12.0,1,2.0,2025-01-16 19:22:09,1,13.0,2025-01-27 19:22:09,Basic,50,0,
2189,2025-01-04 17:49:50,Ads,Canada,3,18.0,1,2.0,2025-01-06 17:49:50,0,,,,0,1,1739900990000000000
2190,2025-03-17 20:50:35,Organic,India,3,6.0,0,,,0,,,,0,1,1744059035000000000
2191,2025-03-29 14:46:19,Referral,India,7,31.5,1,3.0,2025-04-01 14:46:19,0,,,,0,1,1746801979000000000
2192,2025-03-29 15:16:30,Referral,USA,9,27.0,1,3.0,2025-04-01 15:16:30,0,,,,0,0,
2193,2025-01-20 06:17:01,Organic,Canada,8,24.0,1,1.0,2025-01-21 06:17:01,1,7.0,2025-01-27 06:17:01,Basic,50,0,
2194,2025-03-28 18:42:44,Ads,India,2,12.0,1,2.0,2025-03-30 18:42:44,0,,,,0,0,
2195,2025-02-17 02:05:16,Organic,Germany,4,12.0,1,3.0,2025-02-20 02:05:16,1,6.0,2025-02-23 02:05:16,Pro,120,1,1744077916000000000
2196,2025-03-26 09:19:17,Ads,Germany,5,10.0,0,,,0,,,,0,0,
2197,2025-03-25 14:14:27,Organic,India,4,24.0,1,2.0,2025-03-27 14:14:27,0,,,,0,1,1745331267000000000
2198,2025-01-20 04:11:11,Ads,India,6,36.0,1,2.0,2025-01-22 04:11:11,0,,,,0,1,1740456671000000000
2199,2025-03-07 18:13:55,Organic,UK,6,27.0,1,2.0,2025-03-09 18:13:55,0,,,,0,1,1743617635000000000
2200,2025-03-13 03:01:05,Organic,Germany,5,15.0,1,2.0,2025-03-15 03:01:05,0,,,,0,1,1744858865000000000
2201,2025-01-02 14:29:23,Organic,UK,5,22.5,1,3.0,2025-01-05 14:29:23,0,,,,0,0,
2202,2025-01-10 01:31:06,Organic,USA,7,21.0,0,,,0,,,,0,1,1739323866000000000
2203,2025-01-18 23:50:23,Ads,India,3,13.5,1,2.0,2025-01-20 23:50:23,0,,,,0,1,1741218623000000000
2204,2025-02-26 17:04:16,Organic,USA,2,8.0,0,,,0,,,,0,0,
2205,2025-03-14 05:32:59,Ads,USA,6,18.0,1,1.0,2025-03-15 05:32:59,0,,,,0,1,1743399179000000000
2206,2025-02-16 22:39:17,Referral,India,6,18.0,0,,,0,,,,0,1,1743460757000000000
2207,2025-03-18 14:11:28,Referral,USA,8,48.0,1,2.0,2025-03-20 14:11:28,1,5.0,2025-03-23 14:11:28,Basic,50,0,
2208,2025-01-07 22:04:57,Referral,India,7,42.0,1,1.0,2025-01-08 22:04:57,0,,,,0,1,1739743497000000000
2209,2025-02-15 14:47:17,Referral,USA,5,10.0,0,,,0,,,,0,1,1743950837000000000
2210,2025-01-09 22:40:00,Organic,India,3,13.5,1,2.0,2025-01-11 22:40:00,0,,,,0,0,
2211,2025-03-05 14:54:13,Organic,India,3,18.0,1,3.0,2025-03-08 14:54:13,1,10.0,2025-03-15 14:54:13,Pro,120,1,1744815253000000000
2212,2025-03-30 05:32:09,Ads,Canada,6,18.0,0,,,0,,,,0,1,1748151129000000000
2213,2025-01-24 15:29:59,Referral,India,7,14.0,0,,,1,6.0,2025-01-30 15:29:59,Pro,120,0,
2214,2025-02-10 18:29:14,Referral,USA,10,45.0,1,1.0,2025-02-11 18:29:14,0,,,,0,1,1742322554000000000
2215,2025-02-12 08:39:45,Organic,India,6,24.0,0,,,0,,,,0,0,
2216,2025-01-23 00:34:57,Organic,India,6,27.0,1,1.0,2025-01-24 00:34:57,0,,,,0,0,
2217,2025-02-11 09:28:31,Organic,India,5,30.0,1,2.0,2025-02-13 09:28:31,0,,,,0,0,
2218,2025-01-14 11:19:10,Ads,India,2,6.0,0,,,0,,,,0,1,1741000750000000000
2219,2025-01-07 08:32:28,Ads,India,5,10.0,0,,,0,,,,0,1,1737880348000000000
2220,2025-02-02 02:28:27,Organic,Canada,7,14.0,0,,,0,,,,0,1,1741314507000000000
2221,2025-03-21 18:46:59,Organic,India,8,48.0,1,1.0,2025-03-22 18:46:59,0,,,,0,0,
2222,2025-02-24 03:33:14,Ads,India,3,9.0,1,1.0,2025-02-25 03:33:14,0,,,,0,0,
2223,2025-02-28 15:46:42,Ads,Canada,5,15.0,1,1.0,2025-03-01 15:46:42,1,13.0,2025-03-13 15:46:42,Basic,50,1,1744645602000000000
2224,2025-02-02 02:32:19,Organic,India,6,18.0,0,,,0,,,,0,1,1740623539000000000
2225,2025-01-23 09:42:20,Referral,UK,7,31.5,1,1.0,2025-01-24 09:42:20,0,,,,0,1,1741340540000000000
2226,2025-02-09 18:09:15,Ads,India,6,27.0,1,2.0,2025-02-11 18:09:15,0,,,,0,0,
2227,2025-02-27 03:18:30,Referral,India,5,22.5,1,1.0,2025-02-28 03:18:30,0,,,,0,1,1742699910000000000
2228,2025-02-28 07:28:28,Referral,USA,4,18.0,1,2.0,2025-03-02 07:28:28,1,7.0,2025-03-07 07:28:28,Basic,50,1,1745566108000000000
2229,2025-02-01 18:33:46,Organic,Germany,4,12.0,1,2.0,2025-02-03 18:33:46,0,,,,0,1,1741545226000000000
2230,2025-03-01 16:11:12,Organic,India,5,15.0,1,1.0,2025-03-02 16:11:12,1,13.0,2025-03-14 16:11:12,Basic,50,1,1743523872000000000
2231,2025-03-08 20:09:41,Ads,USA,5,30.0,1,1.0,2025-03-09 20:09:41,0,,,,0,1,1743624581000000000
2232,2025-02-06 18:35:26,Organic,India,11,49.5,1,1.0,2025-02-07 18:35:26,1,11.0,2025-02-17 18:35:26,Basic,50,0,
2233,2025-01-18 23:48:30,Referral,India,6,36.0,1,1.0,2025-01-19 23:48:30,0,,,,0,0,
2234,2025-01-22 04:33:35,Ads,Germany,4,18.0,1,2.0,2025-01-24 04:33:35,0,,,,0,1,1739766815000000000
2235,2025-02-13 13:18:42,Referral,India,3,13.5,1,1.0,2025-02-14 13:18:42,0,,,,0,1,1742390322000000000
2236,2025-01-28 14:52:58,Organic,Canada,5,15.0,1,3.0,2025-01-31 14:52:58,0,,,,0,1,1742136778000000000
2237,2025-03-24 06:12:09,Organic,India,3,13.5,1,3.0,2025-03-27 06:12:09,1,6.0,2025-03-30 06:12:09,Basic,50,1,1744092729000000000
2238,2025-02-21 04:13:10,Ads,Canada,7,31.5,1,1.0,2025-02-22 04:13:10,1,9.0,2025-03-02 04:13:10,Basic,50,1,1741839190000000000
2239,2025-01-30 08:08:57,Organic,USA,5,15.0,1,2.0,2025-02-01 08:08:57,0,,,,0,1,1740298137000000000
2240,2025-02-06 13:04:33,Ads,Canada,3,13.5,1,3.0,2025-02-09 13:04:33,0,,,,0,1,1741179873000000000
2241,2025-01-10 09:41:01,Referral,India,7,21.0,1,2.0,2025-01-12 09:41:01,0,,,,0,0,
2242,2025-03-28 14:55:29,Organic,UK,3,13.5,1,1.0,2025-03-29 14:55:29,0,,,,0,1,1745852129000000000
2243,2025-02-21 05:43:56,Ads,UK,2,4.0,0,,,0,,,,0,1,1742190236000000000
2244,2025-02-16 22:32:35,Organic,USA,5,20.0,0,,,0,,,,0,1,1741645955000000000
2245,2025-01-20 21:17:04,Organic,Canada,1,3.0,0,,,0,,,,0,1,1739913424000000000
2246,2025-02-01 08:57:06,Referral,USA,5,20.0,0,,,0,,,,0,1,1741856226000000000
2247,2025-01-11 16:40:44,Referral,Canada,7,31.5,1,2.0,2025-01-13 16:40:44,0,,,,0,0,
2248,2025-02-04 12:09:12,Ads,India,4,12.0,0,,,0,,,,0,1,1741694952000000000
2249,2025-03-17 06:48:06,Referral,USA,5,20.0,0,,,0,,,,0,1,1744094886000000000
2250,2025-03-23 04:48:14,Ads,Canada,6,36.0,1,1.0,2025-03-24 04:48:14,0,,,,0,0,
2251,2025-03-26 14:35:08,Organic,India,4,8.0,0,,,0,,,,0,1,1746282908000000000
2252,2025-01-17 01:10:52,Organic,USA,6,27.0,1,3.0,2025-01-20 01:10:52,1,5.0,2025-01-22 01:10:52,Basic,50,1,1740100252000000000
2253,2025-03-16 12:53:30,Referral,Germany,8,48.0,1,3.0,2025-03-19 12:53:30,1,7.0,2025-03-23 12:53:30,Basic,50,1,1743425610000000000
2254,2025-01-04 07:19:15,Organic,USA,5,22.5,1,2.0,2025-01-06 07:19:15,0,,,,0,0,
2255,2025-01-06 03:23:11,Ads,India,5,15.0,1,3.0,2025-01-09 03:23:11,0,,,,0,0,
2256,2025-01-18 09:18:57,Ads,India,3,12.0,0,,,0,,,,0,1,1738660737000000000
2257,2025-03-08 12:46:38,Ads,Canada,8,24.0,1,3.0,2025-03-11 12:46:38,1,11.0,2025-03-19 12:46:38,Basic,50,0,
2258,2025-02-10 08:31:09,Organic,Germany,6,27.0,1,3.0,2025-02-13 08:31:09,0,,,,0,1,1743841869000000000
2259,2025-03-18 10:58:27,Organic,Germany,2,4.0,0,,,0,,,,0,1,1746961107000000000
2260,2025-01-11 15:43:17,Organic,UK,3,9.0,1,2.0,2025-01-13 15:43:17,0,,,,0,1,1740670997000000000
2261,2025-01-24 15:35:38,Ads,USA,5,10.0,0,,,0,,,,0,0,
2262,2025-03-30 05:50:18,Ads,India,5,15.0,1,3.0,2025-04-02 05:50:18,0,,,,0,0,
2263,2025-02-13 02:09:06,Ads,India,8,24.0,0,,,0,,,,0,0,
2264,2025-03-23 18:20:00,Ads,India,3,9.0,1,1.0,2025-03-24 18:20:00,0,,,,0,1,1747592400000000000
2265,2025-01-18 04:50:05,Organic,India,4,12.0,1,2.0,2025-01-20 04:50:05,0,,,,0,0,
2266,2025-02-03 04:04:59,Referral,Canada,5,10.0,0,,,0,,,,0,1,1740024299000000000
2267,2025-01-03 14:24:55,Ads,Canada,5,10.0,0,,,0,,,,0,0,
2268,2025-02-04 12:11:07,Organic,USA,4,12.0,1,3.0,2025-02-07 12:11:07,1,7.0,2025-02-11 12:11:07,Basic,50,1,1742127067000000000
2269,2025-02-09 20:00:28,Organic,Germany,4,8.0,0,,,1,7.0,2025-02-16 20:00:28,Basic,50,1,1742414428000000000
2270,2025-01-13 18:04:04,Referral,Germany,5,22.5,1,3.0,2025-01-16 18:04:04,1,14.0,2025-01-27 18:04:04,Basic,50,1,1739124244000000000
2271,2025-03-07 16:28:30,Referral,UK,7,21.0,1,3.0,2025-03-10 16:28:30,0,,,,0,1,1743784110000000000
2272,2025-03-29 10:02:55,Organic,USA,11,49.5,1,2.0,2025-03-31 10:02:55,0,,,,0,1,1745402575000000000
2273,2025-03-23 00:29:07,Ads,India,4,8.0,0,,,0,,,,0,0,
2274,2025-02-25 04:18:13,Organic,USA,5,22.5,1,2.0,2025-02-27 04:18:13,0,,,,0,0,
2275,2025-01-17 07:51:46,Organic,India,7,42.0,1,3.0,2025-01-20 07:51:46,0,,,,0,0,
2276,2025-02-08 15:50:16,Ads,India,2,6.0,0,,,0,,,,0,1,1741276216000000000
2277,2025-02-14 08:48:04,Ads,Germany,4,16.0,0,,,1,14.0,2025-02-28 08:48:04,Basic,50,1,1744102084000000000
2278,2025-03-19 08:06:26,Ads,India,3,12.0,0,,,0,,,,0,1,1743667586000000000
2279,2025-03-11 20:22:18,Organic,India,4,12.0,0,,,0,,,,0,1,1744143738000000000
2280,2025-02-26 05:11:28,Organic,USA,5,20.0,0,,,0,,,,0,1,1743657088000000000
2281,2025-01-22 09:17:45,Organic,USA,10,60.0,1,2.0,2025-01-24 09:17:45,1,6.0,2025-01-28 09:17:45,Basic,50,0,
2282,2025-03-17 14:43:07,Organic,India,6,36.0,1,1.0,2025-03-18 14:43:07,0,,,,0,1,1744555387000000000
2283,2025-03-29 19:25:25,Organic,India,3,6.0,0,,,0,,,,0,1,1744917925000000000
2284,2025-03-13 12:46:06,Organic,Germany,3,6.0,0,,,0,,,,0,0,
2285,2025-03-26 07:52:01,Organic,India,6,18.0,0,,,0,,,,0,0,
2286,2025-01-11 15:24:44,Organic,Canada,5,15.0,0,,,0,,,,0,1,1741706684000000000
2287,2025-02-26 16:32:34,Ads,USA,14,42.0,1,3.0,2025-03-01 16:32:34,0,,,,0,0,
2288,2025-02-16 11:52:16,Organic,USA,4,12.0,0,,,0,,,,0,0,
2289,2025-03-05 10:34:00,Organic,India,6,18.0,0,,,0,,,,0,0,
2290,2025-01-04 23:47:35,Ads,UK,5,15.0,1,1.0,2025-01-05 23:47:35,0,,,,0,0,
2291,2025-03-08 13:18:03,Organic,Canada,5,10.0,0,,,0,,,,0,0,
2292,2025-01-13 10:36:01,Ads,India,4,12.0,1,1.0,2025-01-14 10:36:01,0,,,,0,1,1739788561000000000
2293,2025-02-23 12:54:38,Organic,India,4,12.0,1,2.0,2025-02-25 12:54:38,1,12.0,2025-03-07 12:54:38,Basic,50,0,
2294,2025-02-11 05:26:03,Organic,India,4,24.0,1,2.0,2025-02-13 05:26:03,1,11.0,2025-02-22 05:26:03,Basic,50,0,
2295,2025-01-28 12:32:15,Organic,UK,2,6.0,1,1.0,2025-01-29 12:32:15,1,7.0,2025-02-04 12:32:15,Pro,120,0,
2296,2025-01-14 03:01:46,Organic,USA,6,18.0,1,3.0,2025-01-17 03:01:46,0,,,,0,0,
2297,2025-03-11 10:09:11,Ads,India,2,6.0,1,2.0,2025-03-13 10:09:11,0,,,,0,1,1743070151000000000
2298,2025-02-21 19:53:31,Referral,India,2,4.0,0,,,0,,,,0,1,1745092411000000000
2299,2025-01-29 15:29:28,Organic,USA,5,15.0,1,3.0,2025-02-01 15:29:28,0,,,,0,0,
2300,2025-03-13 08:49:20,Organic,Canada,4,16.0,0,,,0,,,,0,1,1743238160000000000
2301,2025-03-07 15:42:20,Ads,USA,2,4.0,0,,,0,,,,0,1,1745595740000000000
2302,2025-03-01 23:05:24,Organic,India,4,16.0,0,,,0,,,,0,1,1744671924000000000
2303,2025-03-07 08:00:07,Referral,India,5,30.0,1,1.0,2025-03-08 08:00:07,0,,,,0,1,1744012807000000000
2304,2025-03-11 03:02:38,Organic,USA,5,30.0,1,3.0,2025-03-14 03:02:38,0,,,,0,1,1743994958000000000
2305,2025-01-29 06:24:26,Referral,India,7,31.5,1,3.0,2025-02-01 06:24:26,0,,,,0,1,1742192666000000000
2306,2025-02-21 08:41:17,Organic,UK,10,60.0,1,3.0,2025-02-24 08:41:17,0,,,,0,1,1742632877000000000
2307,2025-02-22 13:40:01,Organic,USA,5,15.0,1,1.0,2025-02-23 13:40:01,0,,,,0,1,1741700401000000000
2308,2025-03-04 13:17:39,Referral,India,5,10.0,0,,,0,,,,0,1,1745155059000000000
2309,2025-01-15 02:32:38,Ads,USA,6,18.0,0,,,0,,,,0,1,1739068358000000000
2310,2025-03-02 15:53:38,Ads,UK,7,21.0,1,1.0,2025-03-03 15:53:38,0,,,,0,1,1743090818000000000
2311,2025-01-20 03:55:43,Ads,USA,6,36.0,1,3.0,2025-01-23 03:55:43,0,,,,0,1,1740801343000000000
2312,2025-03-01 14:43:55,Ads,Canada,5,20.0,0,,,0,,,,0,1,1743864235000000000
2313,2025-03-05 10:32:20,Organic,USA,9,54.0,1,3.0,2025-03-08 10:32:20,0,,,,0,1,1746009140000000000
2314,2025-03-25 12:03:35,Ads,UK,4,16.0,0,,,0,,,,0,0,
2315,2025-02-16 00:43:39,Organic,UK,8,36.0,1,3.0,2025-02-19 00:43:39,0,,,,0,1,1743468219000000000
2316,2025-02-05 12:18:01,Referral,India,6,36.0,1,1.0,2025-02-06 12:18:01,1,5.0,2025-02-10 12:18:01,Basic,50,0,
2317,2025-03-12 09:16:50,Referral,India,6,18.0,1,2.0,2025-03-14 09:16:50,1,5.0,2025-03-17 09:16:50,Pro,120,0,
2318,2025-03-22 07:15:57,Organic,Germany,5,15.0,1,2.0,2025-03-24 07:15:57,0,,,,0,1,1747206957000000000
2319,2025-02-27 15:41:02,Organic,Germany,2,8.0,0,,,0,,,,0,0,
2320,2025-02-22 09:00:08,Organic,UK,4,18.0,1,2.0,2025-02-24 09:00:08,0,,,,0,1,1742547608000000000
2321,2025-03-03 05:38:37,Organic,UK,3,9.0,0,,,0,,,,0,1,1743399517000000000
2322,2025-01-06 23:59:09,Referral,India,9,36.0,0,,,0,,,,0,1,1739923149000000000
2323,2025-02-03 08:33:10,Organic,USA,5,20.0,0,,,0,,,,0,0,
2324,2025-01-10 05:39:28,Organic,Germany,8,48.0,1,3.0,2025-01-13 05:39:28,0,,,,0,1,1740634768000000000
2325,2025-01-01 21:58:03,Referral,Canada,7,21.0,1,2.0,2025-01-03 21:58:03,0,,,,0,0,
2326,2025-03-13 21:23:31,Referral,India,7,21.0,1,1.0,2025-03-14 21:23:31,1,13.0,2025-03-26 21:23:31,Basic,50,1,1743369811000000000
2327,2025-01-31 17:46:11,Ads,India,4,18.0,1,3.0,2025-02-03 17:46:11,1,10.0,2025-02-10 17:46:11,Basic,50,0,
2328,2025-03-30 02:08:08,Ads,USA,3,9.0,1,1.0,2025-03-31 02:08:08,0,,,,0,0,
2329,2025-03-06 22:05:25,Ads,USA,4,12.0,0,,,0,,,,0,1,1743717925000000000
2330,2025-02-16 06:26:55,Referral,India,3,13.5,1,3.0,2025-02-19 06:26:55,0,,,,0,1,1743920815000000000
2331,2025-03-09 14:45:12,Ads,USA,4,18.0,1,2.0,2025-03-11 14:45:12,0,,,,0,1,1746283512000000000
2332,2025-02-03 06:24:59,Ads,India,4,8.0,0,,,0,,,,0,1,1742019899000000000
2333,2025-03-26 22:50:38,Organic,UK,10,30.0,1,2.0,2025-03-28 22:50:38,1,14.0,2025-04-09 22:50:38,Pro,120,0,
2334,2025-02-26 02:45:41,Organic,UK,5,22.5,1,3.0,2025-03-01 02:45:41,0,,,,0,1,1744425941000000000
2335,2025-03-26 20:11:32,Ads,Canada,9,40.5,1,3.0,2025-03-29 20:11:32,0,,,,0,1,1747080692000000000
2336,2025-03-12 08:29:40,Referral,Canada,9,36.0,0,,,0,,,,0,0,
2337,2025-01-21 21:17:53,Referral,USA,5,15.0,0,,,1,10.0,2025-01-31 21:17:53,Basic,50,0,
2338,2025-02-04 00:09:59,Referral,UK,5,15.0,0,,,0,,,,0,1,1742602199000000000
2339,2025-03-21 20:10:47,Ads,USA,3,18.0,1,1.0,2025-03-22 20:10:47,0,,,,0,1,1746216647000000000
2340,2025-03-29 21:32:58,Ads,Germany,5,22.5,1,1.0,2025-03-30 21:32:58,0,,,,0,0,
2341,2025-01-08 01:26:36,Referral,India,4,8.0,0,,,0,,,,0,0,
2342,2025-02-26 19:49:36,Ads,Germany,5,10.0,0,,,0,,,,0,0,
2343,2025-03-26 21:41:40,Organic,India,2,9.0,1,1.0,2025-03-27 21:41:40,0,,,,0,1,1746049300000000000
2344,2025-01-10 00:15:13,Organic,India,7,42.0,1,2.0,2025-01-12 00:15:13,0,,,,0,1,1740096913000000000
2345,2025-02-08 05:36:29,Referral,USA,1,4.0,0,,,0,,,,0,1,1741325789000000000
2346,2025-02-20 09:33:05,Organic,USA,3,9.0,1,1.0,2025-02-21 09:33:05,1,10.0,2025-03-02 09:33:05,Pro,120,1,1743154385000000000
2347,2025-03-12 17:57:01,Referral,India,4,12.0,1,2.0,2025-03-14 17:57:01,1,7.0,2025-03-19 17:57:01,Basic,50,0,
2348,2025-01-05 11:56:30,Organic,USA,5,30.0,1,2.0,2025-01-07 11:56:30,1,8.0,2025-01-13 11:56:30,Basic,50,1,1740743790000000000
2349,2025-01-21 10:33:02,Ads,Canada,5,22.5,1,2.0,2025-01-23 10:33:02,0,,,,0,0,
2350,2025-02-28 21:09:57,Ads,India,6,18.0,0,,,0,,,,0,1,1744232997000000000
2351,2025-02-02 03:50:55,Ads,USA,7,31.5,1,2.0,2025-02-04 03:50:55,0,,,,0,1,1740714655000000000
2352,2025-02-06 11:31:22,Organic,India,5,15.0,0,,,0,,,,0,1,1740223882000000000
2353,2025-03-22 15:43:40,Referral,USA,6,36.0,1,3.0,2025-03-25 15:43:40,0,,,,0,1,1746891820000000000
2354,2025-03-01 15:31:36,Ads,UK,5,30.0,1,2.0,2025-03-03 15:31:36,0,,,,0,1,1743521496000000000
2355,2025-02-07 03:40:16,Organic,India,8,32.0,0,,,0,,,,0,1,1741146016000000000
2356,2025-03-15 09:50:51,Ads,Germany,2,9.0,1,3.0,2025-03-18 09:50:51,1,9.0,2025-03-24 09:50:51,Pro,120,0,
2357,2025-01-28 13:04:37,Organic,USA,7,31.5,1,3.0,2025-01-31 13:04:37,1,7.0,2025-02-04 13:04:37,Pro,120,0,
2358,2025-03-19 23:28:40,Organic,Canada,10,20.0,0,,,0,,,,0,0,
2359,2025-01-28 15:43:03,Organic,UK,2,12.0,1,1.0,2025-01-29 15:43:03,0,,,,0,1,1740498183000000000
2360,2025-03-22 23:32:26,Referral,Canada,2,8.0,0,,,0,,,,0,0,
2361,2025-01-02 21:34:13,Ads,India,6,27.0,1,3.0,2025-01-05 21:34:13,0,,,,0,1,1740864853000000000
2362,2025-02-25 09:58:10,Ads,India,6,27.0,1,3.0,2025-02-28 09:58:10,0,,,,0,1,1744192690000000000
2363,2025-03-12 07:37:59,Organic,USA,4,12.0,0,,,0,,,,0,1,1743579479000000000
2364,2025-03-11 03:19:04,Organic,Canada,2,6.0,0,,,0,,,,0,1,1745551144000000000
2365,2025-03-03 03:19:39,Referral,India,10,60.0,1,2.0,2025-03-05 03:19:39,0,,,,0,0,
2366,2025-01-17 15:02:16,Ads,Germany,4,12.0,0,,,0,,,,0,0,
2367,2025-01-30 10:17:17,Referral,India,2,6.0,1,2.0,2025-02-01 10:17:17,0,,,,0,1,1741601837000000000
2368,2025-02-09 05:55:26,Organic,India,2,9.0,1,2.0,2025-02-11 05:55:26,1,8.0,2025-02-17 05:55:26,Basic,50,0,
2369,2025-02-11 19:41:03,Organic,India,2,6.0,1,1.0,2025-02-12 19:41:03,0,,,,0,0,
2370,2025-02-18 03:09:09,Referral,USA,5,15.0,1,1.0,2025-02-19 03:09:09,0,,,,0,0,
2371,2025-03-09 20:45:15,Ads,Germany,4,18.0,1,3.0,2025-03-12 20:45:15,0,,,,0,1,1743194715000000000
2372,2025-03-06 06:43:31,Organic,India,4,18.0,1,1.0,2025-03-07 06:43:31,0,,,,0,1,1744094611000000000
2373,2025-01-16 13:56:48,Organic,USA,7,21.0,1,1.0,2025-01-17 13:56:48,0,,,,0,1,1740578208000000000
2374,2025-02-22 10:34:49,Referral,India,6,27.0,1,3.0,2025-02-25 10:34:49,1,12.0,2025-03-06 10:34:49,Basic,50,0,
2375,2025-01-21 14:03:19,Organic,USA,7,21.0,1,3.0,2025-01-24 14:03:19,1,11.0,2025-02-01 14:03:19,Pro,120,1,1739282599000000000
2376,2025-01-01 06:13:51,Ads,India,4,12.0,1,3.0,2025-01-04 06:13:51,1,8.0,2025-01-09 06:13:51,Pro,120,1,1737267231000000000
2377,2025-03-30 16:50:57,Organic,USA,6,27.0,1,3.0,2025-04-02 16:50:57,1,12.0,2025-04-11 16:50:57,Basic,50,0,
2378,2025-01-15 09:18:51,Organic,UK,4,8.0,0,,,0,,,,0,1,1741598331000000000
2379,2025-01-08 11:43:28,Referral,USA,5,15.0,1,3.0,2025-01-11 11:43:28,1,13.0,2025-01-21 11:43:28,Basic,50,0,
2380,2025-01-07 15:17:21,Organic,India,4,12.0,1,3.0,2025-01-10 15:17:21,0,,,,0,0,
2381,2025-02-21 15:40:16,Ads,India,6,36.0,1,3.0,2025-02-24 15:40:16,0,,,,0,0,
2382,2025-03-25 05:17:28,Referral,UK,4,18.0,1,1.0,2025-03-26 05:17:28,0,,,,0,0,
2383,2025-02-20 13:59:40,Organic,Canada,7,31.5,1,3.0,2025-02-23 13:59:40,0,,,,0,1,1742479180000000000
2384,2025-01-24 17:25:49,Organic,Germany,5,20.0,0,,,0,,,,0,1,1740504349000000000
2385,2025-01-15 16:18:20,Ads,Canada,9,18.0,0,,,0,,,,0,0,
2386,2025-01-23 13:02:43,Organic,Germany,5,20.0,0,,,0,,,,0,0,
2387,2025-01-19 20:44:09,Organic,USA,1,2.0,0,,,0,,,,0,1,1740429849000000000
2388,2025-01-22 19:37:57,Organic,India,4,18.0,1,3.0,2025-01-25 19:37:57,0,,,,0,1,1742240277000000000
2389,2025-03-30 14:15:02,Ads,India,6,27.0,1,3.0,2025-04-02 14:15:02,0,,,,0,1,1744899302000000000
2390,2025-02-14 22:22:29,Ads,USA,8,36.0,1,3.0,2025-02-17 22:22:29,1,13.0,2025-02-27 22:22:29,Basic,50,0,
2391,2025-02-26 09:37:42,Ads,UK,2,4.0,0,,,0,,,,0,1,1745573862000000000
2392,2025-03-23 13:00:09,Organic,Canada,7,42.0,1,1.0,2025-03-24 13:00:09,0,,,,0,1,1745326809000000000
2393,2025-01-01 14:07:41,Ads,India,5,20.0,0,,,0,,,,0,0,
2394,2025-03-30 20:47:53,Referral,USA,5,20.0,0,,,0,,,,0,0,
2395,2025-03-29 10:03:29,Ads,UK,6,12.0,0,,,0,,,,0,0,
2396,2025-02-26 02:01:50,Ads,USA,6,27.0,1,2.0,2025-02-28 02:01:50,0,,,,0,1,1743472910000000000
2397,2025-02-16 07:18:57,Ads,India,9,40.5,1,3.0,2025-02-19 07:18:57,0,,,,0,1,1744528737000000000
2398,2025-01-09 08:16:41,Referral,UK,8,36.0,1,3.0,2025-01-12 08:16:41,0,,,,0,1,1738916201000000000
2399,2025-03-14 22:08:54,Referral,India,8,24.0,0,,,0,,,,0,1,1746482934000000000
2400,2025-01-24 01:04:43,Organic,Germany,6,36.0,1,3.0,2025-01-27 01:04:43,0,,,,0,1,1741309483000000000
2401,2025-02-22 07:20:16,Organic,Germany,2,9.0,1,2.0,2025-02-24 07:20:16,1,14.0,2025-03-08 07:20:16,Basic,50,0,
2402,2025-01-19 19:05:11,Organic,India,4,18.0,1,2.0,2025-01-21 19:05:11,0,,,,0,0,
2403,2025-03-24 17:58:34,Organic,India,4,18.0,1,1.0,2025-03-25 17:58:34,1,7.0,2025-03-31 17:58:34,Pro,120,0,
2404,2025-02-28 07:33:16,Organic,UK,6,27.0,1,2.0,2025-03-02 07:33:16,0,,,,0,1,1742974396000000000
2405,2025-03-11 11:23:46,Referral,USA,10,30.0,1,2.0,2025-03-13 11:23:46,1,10.0,2025-03-21 11:23:46,Basic,50,0,
2406,2025-03-26 00:19:06,Organic,India,6,18.0,1,1.0,2025-03-27 00:19:06,0,,,,0,0,
2407,2025-01-17 17:01:57,Ads,Germany,7,42.0,1,3.0,2025-01-20 17:01:57,0,,,,0,1,1740416517000000000
2408,2025-02-21 00:49:12,Ads,USA,4,18.0,1,1.0,2025-02-22 00:49:12,0,,,,0,1,1744418952000000000
2409,2025-02-03 01:48:53,Organic,India,7,21.0,1,3.0,2025-02-06 01:48:53,0,,,,0,0,
2410,2025-03-10 02:43:20,Referral,USA,4,24.0,1,1.0,2025-03-11 02:43:20,1,11.0,2025-03-21 02:43:20,Basic,50,1,1745635400000000000
2411,2025-03-01 03:45:42,Referral,India,6,18.0,1,1.0,2025-03-02 03:45:42,0,,,,0,0,
2412,2025-03-22 08:01:34,Organic,India,9,54.0,1,1.0,2025-03-23 08:01:34,0,,,,0,0,
2413,2025-01-14 22:54:23,Organic,USA,4,24.0,1,3.0,2025-01-17 22:54:23,1,9.0,2025-01-23 22:54:23,Pro,120,0,
2414,2025-01-01 09:15:20,Organic,India,4,18.0,1,3.0,2025-01-04 09:15:20,0,,,,0,1,1737278120000000000
2415,2025-01-04 18:50:25,Ads,USA,2,8.0,0,,,0,,,,0,1,1738867825000000000
2416,2025-03-21 22:29:31,Organic,Germany,6,27.0,1,2.0,2025-03-23 22:29:31,0,,,,0,0,
2417,2025-01-05 05:12:39,Ads,Canada,3,9.0,0,,,0,,,,0,1,1741151559000000000
2418,2025-03-01 11:14:57,Referral,India,1,3.0,0,,,0,,,,0,1,1745320497000000000
2419,2025-01-16 03:28:27,Organic,India,4,16.0,0,,,0,,,,0,1,1740540507000000000
2420,2025-02-17 01:37:01,Referral,USA,4,24.0,1,2.0,2025-02-19 01:37:01,0,,,,0,0,
2421,2025-01-11 21:59:47,Organic,USA,9,54.0,1,3.0,2025-01-14 21:59:47,0,,,,0,1,1738015187000000000
2422,2025-03-19 12:38:21,Referral,Canada,3,9.0,0,,,1,10.0,2025-03-29 12:38:21,Basic,50,0,
2423,2025-02-16 05:21:50,Organic,USA,6,24.0,0,,,0,,,,0,1,1742188910000000000
2424,2025-01-19 11:48:10,Ads,India,6,18.0,1,2.0,2025-01-21 11:48:10,1,6.0,2025-01-25 11:48:10,Basic,50,0,
2425,2025-01-02 03:58:54,Organic,USA,2,6.0,0,,,0,,,,0,1,1740283134000000000
2426,2025-01-02 19:48:22,Referral,Canada,1,2.0,0,,,0,,,,0,1,1740080902000000000
2427,2025-02-03 00:01:14,Ads,Germany,7,42.0,1,2.0,2025-02-05 00:01:14,0,,,,0,1,1741132874000000000
2428,2025-01-15 04:30:11,Organic,India,5,15.0,1,2.0,2025-01-17 04:30:11,0,,,,0,1,1738902611000000000
2429,2025-01-14 06:38:07,Ads,USA,5,10.0,0,,,0,,,,0,1,1739947087000000000
2430,2025-02-05 15:51:31,Organic,India,10,30.0,1,1.0,2025-02-06 15:51:31,1,12.0,2025-02-17 15:51:31,Basic,50,1,1742313091000000000
2431,2025-03-30 02:57:09,Ads,USA,8,24.0,0,,,0,,,,0,1,1745549829000000000
2432,2025-02-14 07:37:29,Referral,India,5,20.0,0,,,0,,,,0,0,
2433,2025-02-01 06:56:21,Organic,Germany,4,12.0,0,,,0,,,,0,0,
2434,2025-02-26 23:43:21,Organic,USA,3,18.0,1,1.0,2025-02-27 23:43:21,0,,,,0,0,
2435,2025-01-22 15:04:30,Organic,Canada,4,18.0,1,1.0,2025-01-23 15:04:30,0,,,,0,0,
2436,2025-02-19 16:32:02,Ads,Germany,6,18.0,1,2.0,2025-02-21 16:32:02,1,10.0,2025-03-01 16:32:02,Basic,50,1,1742401922000000000
2437,2025-03-26 02:10:06,Organic,India,4,12.0,1,2.0,2025-03-28 02:10:06,0,,,,0,1,1745979006000000000
2438,2025-02-20 07:24:24,Organic,UK,3,13.5,1,2.0,2025-02-22 07:24:24,0,,,,0,0,
2439,2025-02-25 17:07:53,Organic,Canada,6,18.0,1,1.0,2025-02-26 17:07:53,0,,,,0,0,
2440,2025-02-25 00:57:49,Organic,USA,5,15.0,1,3.0,2025-02-28 00:57:49,0,,,,0,1,1743382669000000000
2441,2025-03-19 03:26:02,Referral,USA,3,12.0,0,,,1,6.0,2025-03-25 03:26:02,Basic,50,0,
2442,2025-01-11 19:06:57,Organic,USA,5,30.0,1,2.0,2025-01-13 19:06:57,0,,,,0,1,1740942417000000000
2443,2025-03-29 09:46:29,Ads,UK,1,3.0,0,,,0,,,,0,1,1747907189000000000
2444,2025-03-15 15:49:31,Ads,India,3,12.0,0,,,0,,,,0,0,
2445,2025-02-20 04:21:42,Ads,USA,4,12.0,0,,,0,,,,0,0,
2446,2025-03-08 16:32:12,Organic,India,7,21.0,0,,,0,,,,0,0,
2447,2025-02-07 22:39:20,Ads,India,3,18.0,1,3.0,2025-02-10 22:39:20,0,,,,0,1,1740523160000000000
2448,2025-02-04 06:58:52,Referral,India,4,18.0,1,3.0,2025-02-07 06:58:52,0,,,,0,1,1742367532000000000
2449,2025-01-26 05:38:58,Organic,India,7,21.0,1,1.0,2025-01-27 05:38:58,0,,,,0,0,
2450,2025-01-24 01:33:45,Organic,USA,6,18.0,1,2.0,2025-01-26 01:33:45,0,,,,0,0,
2451,2025-02-14 08:42:58,Organic,India,4,12.0,1,1.0,2025-02-15 08:42:58,1,13.0,2025-02-27 08:42:58,Basic,50,0,
2452,2025-03-04 10:19:34,Organic,India,2,9.0,1,1.0,2025-03-05 10:19:34,0,,,,0,1,1744193974000000000
2453,2025-03-13 05:09:01,Organic,UK,6,36.0,1,3.0,2025-03-16 05:09:01,0,,,,0,1,1743743341000000000
2454,2025-02-17 15:16:51,Ads,UK,7,31.5,1,1.0,2025-02-18 15:16:51,0,,,,0,0,
2455,2025-01-07 21:10:04,Organic,UK,3,6.0,0,,,0,,,,0,1,1738530604000000000
2456,2025-01-24 17:25:27,Ads,Germany,4,8.0,0,,,0,,,,0,1,1740417927000000000
2457,2025-02-06 17:41:48,Ads,India,3,6.0,0,,,0,,,,0,1,1743183708000000000
2458,2025-02-01 14:47:18,Organic,India,8,48.0,1,1.0,2025-02-02 14:47:18,0,,,,0,1,1743000438000000000
2459,2025-01-04 01:28:20,Ads,India,3,6.0,0,,,0,,,,0,0,
2460,2025-01-26 02:04:38,Organic,Germany,7,21.0,0,,,0,,,,0,0,
2461,2025-02-04 10:40:31,Referral,UK,7,21.0,1,1.0,2025-02-05 10:40:31,0,,,,0,0,
2462,2025-01-08 09:34:42,Organic,India,4,16.0,0,,,0,,,,0,1,1738316082000000000
2463,2025-03-17 09:00:27,Ads,India,4,18.0,1,2.0,2025-03-19 09:00:27,1,13.0,2025-03-30 09:00:27,Pro,120,0,
2464,2025-02-03 14:33:53,Referral,USA,5,15.0,1,3.0,2025-02-06 14:33:53,1,7.0,2025-02-10 14:33:53,Basic,50,0,
2465,2025-03-08 02:36:53,Organic,India,2,8.0,0,,,0,,,,0,1,1744166213000000000
2466,2025-01-23 10:59:29,Organic,USA,8,48.0,1,2.0,2025-01-25 10:59:29,1,5.0,2025-01-28 10:59:29,Pro,120,0,
2467,2025-02-15 16:44:02,Ads,Germany,6,12.0,0,,,0,,,,0,1,1744649042000000000
2468,2025-01-15 02:04:20,Organic,USA,6,36.0,1,1.0,2025-01-16 02:04:20,1,9.0,2025-01-24 02:04:20,Pro,120,1,1740881060000000000
2469,2025-01-12 22:31:59,Referral,Germany,7,21.0,1,2.0,2025-01-14 22:31:59,1,7.0,2025-01-19 22:31:59,Basic,50,0,
2470,2025-03-14 17:26:15,Referral,India,6,27.0,1,3.0,2025-03-17 17:26:15,0,,,,0,1,1744737975000000000
2471,2025-01-10 03:15:52,Organic,USA,7,31.5,1,1.0,2025-01-11 03:15:52,0,,,,0,1,1738811752000000000
2472,2025-02-24 03:38:34,Organic,Canada,1,6.0,1,1.0,2025-02-25 03:38:34,1,6.0,2025-03-02 03:38:34,Pro,120,0,
2473,2025-03-13 23:58:19,Organic,USA,8,36.0,1,1.0,2025-03-14 23:58:19,0,,,,0,1,1746489499000000000
2474,2025-01-17 02:11:21,Organic,USA,3,9.0,1,2.0,2025-01-19 02:11:21,1,8.0,2025-01-25 02:11:21,Pro,120,0,
2475,2025-02-15 14:45:06,Ads,UK,2,9.0,1,3.0,2025-02-18 14:45:06,1,14.0,2025-03-01 14:45:06,Basic,50,1,1742741106000000000
2476,2025-01-27 21:07:46,Ads,Canada,10,30.0,0,,,0,,,,0,1,1741900066000000000
2477,2025-01-22 10:15:17,Organic,India,5,10.0,0,,,0,,,,0,0,
2478,2025-03-09 09:19:58,Organic,India,2,4.0,0,,,0,,,,0,1,1744103998000000000
2479,2025-01-23 12:47:10,Organic,India,6,36.0,1,3.0,2025-01-26 12:47:10,0,,,,0,0,
2480,2025-01-31 06:09:10,Organic,Germany,5,15.0,1,2.0,2025-02-02 06:09:10,0,,,,0,1,1740550150000000000
2481,2025-03-25 18:49:47,Referral,Germany,7,21.0,1,3.0,2025-03-28 18:49:47,0,,,,0,1,1747680587000000000
2482,2025-01-19 03:42:40,Organic,India,2,9.0,1,1.0,2025-01-20 03:42:40,0,,,,0,1,1739504560000000000
2483,2025-02-23 22:27:41,Referral,India,4,12.0,1,2.0,2025-02-25 22:27:41,0,,,,0,0,
2484,2025-01-31 03:40:14,Ads,Germany,4,12.0,1,3.0,2025-02-03 03:40:14,1,12.0,2025-02-12 03:40:14,Basic,50,0,
2485,2025-01-26 19:13:00,Ads,India,0,0.0,1,2.0,2025-01-28 19:13:00,0,,,,0,1,1740078780000000000
2486,2025-01-27 22:49:59,Organic,India,2,8.0,0,,,0,,,,0,1,1739314199000000000
2487,2025-03-24 18:40:19,Ads,India,0,0.0,0,,,0,,,,0,1,1744569619000000000
2488,2025-01-12 12:37:23,Ads,India,3,13.5,1,1.0,2025-01-13 12:37:23,1,14.0,2025-01-26 12:37:23,Pro,120,0,
2489,2025-02-18 11:34:51,Ads,UK,4,24.0,1,3.0,2025-02-21 11:34:51,1,8.0,2025-02-26 11:34:51,Basic,50,1,1742729691000000000
2490,2025-01-08 05:54:05,Organic,USA,8,48.0,1,2.0,2025-01-10 05:54:05,1,9.0,2025-01-17 05:54:05,Basic,50,0,
2491,2025-03-07 16:32:19,Organic,USA,3,18.0,1,1.0,2025-03-08 16:32:19,1,8.0,2025-03-15 16:32:19,Pro,120,1,1743006739000000000
2492,2025-02-16 15:50:19,Ads,Germany,6,36.0,1,1.0,2025-02-17 15:50:19,0,,,,0,0,
2493,2025-02-22 00:45:11,Organic,India,6,18.0,0,,,0,,,,0,1,1745196311000000000
2494,2025-01-17 11:49:05,Organic,India,3,18.0,1,2.0,2025-01-19 11:49:05,0,,,,0,1,1740829745000000000
2495,2025-01-17 02:32:18,Referral,Canada,3,13.5,1,1.0,2025-01-18 02:32:18,0,,,,0,1,1738895538000000000
2496,2025-01-28 08:39:59,Organic,UK,10,60.0,1,2.0,2025-01-30 08:39:59,0,,,,0,1,1742891999000000000
2497,2025-01-09 08:08:08,Organic,India,4,18.0,1,2.0,2025-01-11 08:08:08,0,,,,0,1,1739952488000000000
2498,2025-02-25 10:44:51,Organic,India,5,30.0,1,1.0,2025-02-26 10:44:51,0,,,,0,1,1744109091000000000
2499,2025-01-05 20:24:25,Ads,India,5,22.5,1,3.0,2025-01-08 20:24:25,0,,,,0,1,1739046265000000000
2500,2025-02-02 05:26:12,Organic,USA,4,8.0,0,,,0,,,,0,1,1740893172000000000
2501,2025-02-18 21:51:29,Ads,India,5,15.0,1,1.0,2025-02-19 21:51:29,1,5.0,2025-02-23 21:51:29,Pro,120,0,
2502,2025-01-17 22:36:47,Organic,USA,7,21.0,0,,,0,,,,0,1,1741991807000000000
2503,2025-02-05 18:56:35,Organic,India,4,16.0,0,,,0,,,,0,0,
2504,2025-01-19 17:00:49,Ads,Canada,5,15.0,1,2.0,2025-01-21 17:00:49,0,,,,0,0,
2505,2025-01-04 08:18:22,Organic,India,2,6.0,1,2.0,2025-01-06 08:18:22,0,,,,0,0,
2506,2025-01-16 11:18:57,Referral,USA,8,36.0,1,2.0,2025-01-18 11:18:57,0,,,,0,0,
2507,2025-02-05 10:00:06,Organic,India,6,27.0,1,2.0,2025-02-07 10:00:06,0,,,,0,1,1742032806000000000
2508,2025-03-13 10:36:25,Organic,India,9,40.5,1,2.0,2025-03-15 10:36:25,0,,,,0,1,1744022185000000000
2509,2025-01-28 12:17:54,Organic,UK,4,18.0,1,2.0,2025-01-30 12:17:54,0,,,,0,0,
2510,2025-02-02 09:09:13,Organic,UK,5,22.5,1,3.0,2025-02-05 09:09:13,0,,,,0,0,
2511,2025-01-13 15:00:05,Referral,UK,5,15.0,1,1.0,2025-01-14 15:00:05,0,,,,0,0,
2512,2025-03-27 22:58:04,Referral,UK,10,45.0,1,2.0,2025-03-29 22:58:04,1,10.0,2025-04-06 22:58:04,Basic,50,0,
2513,2025-03-25 09:42:35,Organic,India,3,12.0,0,,,0,,,,0,0,
2514,2025-02-21 10:22:58,Ads,UK,4,12.0,0,,,0,,,,0,1,1744021378000000000
2515,2025-02-18 04:07:45,Ads,India,7,42.0,1,2.0,2025-02-20 04:07:45,0,,,,0,0,
2516,2025-02-04 20:08:07,Organic,India,8,24.0,1,3.0,2025-02-07 20:08:07,0,,,,0,1,1742760487000000000
2517,2025-01-04 00:15:16,Organic,UK,5,15.0,1,3.0,2025-01-07 00:15:16,0,,,,0,0,
2518,2025-02-04 08:34:22,Referral,Canada,7,31.5,1,1.0,2025-02-05 08:34:22,1,11.0,2025-02-15 08:34:22,Basic,50,0,
2519,2025-03-12 10:39:28,Referral,UK,5,15.0,1,1.0,2025-03-13 10:39:28,1,9.0,2025-03-21 10:39:28,Pro,120,1,1745145568000000000
2520,2025-02-05 05:02:26,Referral,Canada,6,18.0,1,3.0,2025-02-08 05:02:26,0,,,,0,1,1742965346000000000
2521,2025-01-31 07:15:37,Ads,Germany,5,30.0,1,2.0,2025-02-02 07:15:37,0,,,,0,1,1742541337000000000
2522,2025-02-18 18:37:59,Ads,India,4,12.0,1,2.0,2025-02-20 18:37:59,1,14.0,2025-03-04 18:37:59,Pro,120,1,1742582279000000000
2523,2025-02-20 08:54:59,Organic,Germany,10,45.0,1,3.0,2025-02-23 08:54:59,0,,,,0,1,1742892899000000000
2524,2025-02-11 05:30:23,Organic,USA,8,24.0,1,1.0,2025-02-12 05:30:23,1,6.0,2025-02-17 05:30:23,Basic,50,0,
2525,2025-01-15 13:25:49,Organic,Canada,3,9.0,1,3.0,2025-01-18 13:25:49,1,9.0,2025-01-24 13:25:49,Basic,50,0,
2526,2025-03-25 13:42:01,Ads,UK,2,12.0,1,2.0,2025-03-27 13:42:01,0,,,,0,1,1745761321000000000
2527,2025-03-02 09:47:23,Ads,USA,6,36.0,1,3.0,2025-03-05 09:47:23,0,,,,0,0,
2528,2025-03-29 05:39:25,Referral,UK,4,18.0,1,3.0,2025-04-01 05:39:25,0,,,,0,0,
2529,2025-02-04 09:33:01,Referral,India,6,12.0,0,,,0,,,,0,0,
2530,2025-02-14 13:30:41,Referral,Germany,2,6.0,1,3.0,2025-02-17 13:30:41,0,,,,0,1,1744551041000000000
2531,2025-03-06 02:22:46,Referral,India,3,18.0,1,1.0,2025-03-07 02:22:46,1,14.0,2025-03-20 02:22:46,Basic,50,0,
2532,2025-02-15 19:44:36,Organic,India,6,18.0,1,2.0,2025-02-17 19:44:36,0,,,,0,0,
2533,2025-02-13 05:19:00,Ads,India,8,48.0,1,2.0,2025-02-15 05:19:00,0,,,,0,0,
2534,2025-02-08 10:42:45,Ads,India,3,9.0,0,,,0,,,,0,1,1743763365000000000
2535,2025-01-05 11:47:56,Organic,India,6,36.0,1,3.0,2025-01-08 11:47:56,0,,,,0,1,1739188076000000000
2536,2025-03-22 10:57:44,Referral,India,7,31.5,1,2.0,2025-03-24 10:57:44,1,13.0,2025-04-04 10:57:44,Basic,50,1,1744973864000000000
2537,2025-02-26 12:53:17,Referral,USA,3,9.0,1,1.0,2025-02-27 12:53:17,0,,,,0,1,1744721597000000000
2538,2025-03-26 00:33:57,Organic,USA,4,12.0,1,3.0,2025-03-29 00:33:57,0,,,,0,1,1745454837000000000
2539,2025-03-21 23:56:43,Organic,India,5,30.0,1,3.0,2025-03-24 23:56:43,1,10.0,2025-03-31 23:56:43,Basic,50,0,
2540,2025-02-05 23:40:44,Ads,India,9,40.5,1,1.0,2025-02-06 23:40:44,0,,,,0,1,1741736444000000000
2541,2025-02-25 18:01:49,Ads,Germany,4,24.0,1,1.0,2025-02-26 18:01:49,0,,,,0,1,1745604109000000000
2542,2025-02-26 22:36:39,Referral,India,5,15.0,1,2.0,2025-02-28 22:36:39,0,,,,0,1,1745706999000000000
2543,2025-03-06 02:54:30,Organic,India,11,66.0,1,3.0,2025-03-09 02:54:30,0,,,,0,1,1744599270000000000
2544,2025-01-26 10:43:31,Organic,India,6,18.0,1,2.0,2025-01-28 10:43:31,1,10.0,2025-02-05 10:43:31,Basic,50,1,1741862611000000000
2545,2025-02-27 08:44:49,Organic,India,5,30.0,1,3.0,2025-03-02 08:44:49,1,12.0,2025-03-11 08:44:49,Basic,50,1,1742805889000000000
2546,2025-03-17 03:17:58,Organic,UK,9,40.5,1,3.0,2025-03-20 03:17:58,1,8.0,2025-03-25 03:17:58,Basic,50,0,
2547,2025-03-12 07:33:25,Organic,India,5,15.0,0,,,0,,,,0,1,1745998405000000000
2548,2025-03-28 03:05:52,Referral,USA,3,9.0,0,,,0,,,,0,0,
2549,2025-01-23 16:40:26,Organic,India,2,12.0,1,3.0,2025-01-26 16:40:26,1,9.0,2025-02-01 16:40:26,Pro,120,0,
2550,2025-03-21 14:16:56,Organic,UK,4,12.0,1,2.0,2025-03-23 14:16:56,0,,,,0,1,1746281816000000000
2551,2025-02-02 22:11:04,Organic,UK,1,6.0,1,3.0,2025-02-05 22:11:04,1,8.0,2025-02-10 22:11:04,Basic,50,0,
2552,2025-01-31 05:54:35,Organic,India,7,21.0,1,2.0,2025-02-02 05:54:35,0,,,,0,1,1740635675000000000
2553,2025-01-16 22:52:49,Referral,India,2,9.0,1,3.0,2025-01-19 22:52:49,0,,,,0,0,
2554,2025-01-29 01:19:30,Ads,India,4,18.0,1,2.0,2025-01-31 01:19:30,1,9.0,2025-02-07 01:19:30,Basic,50,0,
2555,2025-01-25 04:36:52,Ads,UK,4,24.0,1,2.0,2025-01-27 04:36:52,0,,,,0,1,1742099812000000000
2556,2025-03-02 13:00:52,Organic,India,2,6.0,1,1.0,2025-03-03 13:00:52,0,,,,0,1,1745931652000000000
2557,2025-02-18 06:49:34,Organic,USA,6,18.0,1,2.0,2025-02-20 06:49:34,0,,,,0,1,1742798974000000000
2558,2025-01-26 22:46:24,Organic,India,5,15.0,1,1.0,2025-01-27 22:46:24,0,,,,0,1,1742856384000000000
2559,2025-01-02 18:29:59,Organic,India,6,36.0,1,1.0,2025-01-03 18:29:59,0,,,,0,1,1740853799000000000
2560,2025-02-22 13:55:23,Referral,India,5,10.0,0,,,0,,,,0,1,1743774923000000000
2561,2025-01-01 17:02:47,Organic,India,3,18.0,1,3.0,2025-01-04 17:02:47,0,,,,0,0,
2562,2025-01-09 17:15:15,Ads,India,4,18.0,1,1.0,2025-01-10 17:15:15,0,,,,0,1,1740762915000000000
2563,2025-02-23 05:48:28,Organic,India,9,40.5,1,2.0,2025-02-25 05:48:28,0,,,,0,0,
2564,2025-02-04 18:48:54,Ads,USA,5,22.5,1,2.0,2025-02-06 18:48:54,0,,,,0,0,
2565,2025-02-03 00:49:50,Referral,India,3,13.5,1,2.0,2025-02-05 00:49:50,1,12.0,2025-02-15 00:49:50,Basic,50,1,1739839790000000000
2566,2025-01-15 20:46:22,Ads,UK,4,24.0,1,3.0,2025-01-18 20:46:22,1,7.0,2025-01-22 20:46:22,Basic,50,0,
2567,2025-03-25 06:54:02,Ads,UK,8,48.0,1,1.0,2025-03-26 06:54:02,0,,,,0,0,
2568,2025-02-14 14:22:01,Referral,UK,11,66.0,1,1.0,2025-02-15 14:22:01,1,6.0,2025-02-20 14:22:01,Basic,50,0,
2569,2025-03-03 04:46:58,Ads,Germany,5,15.0,0,,,0,,,,0,1,1744606018000000000
2570,2025-01-31 17:27:17,Organic,India,5,15.0,0,,,0,,,,0,1,1743269237000000000
2571,2025-03-30 22:32:45,Organic,India,3,6.0,0,,,1,12.0,2025-04-11 22:32:45,Basic,50,0,
2572,2025-02-10 07:50:39,Ads,USA,3,12.0,0,,,0,,,,0,0,
2573,2025-01-13 01:32:57,Ads,USA,1,3.0,1,1.0,2025-01-14 01:32:57,0,,,,0,1,1741829577000000000
2574,2025-03-17 03:49:48,Organic,USA,4,18.0,1,3.0,2025-03-20 03:49:48,0,,,,0,1,1744256988000000000
2575,2025-02-22 23:23:53,Organic,India,4,12.0,1,1.0,2025-02-23 23:23:53,0,,,,0,1,1743031433000000000
2576,2025-03-12 16:05:31,Referral,USA,4,12.0,0,,,0,,,,0,0,
2577,2025-02-07 16:46:21,Organic,Germany,6,18.0,1,1.0,2025-02-08 16:46:21,1,10.0,2025-02-17 16:46:21,Basic,50,0,
2578,2025-03-02 21:51:36,Organic,India,6,36.0,1,2.0,2025-03-04 21:51:36,0,,,,0,1,1744494696000000000
2579,2025-03-01 15:40:48,Organic,Germany,2,9.0,1,1.0,2025-03-02 15:40:48,0,,,,0,1,1744040448000000000
2580,2025-01-11 16:36:20,Referral,India,5,30.0,1,1.0,2025-01-12 16:36:20,0,,,,0,1,1740328580000000000
2581,2025-02-03 04:14:11,Organic,India,5,30.0,1,3.0,2025-02-06 04:14:11,0,,,,0,0,
2582,2025-03-07 12:06:35,Ads,India,6,18.0,1,1.0,2025-03-08 12:06:35,0,,,,0,1,1743681995000000000
2583,2025-03-26 11:05:36,Organic,USA,7,21.0,0,,,0,,,,0,1,1746097536000000000
2584,2025-01-29 13:35:52,Ads,USA,10,30.0,1,3.0,2025-02-01 13:35:52,1,11.0,2025-02-09 13:35:52,Basic,50,1,1740404152000000000
2585,2025-02-21 00:24:31,Referral,USA,4,24.0,1,3.0,2025-02-24 00:24:31,0,,,,0,0,
2586,2025-03-21 17:09:39,Organic,USA,6,27.0,1,1.0,2025-03-22 17:09:39,0,,,,0,1,1745773779000000000
2587,2025-01-23 11:40:11,Ads,India,7,21.0,1,3.0,2025-01-26 11:40:11,0,,,,0,1,1742038811000000000
2588,2025-03-17 07:40:40,Organic,India,3,18.0,1,3.0,2025-03-20 07:40:40,0,,,,0,0,
2589,2025-01-04 10:48:10,Organic,India,3,12.0,0,,,0,,,,0,1,1740394090000000000
2590,2025-01-04 16:09:08,Referral,Germany,5,15.0,1,2.0,2025-01-06 16:09:08,1,11.0,2025-01-15 16:09:08,Basic,50,0,
2591,2025-03-04 19:10:38,Organic,India,5,30.0,1,3.0,2025-03-07 19:10:38,0,,,,0,1,1744485038000000000
2592,2025-03-26 06:23:32,Ads,Canada,4,24.0,1,3.0,2025-03-29 06:23:32,0,,,,0,1,1747981412000000000
2593,2025-01-16 08:24:43,Organic,India,6,18.0,1,1.0,2025-01-17 08:24:43,0,,,,0,1,1738657483000000000
2594,2025-01-02 01:38:44,Organic,India,5,15.0,1,3.0,2025-01-05 01:38:44,0,,,,0,1,1738028324000000000
2595,2025-01-27 20:38:08,Organic,India,4,24.0,1,3.0,2025-01-30 20:38:08,0,,,,0,0,
2596,2025-01-21 21:36:48,Ads,India,7,21.0,1,3.0,2025-01-24 21:36:48,1,11.0,2025-02-01 21:36:48,Pro,120,0,
2597,2025-01-16 06:49:27,Organic,Germany,5,20.0,0,,,1,6.0,2025-01-22 06:49:27,Basic,50,0,
2598,2025-02-18 20:20:59,Ads,UK,4,12.0,0,,,0,,,,0,1,1744316459000000000
2599,2025-02-22 12:01:59,Organic,Germany,7,42.0,1,3.0,2025-02-25 12:01:59,1,5.0,2025-02-27 12:01:59,Basic,50,1,1742644919000000000
2600,2025-03-10 02:27:39,Organic,Canada,6,18.0,1,1.0,2025-03-11 02:27:39,0,,,,0,0,
2601,2025-02-16 11:24:30,Ads,USA,5,15.0,1,2.0,2025-02-18 11:24:30,1,8.0,2025-02-24 11:24:30,Pro,120,0,
2602,2025-02-23 20:59:58,Referral,UK,4,24.0,1,2.0,2025-02-25 20:59:58,1,9.0,2025-03-04 20:59:58,Basic,50,0,
2603,2025-03-16 13:07:17,Organic,USA,7,42.0,1,3.0,2025-03-19 13:07:17,0,,,,0,0,
2604,2025-02-07 22:23:39,Ads,UK,4,16.0,0,,,0,,,,0,1,1740608619000000000
2605,2025-02-11 22:08:58,Organic,India,8,36.0,1,2.0,2025-02-13 22:08:58,0,,,,0,0,
2606,2025-01-30 09:41:16,Ads,USA,1,3.0,1,3.0,2025-02-02 09:41:16,0,,,,0,1,1741513276000000000
2607,2025-02-18 22:43:31,Referral,USA,8,36.0,1,3.0,2025-02-21 22:43:31,1,9.0,2025-02-27 22:43:31,Basic,50,1,1741387411000000000
2608,2025-01-11 20:30:41,Referral,India,1,2.0,0,,,0,,,,0,0,
2609,2025-01-19 03:17:33,Ads,USA,6,27.0,1,1.0,2025-01-20 03:17:33,0,,,,0,1,1740021453000000000
2610,2025-01-23 04:22:25,Organic,Canada,2,12.0,1,2.0,2025-01-25 04:22:25,0,,,,0,1,1740370945000000000
2611,2025-02-02 21:59:00,Referral,USA,6,27.0,1,2.0,2025-02-04 21:59:00,0,,,,0,0,
2612,2025-02-22 15:13:23,Ads,USA,6,36.0,1,3.0,2025-02-25 15:13:23,0,,,,0,1,1741619603000000000
2613,2025-02-15 12:20:41,Organic,India,6,18.0,1,3.0,2025-02-18 12:20:41,0,,,,0,1,1742041241000000000
2614,2025-01-14 23:17:48,Organic,UK,3,12.0,0,,,0,,,,0,1,1740698268000000000
2615,2025-03-08 04:03:12,Referral,India,6,18.0,1,3.0,2025-03-11 04:03:12,0,,,,0,0,
2616,2025-02-20 12:20:06,Referral,Germany,5,15.0,1,3.0,2025-02-23 12:20:06,0,,,,0,0,
2617,2025-01-05 13:31:14,Organic,Germany,1,4.0,0,,,0,,,,0,1,1741181474000000000
2618,2025-02-21 01:26:29,Ads,Germany,8,24.0,1,2.0,2025-02-23 01:26:29,1,7.0,2025-02-28 01:26:29,Pro,120,0,
2619,2025-01-17 01:16:20,Referral,India,4,12.0,1,1.0,2025-01-18 01:16:20,1,7.0,2025-01-24 01:16:20,Basic,50,0,
2620,2025-01-14 23:34:12,Organic,India,4,12.0,1,3.0,2025-01-17 23:34:12,0,,,,0,1,1741736052000000000
2621,2025-02-03 01:19:54,Organic,Germany,3,9.0,0,,,0,,,,0,1,1740273594000000000
2622,2025-03-26 15:44:04,Ads,Canada,5,15.0,0,,,0,,,,0,1,1746891844000000000
2623,2025-03-28 19:36:00,Organic,Germany,5,10.0,0,,,0,,,,0,1,1746128160000000000
2624,2025-03-10 08:57:20,Organic,USA,3,13.5,1,3.0,2025-03-13 08:57:20,0,,,,0,1,1744361840000000000
2625,2025-02-04 02:49:22,Ads,USA,6,27.0,1,2.0,2025-02-06 02:49:22,1,11.0,2025-02-15 02:49:22,Basic,50,1,1743734962000000000
2626,2025-01-28 16:48:13,Referral,India,1,6.0,1,3.0,2025-01-31 16:48:13,1,8.0,2025-02-05 16:48:13,Basic,50,0,
2627,2025-02-05 04:31:07,Ads,Canada,3,12.0,0,,,0,,,,0,0,
2628,2025-02-14 11:18:43,Ads,UK,7,21.0,1,1.0,2025-02-15 11:18:43,0,,,,0,1,1744111123000000000
2629,2025-01-16 00:17:56,Organic,India,3,18.0,1,2.0,2025-01-18 00:17:56,0,,,,0,0,
2630,2025-03-10 16:08:17,Organic,India,5,15.0,1,2.0,2025-03-12 16:08:17,0,,,,0,0,
2631,2025-01-14 16:01:27,Ads,USA,5,10.0,0,,,0,,,,0,1,1740240087000000000
2632,2025-01-21 22:06:50,Organic,UK,4,24.0,1,1.0,2025-01-22 22:06:50,0,,,,0,0,
2633,2025-02-21 09:17:30,Referral,India,6,36.0,1,3.0,2025-02-24 09:17:30,0,,,,0,1,1743326250000000000
2634,2025-03-29 05:32:45,Organic,India,2,8.0,0,,,1,13.0,2025-04-11 05:32:45,Basic,50,0,
2635,2025-02-01 19:26:25,Organic,India,3,9.0,1,1.0,2025-02-02 19:26:25,0,,,,0,1,1740857185000000000
2636,2025-02-13 00:01:28,Organic,India,7,21.0,1,3.0,2025-02-16 00:01:28,1,6.0,2025-02-19 00:01:28,Basic,50,0,
2637,2025-01-23 06:33:21,Referral,Germany,0,0.0,0,,,0,,,,0,1,1739946801000000000
2638,2025-01-22 22:43:40,Organic,UK,5,15.0,1,3.0,2025-01-25 22:43:40,0,,,,0,1,1741905820000000000
2639,2025-02-06 07:52:24,Organic,UK,5,30.0,1,1.0,2025-02-07 07:52:24,0,,,,0,1,1743234744000000000
2640,2025-01-02 16:41:10,Organic,UK,4,8.0,0,,,0,,,,0,1,1740933670000000000
2641,2025-03-22 06:36:14,Referral,India,2,12.0,1,2.0,2025-03-24 06:36:14,0,,,,0,1,1744439774000000000
2642,2025-01-16 19:47:03,Organic,UK,5,20.0,0,,,0,,,,0,0,
2643,2025-01-13 05:05:46,Organic,Germany,6,12.0,0,,,0,,,,0,0,
2644,2025-01-29 02:28:01,Organic,UK,4,24.0,1,1.0,2025-01-30 02:28:01,0,,,,0,1,1741400881000000000
2645,2025-02-12 13:58:46,Ads,USA,6,18.0,1,2.0,2025-02-14 13:58:46,0,,,,0,0,
2646,2025-02-12 04:27:23,Organic,UK,8,32.0,0,,,0,,,,0,1,1741580843000000000
2647,2025-02-19 11:04:05,Organic,Germany,4,12.0,1,3.0,2025-02-22 11:04:05,0,,,,0,1,1743246245000000000
2648,2025-02-18 16:26:59,Organic,India,4,12.0,0,,,0,,,,0,1,1744648019000000000
2649,2025-02-06 20:39:50,Ads,India,6,12.0,0,,,0,,,,0,1,1743453590000000000
2650,2025-02-03 15:21:35,Ads,Germany,11,66.0,1,2.0,2025-02-05 15:21:35,0,,,,0,1,1742052095000000000
2651,2025-03-06 02:13:00,Ads,Germany,6,36.0,1,2.0,2025-03-08 02:13:00,0,,,,0,0,
2652,2025-02-17 22:22:43,Referral,USA,10,30.0,1,3.0,2025-02-20 22:22:43,1,8.0,2025-02-25 22:22:43,Basic,50,0,
2653,2025-03-19 08:05:35,Referral,India,4,24.0,1,3.0,2025-03-22 08:05:35,1,10.0,2025-03-29 08:05:35,Basic,50,0,
2654,2025-01-19 05:27:13,Organic,India,3,13.5,1,1.0,2025-01-20 05:27:13,0,,,,0,1,1738646833000000000
2655,2025-02-03 21:08:57,Ads,USA,9,27.0,1,2.0,2025-02-05 21:08:57,1,8.0,2025-02-11 21:08:57,Pro,120,0,
2656,2025-01-24 17:08:11,Ads,Germany,12,54.0,1,2.0,2025-01-26 17:08:11,0,,,,0,1,1740157691000000000
2657,2025-03-19 10:05:42,Referral,India,5,22.5,1,2.0,2025-03-21 10:05:42,0,,,,0,0,
2658,2025-01-14 13:07:19,Organic,USA,4,12.0,1,1.0,2025-01-15 13:07:19,1,13.0,2025-01-27 13:07:19,Basic,50,1,1741352839000000000
2659,2025-02-27 18:22:41,Ads,Germany,6,27.0,1,2.0,2025-03-01 18:22:41,0,,,,0,1,1743790961000000000
2660,2025-02-12 05:00:04,Organic,India,4,16.0,0,,,0,,,,0,1,1743051604000000000
2661,2025-01-08 11:48:16,Referral,UK,5,22.5,1,3.0,2025-01-11 11:48:16,1,12.0,2025-01-20 11:48:16,Pro,120,1,1739447296000000000
2662,2025-01-18 22:21:42,Organic,India,5,30.0,1,3.0,2025-01-21 22:21:42,0,,,,0,0,
2663,2025-02-06 03:29:11,Organic,Canada,3,13.5,1,2.0,2025-02-08 03:29:11,0,,,,0,0,
2664,2025-01-20 10:18:07,Organic,Germany,6,18.0,1,3.0,2025-01-23 10:18:07,1,13.0,2025-02-02 10:18:07,Basic,50,0,
2665,2025-01-10 06:15:01,Organic,India,2,12.0,1,1.0,2025-01-11 06:15:01,0,,,,0,1,1741155301000000000
2666,2025-02-17 11:03:32,Ads,Canada,6,27.0,1,3.0,2025-02-20 11:03:32,0,,,,0,1,1744110212000000000
2667,2025-01-23 16:16:46,Organic,Germany,7,42.0,1,2.0,2025-01-25 16:16:46,1,11.0,2025-02-03 16:16:46,Basic,50,1,1741882606000000000
2668,2025-03-10 00:44:05,Organic,Germany,3,9.0,1,2.0,2025-03-12 00:44:05,0,,,,0,1,1745455445000000000
2669,2025-03-11 14:35:26,Referral,USA,5,30.0,1,3.0,2025-03-14 14:35:26,0,,,,0,1,1744468526000000000
2670,2025-03-02 15:09:21,Organic,USA,4,16.0,0,,,0,,,,0,0,
2671,2025-03-15 09:02:56,Ads,India,6,36.0,1,3.0,2025-03-18 09:02:56,0,,,,0,1,1744189376000000000
2672,2025-01-12 04:01:58,Organic,India,5,22.5,1,3.0,2025-01-15 04:01:58,0,,,,0,1,1738296118000000000
2673,2025-01-06 17:59:18,Organic,USA,3,13.5,1,2.0,2025-01-08 17:59:18,1,7.0,2025-01-13 17:59:18,Basic,50,0,
2674,2025-03-04 09:05:29,Referral,India,6,36.0,1,3.0,2025-03-07 09:05:29,1,12.0,2025-03-16 09:05:29,Basic,50,0,
2675,2025-03-04 03:10:34,Ads,UK,4,12.0,1,2.0,2025-03-06 03:10:34,1,10.0,2025-03-14 03:10:34,Basic,50,0,
2676,2025-03-21 21:42:33,Organic,USA,11,44.0,0,,,0,,,,0,1,1744321353000000000
2677,2025-02-23 17:42:09,Referral,Canada,5,20.0,0,,,0,,,,0,1,1742578929000000000
2678,2025-01-01 07:57:05,Referral,Canada,10,45.0,1,3.0,2025-01-04 07:57:05,0,,,,0,1,1740211025000000000
2679,2025-02-02 19:05:52,Referral,India,4,16.0,0,,,0,,,,0,1,1741028752000000000
2680,2025-02-09 17:19:21,Organic,USA,9,54.0,1,2.0,2025-02-11 17:19:21,0,,,,0,0,
2681,2025-03-27 09:01:59,Organic,UK,4,8.0,0,,,0,,,,0,0,
2682,2025-03-07 23:52:14,Ads,India,6,18.0,1,3.0,2025-03-10 23:52:14,0,,,,0,1,1743810734000000000
2683,2025-01-15 18:37:27,Ads,India,5,30.0,1,3.0,2025-01-18 18:37:27,0,,,,0,1,1739990247000000000
2684,2025-02-16 18:56:48,Organic,Canada,5,30.0,1,3.0,2025-02-19 18:56:48,0,,,,0,0,
2685,2025-02-24 04:38:35,Ads,India,4,12.0,1,3.0,2025-02-27 04:38:35,0,,,,0,1,1744173515000000000
2686,2025-03-30 13:38:34,Organic,Canada,3,9.0,1,1.0,2025-03-31 13:38:34,0,,,,0,1,1745069914000000000
2687,2025-03-04 16:39:35,Organic,Germany,8,48.0,1,1.0,2025-03-05 16:39:35,0,,,,0,0,
2688,2025-01-30 06:06:16,Organic,USA,12,48.0,0,,,0,,,,0,1,1742450776000000000
2689,2025-01-04 15:50:05,Ads,Canada,9,54.0,1,3.0,2025-01-07 15:50:05,0,,,,0,0,
2690,2025-02-05 05:55:15,Organic,India,5,22.5,1,3.0,2025-02-08 05:55:15,0,,,,0,1,1743400515000000000
2691,2025-02-06 09:28:00,Referral,Canada,5,15.0,1,1.0,2025-02-07 09:28:00,0,,,,0,0,
2692,2025-02-19 17:14:40,Ads,Canada,0,0.0,1,1.0,2025-02-20 17:14:40,0,,,,0,0,
2693,2025-02-11 07:53:54,Ads,India,3,13.5,1,1.0,2025-02-12 07:53:54,1,5.0,2025-02-16 07:53:54,Pro,120,0,
2694,2025-03-12 16:47:26,Referral,USA,4,12.0,1,2.0,2025-03-14 16:47:26,0,,,,0,0,
2695,2025-02-03 22:03:59,Ads,USA,5,22.5,1,3.0,2025-02-06 22:03:59,0,,,,0,1,1740607439000000000
2696,2025-02-03 03:46:21,Referral,India,6,18.0,1,2.0,2025-02-05 03:46:21,0,,,,0,1,1741491981000000000
2697,2025-03-05 22:35:32,Organic,Germany,9,54.0,1,1.0,2025-03-06 22:35:32,0,,,,0,1,1745534132000000000
2698,2025-02-17 12:25:19,Organic,USA,6,18.0,0,,,0,,,,0,1,1744115119000000000
2699,2025-02-11 20:57:40,Organic,USA,4,18.0,1,1.0,2025-02-12 20:57:40,0,,,,0,0,
2700,2025-02-20 08:59:20,Organic,India,6,36.0,1,2.0,2025-02-22 08:59:20,0,,,,0,0,
2701,2025-02-25 21:19:21,Referral,USA,5,15.0,0,,,0,,,,0,0,
2702,2025-02-15 14:31:25,Organic,Canada,6,12.0,0,,,0,,,,0,0,
2703,2025-03-21 07:16:43,Ads,USA,9,27.0,0,,,0,,,,0,1,1746688603000000000
2704,2025-02-23 21:38:09,Ads,UK,8,32.0,0,,,1,8.0,2025-03-03 21:38:09,Basic,50,0,
2705,2025-03-09 22:42:57,Ads,UK,8,36.0,1,2.0,2025-03-11 22:42:57,0,,,,0,1,1744411377000000000
2706,2025-03-13 11:57:51,Organic,India,3,6.0,0,,,0,,,,0,1,1744718271000000000
2707,2025-03-08 11:08:53,Ads,USA,8,48.0,1,3.0,2025-03-11 11:08:53,1,7.0,2025-03-15 11:08:53,Pro,120,0,
2708,2025-03-26 18:30:22,Organic,India,4,12.0,0,,,1,7.0,2025-04-02 18:30:22,Basic,50,0,
2709,2025-01-31 09:45:44,Organic,India,5,22.5,1,2.0,2025-02-02 09:45:44,0,,,,0,0,
2710,2025-03-01 20:46:24,Ads,India,9,54.0,1,1.0,2025-03-02 20:46:24,1,5.0,2025-03-06 20:46:24,Pro,120,1,1743885984000000000
2711,2025-02-02 16:58:16,Ads,Germany,3,12.0,0,,,0,,,,0,1,1742576296000000000
2712,2025-02-27 03:19:52,Organic,Germany,1,2.0,0,,,0,,,,0,1,1743650392000000000
2713,2025-03-22 04:10:23,Referral,India,4,18.0,1,2.0,2025-03-24 04:10:23,1,5.0,2025-03-27 04:10:23,Pro,120,0,
2714,2025-01-24 14:15:40,Organic,India,4,24.0,1,3.0,2025-01-27 14:15:40,1,9.0,2025-02-02 14:15:40,Basic,50,0,
2715,2025-02-26 10:41:12,Organic,India,5,15.0,1,3.0,2025-03-01 10:41:12,0,,,,0,0,
2716,2025-02-01 17:05:56,Organic,Canada,1,6.0,1,2.0,2025-02-03 17:05:56,1,12.0,2025-02-13 17:05:56,Basic,50,0,
2717,2025-01-31 07:46:20,Ads,USA,5,22.5,1,1.0,2025-02-01 07:46:20,0,,,,0,1,1740037580000000000
2718,2025-03-20 08:30:22,Ads,USA,0,0.0,0,,,0,,,,0,1,1744533022000000000
2719,2025-01-09 08:23:04,Organic,USA,2,4.0,0,,,0,,,,0,0,
2720,2025-03-25 21:34:02,Organic,UK,3,6.0,0,,,0,,,,0,0,
2721,2025-03-19 16:03:15,Ads,India,4,24.0,1,2.0,2025-03-21 16:03:15,0,,,,0,1,1747238595000000000
2722,2025-01-07 00:22:57,Organic,India,3,9.0,0,,,0,,,,0,1,1737591777000000000
2723,2025-03-17 12:13:25,Organic,India,6,27.0,1,1.0,2025-03-18 12:13:25,0,,,,0,1,1747138405000000000
2724,2025-02-12 19:33:01,Ads,USA,6,18.0,0,,,0,,,,0,1,1743622381000000000
2725,2025-03-20 10:20:21,Organic,Germany,3,9.0,1,1.0,2025-03-21 10:20:21,0,,,,0,1,1745662821000000000
2726,2025-02-03 10:08:18,Referral,India,3,6.0,0,,,0,,,,0,1,1742033298000000000
2727,2025-03-01 21:59:33,Organic,India,2,9.0,1,3.0,2025-03-04 21:59:33,0,,,,0,1,1743803973000000000
2728,2025-02-18 23:10:25,Ads,Germany,6,27.0,1,2.0,2025-02-20 23:10:25,0,,,,0,1,1742944225000000000
2729,2025-01-29 03:43:13,Organic,India,3,12.0,0,,,0,,,,0,0,
2730,2025-02-16 15:06:52,Referral,India,3,6.0,0,,,0,,,,0,1,1744643212000000000
2731,2025-02-16 15:51:04,Organic,Canada,4,24.0,1,2.0,2025-02-18 15:51:04,0,,,,0,1,1743177064000000000
2732,2025-02-09 05:52:22,Ads,UK,7,21.0,1,1.0,2025-02-10 05:52:22,0,,,,0,1,1742449942000000000
2733,2025-01-02 19:28:18,Ads,USA,3,12.0,0,,,1,8.0,2025-01-10 19:28:18,Pro,120,0,
2734,2025-03-27 03:50:04,Organic,UK,7,28.0,0,,,1,12.0,2025-04-08 03:50:04,Basic,50,0,
2735,2025-03-12 23:37:46,Organic,UK,4,24.0,1,3.0,2025-03-15 23:37:46,0,,,,0,1,1744069066000000000
2736,2025-02-03 10:01:36,Ads,India,3,13.5,1,3.0,2025-02-06 10:01:36,0,,,,0,1,1742983296000000000
2737,2025-02-23 02:41:27,Referral,UK,7,42.0,1,3.0,2025-02-26 02:41:27,0,,,,0,1,1745203287000000000
2738,2025-03-17 13:50:45,Organic,USA,9,27.0,1,1.0,2025-03-18 13:50:45,0,,,,0,1,1745416245000000000
2739,2025-02-01 16:09:42,Organic,Germany,4,16.0,0,,,0,,,,0,1,1740067782000000000
2740,2025-01-13 17:41:40,Referral,Germany,6,27.0,1,2.0,2025-01-15 17:41:40,1,8.0,2025-01-21 17:41:40,Basic,50,0,
2741,2025-01-19 05:56:30,Organic,India,5,15.0,0,,,0,,,,0,1,1741499790000000000
2742,2025-03-06 17:56:16,Referral,USA,6,27.0,1,3.0,2025-03-09 17:56:16,1,12.0,2025-03-18 17:56:16,Basic,50,0,
2743,2025-03-03 00:03:23,Ads,India,4,12.0,0,,,0,,,,0,0,
2744,2025-01-23 16:59:37,Ads,India,6,36.0,1,1.0,2025-01-24 16:59:37,0,,,,0,0,
2745,2025-03-23 14:18:46,Organic,USA,5,30.0,1,2.0,2025-03-25 14:18:46,0,,,,0,0,
2746,2025-02-16 16:10:54,Organic,UK,6,18.0,1,1.0,2025-02-17 16:10:54,0,,,,0,0,
2747,2025-01-08 16:34:28,Ads,USA,3,9.0,1,3.0,2025-01-11 16:34:28,0,,,,0,1,1739118868000000000
2748,2025-03-17 05:37:22,Referral,USA,6,36.0,1,1.0,2025-03-18 05:37:22,1,5.0,2025-03-22 05:37:22,Basic,50,0,
2749,2025-03-22 18:22:20,Referral,Canada,5,10.0,0,,,0,,,,0,0,
2750,2025-03-12 23:40:08,Organic,UK,4,12.0,1,1.0,2025-03-13 23:40:08,0,,,,0,0,
2751,2025-02-08 21:22:40,Organic,UK,7,21.0,1,3.0,2025-02-11 21:22:40,0,,,,0,1,1742505760000000000
2752,2025-03-02 10:45:04,Organic,India,3,6.0,0,,,1,14.0,2025-03-16 10:45:04,Pro,120,0,
2753,2025-02-08 00:42:07,Referral,UK,6,27.0,1,3.0,2025-02-11 00:42:07,0,,,,0,1,1743381727000000000
2754,2025-01-11 04:28:32,Organic,Germany,7,21.0,1,3.0,2025-01-14 04:28:32,0,,,,0,0,
2755,2025-02-22 16:43:14,Organic,India,6,36.0,1,3.0,2025-02-25 16:43:14,0,,,,0,1,1744562594000000000
2756,2025-02-05 03:38:19,Organic,USA,6,36.0,1,3.0,2025-02-08 03:38:19,0,,,,0,1,1741837099000000000
2757,2025-02-19 11:17:57,Organic,Germany,7,21.0,1,1.0,2025-02-20 11:17:57,0,,,,0,1,1744456677000000000
2758,2025-02-16 05:53:29,Referral,USA,1,4.5,1,1.0,2025-02-17 05:53:29,0,,,,0,1,1741499609000000000
2759,2025-02-25 21:13:46,Ads,USA,3,13.5,1,2.0,2025-02-27 21:13:46,1,8.0,2025-03-05 21:13:46,Basic,50,0,
2760,2025-01-24 15:27:03,Organic,India,4,18.0,1,1.0,2025-01-25 15:27:03,0,,,,0,0,
2761,2025-01-13 03:09:33,Organic,USA,9,27.0,1,2.0,2025-01-15 03:09:33,1,12.0,2025-01-25 03:09:33,Pro,120,0,
2762,2025-01-18 09:13:45,Organic,USA,6,36.0,1,3.0,2025-01-21 09:13:45,1,10.0,2025-01-28 09:13:45,Basic,50,0,
2763,2025-03-18 03:32:17,Organic,India,7,21.0,1,1.0,2025-03-19 03:32:17,0,,,,0,1,1744774337000000000
2764,2025-01-30 23:54:21,Organic,USA,3,18.0,1,2.0,2025-02-01 23:54:21,0,,,,0,0,
2765,2025-01-23 03:16:24,Ads,India,4,24.0,1,3.0,2025-01-26 03:16:24,0,,,,0,0,
2766,2025-02-13 17:18:58,Organic,UK,5,22.5,1,2.0,2025-02-15 17:18:58,0,,,,0,1,1740935938000000000
2767,2025-03-09 00:16:20,Organic,Germany,4,8.0,0,,,0,,,,0,1,1746058580000000000
2768,2025-01-03 14:30:49,Organic,USA,7,42.0,1,2.0,2025-01-05 14:30:49,0,,,,0,1,1740407449000000000
2769,2025-01-16 05:53:11,Ads,USA,4,16.0,0,,,0,,,,0,1,1740462791000000000
2770,2025-03-16 17:55:59,Ads,USA,6,24.0,0,,,0,,,,0,1,1744307759000000000
2771,2025-03-14 18:53:53,Ads,India,3,12.0,0,,,0,,,,0,1,1746125633000000000
2772,2025-02-03 02:51:49,Ads,Germany,1,6.0,1,2.0,2025-02-05 02:51:49,0,,,,0,1,1743303109000000000
2773,2025-01-09 15:36:59,Ads,India,5,22.5,1,2.0,2025-01-11 15:36:59,0,,,,0,1,1737905819000000000
2774,2025-01-13 11:58:44,Organic,India,5,22.5,1,2.0,2025-01-15 11:58:44,0,,,,0,1,1741607924000000000
2775,2025-03-04 22:44:44,Referral,USA,6,36.0,1,2.0,2025-03-06 22:44:44,0,,,,0,0,
2776,2025-03-11 19:08:09,Organic,UK,7,21.0,1,1.0,2025-03-12 19:08:09,0,,,,0,1,1743188889000000000
2777,2025-03-16 09:21:28,Organic,India,6,36.0,1,2.0,2025-03-18 09:21:28,1,5.0,2025-03-21 09:21:28,Pro,120,1,1747041688000000000
2778,2025-03-06 02:16:43,Ads,India,6,18.0,1,2.0,2025-03-08 02:16:43,0,,,,0,1,1744683403000000000
2779,2025-01-28 13:22:12,Organic,Canada,3,18.0,1,2.0,2025-01-30 13:22:12,0,,,,0,1,1740835332000000000
2780,2025-01-20 03:39:13,Referral,India,2,6.0,0,,,0,,,,0,0,
2781,2025-03-03 07:13:51,Organic,India,6,27.0,1,3.0,2025-03-06 07:13:51,1,10.0,2025-03-13 07:13:51,Pro,120,0,
2782,2025-01-05 16:26:12,Referral,India,4,12.0,1,2.0,2025-01-07 16:26:12,1,6.0,2025-01-11 16:26:12,Basic,50,0,
2783,2025-01-20 20:31:39,Referral,India,4,24.0,1,3.0,2025-01-23 20:31:39,1,14.0,2025-02-03 20:31:39,Basic,50,0,
2784,2025-01-07 14:38:27,Referral,USA,5,30.0,1,3.0,2025-01-10 14:38:27,0,,,,0,0,
2785,2025-01-25 00:30:06,Referral,UK,2,9.0,1,2.0,2025-01-27 00:30:06,0,,,,0,0,
2786,2025-03-30 20:12:26,Referral,UK,8,24.0,1,2.0,2025-04-01 20:12:26,1,12.0,2025-04-11 20:12:26,Basic,50,0,
2787,2025-03-02 05:14:23,Ads,India,6,36.0,1,3.0,2025-03-05 05:14:23,0,,,,0,1,1742706863000000000
2788,2025-01-30 03:15:34,Organic,India,1,3.0,1,2.0,2025-02-01 03:15:34,1,8.0,2025-02-07 03:15:34,Basic,50,1,1740107734000000000
2789,2025-01-25 03:30:13,Organic,India,6,27.0,1,3.0,2025-01-28 03:30:13,0,,,,0,1,1742527813000000000
2790,2025-02-08 20:55:09,Ads,India,1,4.0,0,,,0,,,,0,1,1743022509000000000
2791,2025-03-07 22:13:05,Referral,India,9,54.0,1,1.0,2025-03-08 22:13:05,0,,,,0,0,
2792,2025-02-02 04:04:59,Ads,India,6,18.0,1,2.0,2025-02-04 04:04:59,0,,,,0,1,1743566699000000000
2793,2025-01-23 03:35:22,Referral,India,5,22.5,1,3.0,2025-01-26 03:35:22,1,6.0,2025-01-29 03:35:22,Basic,50,0,
2794,2025-03-26 15:37:14,Referral,USA,5,15.0,0,,,0,,,,0,1,1747841834000000000
2795,2025-02-02 12:47:40,Organic,India,3,9.0,1,2.0,2025-02-04 12:47:40,0,,,,0,0,
2796,2025-01-07 08:28:04,Organic,India,3,9.0,0,,,0,,,,0,0,
2797,2025-01-24 03:20:54,Organic,India,5,22.5,1,2.0,2025-01-26 03:20:54,0,,,,0,1,1740626454000000000
2798,2025-02-28 09:20:42,Organic,India,5,15.0,1,1.0,2025-03-01 09:20:42,0,,,,0,1,1744276842000000000
2799,2025-03-26 16:21:10,Ads,UK,7,21.0,1,2.0,2025-03-28 16:21:10,0,,,,0,1,1744474870000000000
2800,2025-01-12 10:17:51,Referral,India,4,16.0,0,,,1,11.0,2025-01-23 10:17:51,Basic,50,0,
2801,2025-02-19 05:31:26,Ads,India,6,27.0,1,2.0,2025-02-21 05:31:26,1,10.0,2025-03-01 05:31:26,Basic,50,0,
2802,2025-02-18 02:35:32,Organic,India,2,9.0,1,1.0,2025-02-19 02:35:32,0,,,,0,0,
2803,2025-03-18 20:39:23,Organic,India,6,24.0,0,,,1,13.0,2025-03-31 20:39:23,Basic,50,1,1743626363000000000
2804,2025-03-18 07:21:50,Organic,UK,4,12.0,1,1.0,2025-03-19 07:21:50,0,,,,0,0,
2805,2025-03-06 08:45:12,Ads,Germany,5,15.0,0,,,0,,,,0,0,
2806,2025-01-20 16:41:07,Organic,India,6,18.0,1,3.0,2025-01-23 16:41:07,0,,,,0,1,1741797667000000000
2807,2025-03-04 07:14:18,Organic,UK,11,49.5,1,3.0,2025-03-07 07:14:18,1,5.0,2025-03-09 07:14:18,Pro,120,0,
2808,2025-02-28 01:47:30,Organic,India,7,21.0,1,2.0,2025-03-02 01:47:30,0,,,,0,1,1743731250000000000
2809,2025-03-25 04:43:58,Organic,India,8,32.0,0,,,0,,,,0,1,1745988238000000000
2810,2025-02-11 20:52:36,Referral,India,3,9.0,0,,,1,7.0,2025-02-18 20:52:36,Pro,120,0,
2811,2025-02-03 04:29:00,Organic,Canada,8,48.0,1,3.0,2025-02-06 04:29:00,0,,,,0,1,1741667340000000000
2812,2025-01-03 23:48:37,Organic,India,6,18.0,1,2.0,2025-01-05 23:48:37,0,,,,0,1,1740700117000000000
2813,2025-03-01 14:24:18,Organic,Germany,5,22.5,1,3.0,2025-03-04 14:24:18,1,9.0,2025-03-10 14:24:18,Basic,50,1,1743258258000000000
2814,2025-01-16 16:58:53,Organic,USA,4,24.0,1,3.0,2025-01-19 16:58:53,1,7.0,2025-01-23 16:58:53,Basic,50,0,
2815,2025-03-16 09:42:20,Ads,India,9,27.0,1,2.0,2025-03-18 09:42:20,1,12.0,2025-03-28 09:42:20,Basic,50,0,
2816,2025-01-09 03:57:55,Ads,UK,2,12.0,1,1.0,2025-01-10 03:57:55,0,,,,0,0,
2817,2025-02-15 14:15:11,Organic,Germany,4,8.0,0,,,0,,,,0,1,1741270511000000000
2818,2025-03-21 13:17:40,Ads,Canada,8,48.0,1,3.0,2025-03-24 13:17:40,0,,,,0,0,
2819,2025-03-25 00:07:15,Organic,UK,8,16.0,0,,,0,,,,0,0,
2820,2025-01-09 15:46:53,Ads,India,6,18.0,1,3.0,2025-01-12 15:46:53,0,,,,0,1,1739720813000000000
2821,2025-02-02 06:41:30,Organic,India,3,13.5,1,3.0,2025-02-05 06:41:30,0,,,,0,0,
2822,2025-01-15 11:47:58,Organic,India,8,48.0,1,3.0,2025-01-18 11:47:58,0,,,,0,1,1738756078000000000
2823,2025-02-20 05:14:03,Ads,USA,8,36.0,1,3.0,2025-02-23 05:14:03,0,,,,0,1,1741842843000000000
2824,2025-01-05 21:50:26,Referral,Germany,6,36.0,1,1.0,2025-01-06 21:50:26,1,9.0,2025-01-14 21:50:26,Basic,50,0,
2825,2025-02-12 10:46:31,Ads,UK,7,31.5,1,3.0,2025-02-15 10:46:31,0,,,,0,0,
2826,2025-02-07 19:42:07,Organic,Canada,4,24.0,1,2.0,2025-02-09 19:42:07,0,,,,0,1,1743363727000000000
2827,2025-03-28 06:47:05,Organic,India,5,15.0,1,1.0,2025-03-29 06:47:05,0,,,,0,1,1744440425000000000
2828,2025-02-17 15:52:03,Referral,UK,6,27.0,1,3.0,2025-02-20 15:52:03,0,,,,0,1,1744386723000000000
2829,2025-02-11 16:51:41,Organic,Canada,6,36.0,1,2.0,2025-02-13 16:51:41,0,,,,0,1,1740675101000000000
2830,2025-03-06 23:13:21,Organic,USA,3,12.0,0,,,0,,,,0,1,1744586001000000000
2831,2025-03-14 23:02:25,Organic,USA,2,9.0,1,2.0,2025-03-16 23:02:25,0,,,,0,1,1744412545000000000
2832,2025-02-26 15:37:20,Organic,UK,9,18.0,0,,,0,,,,0,0,
2833,2025-01-09 02:09:16,Organic,USA,10,40.0,0,,,0,,,,0,0,
2834,2025-03-13 13:39:15,Organic,Germany,4,24.0,1,1.0,2025-03-14 13:39:15,0,,,,0,0,
2835,2025-02-15 03:45:29,Organic,USA,9,27.0,1,2.0,2025-02-17 03:45:29,0,,,,0,1,1743738329000000000
2836,2025-02-09 09:18:16,Referral,India,8,24.0,1,2.0,2025-02-11 09:18:16,1,8.0,2025-02-17 09:18:16,Pro,120,0,
2837,2025-02-19 13:04:29,Organic,USA,4,12.0,0,,,1,11.0,2025-03-02 13:04:29,Pro,120,0,
2838,2025-03-14 16:03:22,Organic,India,6,18.0,1,2.0,2025-03-16 16:03:22,0,,,,0,0,
2839,2025-01-09 17:42:30,Ads,USA,4,18.0,1,1.0,2025-01-10 17:42:30,0,,,,0,1,1740937350000000000
2840,2025-03-13 02:28:46,Ads,India,2,6.0,1,1.0,2025-03-14 02:28:46,0,,,,0,1,1743820126000000000
2841,2025-01-03 00:40:11,Organic,Germany,4,24.0,1,3.0,2025-01-06 00:40:11,0,,,,0,1,1738370411000000000
2842,2025-03-29 00:50:17,Referral,Canada,8,24.0,1,3.0,2025-04-01 00:50:17,0,,,,0,0,
2843,2025-02-17 08:56:06,Organic,India,5,10.0,0,,,0,,,,0,1,1744534566000000000
2844,2025-03-27 19:03:40,Referral,India,2,6.0,1,1.0,2025-03-28 19:03:40,0,,,,0,1,1745089420000000000
2845,2025-02-19 06:45:50,Organic,USA,4,8.0,0,,,0,,,,0,0,
2846,2025-01-04 01:49:58,Organic,UK,4,12.0,1,1.0,2025-01-05 01:49:58,0,,,,0,1,1740448198000000000
2847,2025-01-18 17:13:34,Referral,India,3,9.0,0,,,0,,,,0,1,1741194814000000000
2848,2025-03-12 00:00:55,Ads,India,9,40.5,1,3.0,2025-03-15 00:00:55,0,,,,0,1,1744675255000000000
2849,2025-01-22 19:09:36,Organic,USA,4,12.0,0,,,0,,,,0,0,
2850,2025-02-15 00:51:53,Organic,UK,7,28.0,0,,,0,,,,0,0,
2851,2025-03-23 06:16:28,Organic,India,4,12.0,0,,,1,7.0,2025-03-30 06:16:28,Basic,50,0,
2852,2025-02-04 23:11:37,Ads,UK,7,42.0,1,2.0,2025-02-06 23:11:37,0,,,,0,1,1740870697000000000
2853,2025-03-28 08:09:27,Organic,Germany,8,48.0,1,1.0,2025-03-29 08:09:27,0,,,,0,0,
2854,2025-01-02 19:14:43,Organic,India,5,30.0,1,3.0,2025-01-05 19:14:43,0,,,,0,0,
2855,2025-02-04 18:17:55,Organic,USA,6,27.0,1,2.0,2025-02-06 18:17:55,1,13.0,2025-02-17 18:17:55,Basic,50,0,
2856,2025-02-25 20:42:43,Ads,India,2,6.0,1,2.0,2025-02-27 20:42:43,0,,,,0,0,
2857,2025-02-24 18:05:41,Referral,India,2,9.0,1,3.0,2025-02-27 18:05:41,0,,,,0,0,
2858,2025-03-06 20:58:46,Ads,India,5,22.5,1,3.0,2025-03-09 20:58:46,1,12.0,2025-03-18 20:58:46,Pro,120,1,1744232326000000000
2859,2025-03-06 09:36:53,Organic,USA,8,36.0,1,2.0,2025-03-08 09:36:53,1,7.0,2025-03-13 09:36:53,Basic,50,1,1743327413000000000
2860,2025-03-11 12:22:24,Referral,Canada,5,22.5,1,1.0,2025-03-12 12:22:24,1,5.0,2025-03-16 12:22:24,Basic,50,0,
2861,2025-01-24 00:09:15,Ads,USA,5,15.0,0,,,0,,,,0,0,
2862,2025-01-23 01:27:19,Referral,India,5,15.0,0,,,0,,,,0,0,
2863,2025-02-25 02:34:20,Organic,India,4,12.0,1,2.0,2025-02-27 02:34:20,0,,,,0,1,1743820460000000000
2864,2025-01-17 20:17:45,Organic,USA,9,40.5,1,3.0,2025-01-20 20:17:45,0,,,,0,0,
2865,2025-02-18 12:40:14,Ads,India,7,14.0,0,,,0,,,,0,1,1743338414000000000
2866,2025-01-12 12:09:30,Organic,India,5,20.0,0,,,0,,,,0,1,1739189370000000000
2867,2025-02-01 08:40:44,Ads,USA,5,30.0,1,2.0,2025-02-03 08:40:44,0,,,,0,1,1742287244000000000
2868,2025-01-03 10:50:30,Referral,Germany,9,27.0,1,1.0,2025-01-04 10:50:30,0,,,,0,0,
2869,2025-03-04 22:56:21,Referral,India,4,8.0,0,,,0,,,,0,0,
2870,2025-02-11 05:36:53,Referral,UK,5,30.0,1,3.0,2025-02-14 05:36:53,1,7.0,2025-02-18 05:36:53,Basic,50,0,
2871,2025-03-16 17:29:56,Ads,India,4,18.0,1,1.0,2025-03-17 17:29:56,1,12.0,2025-03-28 17:29:56,Basic,50,1,1743787796000000000
2872,2025-03-11 07:03:49,Organic,USA,2,9.0,1,1.0,2025-03-12 07:03:49,0,,,,0,1,1744009429000000000
2873,2025-03-28 13:55:39,Organic,USA,8,24.0,1,1.0,2025-03-29 13:55:39,0,,,,0,1,1744725339000000000
2874,2025-03-17 10:10:16,Organic,Canada,5,20.0,0,,,0,,,,0,0,
2875,2025-02-08 12:44:09,Ads,USA,5,22.5,1,1.0,2025-02-09 12:44:09,0,,,,0,1,1742733849000000000
2876,2025-02-25 01:06:16,Organic,India,8,24.0,1,1.0,2025-02-26 01:06:16,1,5.0,2025-03-02 01:06:16,Pro,120,1,1742605576000000000
2877,2025-01-07 00:59:58,Organic,India,6,24.0,0,,,1,11.0,2025-01-18 00:59:58,Basic,50,0,
2878,2025-03-21 20:01:13,Ads,India,5,30.0,1,2.0,2025-03-23 20:01:13,0,,,,0,1,1744488073000000000
2879,2025-02-16 23:48:39,Ads,USA,8,24.0,1,2.0,2025-02-18 23:48:39,0,,,,0,1,1744674519000000000
2880,2025-02-13 08:36:09,Referral,Canada,6,12.0,0,,,0,,,,0,1,1743582969000000000
2881,2025-03-11 11:18:16,Ads,USA,8,48.0,1,3.0,2025-03-14 11:18:16,0,,,,0,1,1744456696000000000
2882,2025-01-01 20:56:28,Ads,UK,2,6.0,0,,,0,,,,0,1,1739220988000000000
2883,2025-03-21 05:59:05,Ads,India,7,42.0,1,3.0,2025-03-24 05:59:05,0,,,,0,1,1745301545000000000
2884,2025-03-20 19:43:03,Referral,USA,5,22.5,1,2.0,2025-03-22 19:43:03,0,,,,0,1,1747597383000000000
2885,2025-01-21 13:16:07,Ads,India,2,12.0,1,2.0,2025-01-23 13:16:07,0,,,,0,1,1742390167000000000
2886,2025-01-27 23:09:13,Referral,India,7,21.0,0,,,0,,,,0,1,1741302553000000000
2887,2025-03-28 10:24:26,Referral,USA,1,6.0,1,2.0,2025-03-30 10:24:26,0,,,,0,1,1747391066000000000
2888,2025-03-03 01:49:24,Referral,UK,1,2.0,0,,,1,14.0,2025-03-17 01:49:24,Basic,50,0,
2889,2025-03-05 14:12:19,Organic,India,3,18.0,1,3.0,2025-03-08 14:12:19,0,,,,0,1,1743948739000000000
2890,2025-03-10 00:43:29,Organic,UK,7,21.0,1,2.0,2025-03-12 00:43:29,1,6.0,2025-03-16 00:43:29,Basic,50,0,
2891,2025-03-16 00:49:27,Organic,UK,9,40.5,1,2.0,2025-03-18 00:49:27,0,,,,0,1,1747183767000000000
2892,2025-01-18 08:00:18,Organic,India,1,3.0,0,,,0,,,,0,1,1740902418000000000
2893,2025-03-19 18:58:43,Organic,UK,2,12.0,1,3.0,2025-03-22 18:58:43,1,13.0,2025-04-01 18:58:43,Pro,120,0,
2894,2025-03-16 16:53:58,Organic,India,3,6.0,0,,,0,,,,0,1,1744822438000000000
2895,2025-03-18 06:27:21,Organic,India,9,27.0,1,1.0,2025-03-19 06:27:21,0,,,,0,0,
2896,2025-02-16 12:58:00,Ads,India,2,6.0,0,,,0,,,,0,1,1742993880000000000
2897,2025-03-30 17:57:37,Ads,India,5,30.0,1,2.0,2025-04-01 17:57:37,1,11.0,2025-04-10 17:57:37,Basic,50,0,
2898,2025-02-21 06:11:30,Organic,UK,5,15.0,1,2.0,2025-02-23 06:11:30,0,,,,0,1,1744524690000000000
2899,2025-02-10 09:17:23,Ads,Canada,2,6.0,1,3.0,2025-02-13 09:17:23,0,,,,0,0,
2900,2025-03-04 22:57:13,Ads,India,2,12.0,1,2.0,2025-03-06 22:57:13,0,,,,0,1,1744153033000000000
2901,2025-01-30 14:49:04,Ads,India,5,10.0,0,,,0,,,,0,0,
2902,2025-01-06 19:12:54,Referral,India,3,13.5,1,2.0,2025-01-08 19:12:54,0,,,,0,1,1738869174000000000
2903,2025-02-03 08:29:37,Organic,UK,6,27.0,1,2.0,2025-02-05 08:29:37,0,,,,0,1,1743150577000000000
2904,2025-02-01 19:36:36,Organic,India,1,4.0,0,,,0,,,,0,1,1739820996000000000
2905,2025-01-03 06:14:06,Organic,USA,9,18.0,0,,,0,,,,0,0,
2906,2025-02-12 18:42:56,Organic,UK,4,18.0,1,3.0,2025-02-15 18:42:56,0,,,,0,1,1744483376000000000
2907,2025-01-28 02:56:34,Ads,USA,6,18.0,1,3.0,2025-01-31 02:56:34,0,,,,0,1,1741920994000000000
2908,2025-01-06 21:58:03,Organic,Germany,4,12.0,0,,,0,,,,0,1,1741125483000000000
2909,2025-03-15 00:31:29,Organic,India,3,9.0,0,,,0,,,,0,1,1744245089000000000
2910,2025-01-12 17:13:04,Organic,Germany,3,13.5,1,1.0,2025-01-13 17:13:04,0,,,,0,0,
2911,2025-01-11 00:49:24,Organic,India,1,3.0,1,2.0,2025-01-13 00:49:24,1,7.0,2025-01-18 00:49:24,Basic,50,1,1740703764000000000
2912,2025-01-01 13:38:24,Ads,India,7,21.0,0,,,0,,,,0,1,1737121104000000000
2913,2025-02-05 08:57:57,Ads,UK,6,36.0,1,3.0,2025-02-08 08:57:57,0,,,,0,0,
2914,2025-01-10 23:54:23,Organic,UK,8,48.0,1,1.0,2025-01-11 23:54:23,0,,,,0,0,
2915,2025-03-27 17:53:40,Organic,Canada,6,18.0,1,2.0,2025-03-29 17:53:40,0,,,,0,1,1745603620000000000
2916,2025-03-08 22:26:22,Organic,India,6,27.0,1,3.0,2025-03-11 22:26:22,0,,,,0,1,1743459982000000000
2917,2025-03-28 00:36:50,Organic,Germany,3,18.0,1,3.0,2025-03-31 00:36:50,0,,,,0,0,
2918,2025-03-22 19:02:51,Referral,India,3,18.0,1,2.0,2025-03-24 19:02:51,0,,,,0,1,1747076571000000000
2919,2025-02-25 01:56:22,Organic,India,3,13.5,1,3.0,2025-02-28 01:56:22,0,,,,0,0,
2920,2025-03-30 06:18:07,Ads,India,10,30.0,1,1.0,2025-03-31 06:18:07,0,,,,0,1,1748326687000000000
2921,2025-03-03 17:48:58,Referral,UK,11,33.0,1,2.0,2025-03-05 17:48:58,1,10.0,2025-03-13 17:48:58,Basic,50,1,1742665738000000000
2922,2025-03-15 11:44:09,Organic,UK,6,18.0,1,3.0,2025-03-18 11:44:09,1,6.0,2025-03-21 11:44:09,Pro,120,0,
2923,2025-02-20 22:14:32,Organic,USA,5,15.0,1,3.0,2025-02-23 22:14:32,1,9.0,2025-03-01 22:14:32,Basic,50,0,
2924,2025-01-14 23:14:21,Referral,India,7,31.5,1,2.0,2025-01-16 23:14:21,0,,,,0,1,1740525261000000000
2925,2025-02-27 11:17:32,Referral,India,4,8.0,0,,,0,,,,0,0,
2926,2025-02-06 02:33:32,Organic,India,6,27.0,1,1.0,2025-02-07 02:33:32,1,11.0,2025-02-17 02:33:32,Basic,50,0,
2927,2025-02-03 11:03:25,Ads,USA,9,40.5,1,3.0,2025-02-06 11:03:25,1,11.0,2025-02-14 11:03:25,Basic,50,0,
2928,2025-02-27 03:16:40,Referral,UK,8,36.0,1,2.0,2025-03-01 03:16:40,1,13.0,2025-03-12 03:16:40,Basic,50,0,
2929,2025-03-14 10:44:17,Organic,USA,1,3.0,1,3.0,2025-03-17 10:44:17,0,,,,0,0,
2930,2025-02-24 19:38:39,Referral,Germany,7,21.0,1,3.0,2025-02-27 19:38:39,0,,,,0,1,1742326719000000000
2931,2025-03-25 05:18:26,Organic,India,7,21.0,0,,,0,,,,0,1,1744262306000000000
2932,2025-03-08 19:12:06,Ads,India,4,12.0,0,,,0,,,,0,1,1744053126000000000
2933,2025-03-30 17:48:04,Referral,USA,6,27.0,1,3.0,2025-04-02 17:48:04,0,,,,0,1,1745948884000000000
2934,2025-01-03 23:34:41,Referral,UK,6,27.0,1,3.0,2025-01-06 23:34:41,0,,,,0,1,1740958481000000000
2935,2025-01-02 02:06:58,Organic,USA,2,6.0,0,,,0,,,,0,1,1740881218000000000
2936,2025-03-07 03:44:41,Organic,Germany,5,30.0,1,1.0,2025-03-08 03:44:41,0,,,,0,1,1745639081000000000
2937,2025-01-24 03:03:17,Ads,USA,5,22.5,1,2.0,2025-01-26 03:03:17,0,,,,0,0,
2938,2025-01-24 18:46:20,Ads,India,6,27.0,1,1.0,2025-01-25 18:46:20,0,,,,0,1,1739990780000000000
2939,2025-02-09 19:29:42,Ads,India,8,48.0,1,2.0,2025-02-11 19:29:42,0,,,,0,1,1742930982000000000
2940,2025-02-21 04:43:28,Referral,UK,3,12.0,0,,,0,,,,0,0,
2941,2025-01-10 17:56:26,Referral,UK,4,18.0,1,3.0,2025-01-13 17:56:26,0,,,,0,0,
2942,2025-02-20 18:50:14,Organic,India,5,22.5,1,1.0,2025-02-21 18:50:14,1,8.0,2025-02-28 18:50:14,Basic,50,1,1743533414000000000
2943,2025-03-03 22:52:07,Organic,India,6,18.0,1,1.0,2025-03-04 22:52:07,1,7.0,2025-03-10 22:52:07,Basic,50,0,
2944,2025-03-13 15:22:35,Organic,USA,5,20.0,0,,,0,,,,0,1,1743693755000000000
2945,2025-01-18 06:48:13,Ads,USA,5,15.0,0,,,0,,,,0,1,1739515693000000000
2946,2025-01-30 12:41:54,Ads,India,6,24.0,0,,,0,,,,0,1,1740141714000000000
2947,2025-03-24 08:45:55,Ads,USA,9,40.5,1,3.0,2025-03-27 08:45:55,0,,,,0,0,
2948,2025-03-25 15:23:05,Organic,India,6,12.0,0,,,0,,,,0,1,1746804185000000000
2949,2025-03-06 02:35:17,Organic,Germany,7,42.0,1,3.0,2025-03-09 02:35:17,0,,,,0,0,
2950,2025-01-14 00:28:25,Organic,India,6,18.0,1,3.0,2025-01-17 00:28:25,0,,,,0,0,
2951,2025-03-03 00:58:07,Ads,UK,6,27.0,1,1.0,2025-03-04 00:58:07,1,11.0,2025-03-14 00:58:07,Pro,120,0,
2952,2025-02-05 22:45:58,Organic,USA,7,42.0,1,2.0,2025-02-07 22:45:58,1,7.0,2025-02-12 22:45:58,Basic,50,0,
2953,2025-02-26 14:06:36,Organic,India,2,6.0,1,2.0,2025-02-28 14:06:36,0,,,,0,1,1742738796000000000
2954,2025-03-06 08:14:37,Organic,USA,8,36.0,1,1.0,2025-03-07 08:14:37,0,,,,0,1,1745655277000000000
2955,2025-03-02 19:46:43,Ads,India,3,6.0,0,,,0,,,,0,1,1742327203000000000
2956,2025-03-25 05:00:23,Organic,UK,3,6.0,0,,,0,,,,0,1,1746507623000000000
2957,2025-02-07 17:01:24,Referral,USA,4,18.0,1,3.0,2025-02-10 17:01:24,0,,,,0,0,
2958,2025-03-22 04:04:48,Ads,India,8,24.0,0,,,0,,,,0,1,1747454688000000000
2959,2025-01-03 08:47:31,Ads,India,5,30.0,1,1.0,2025-01-04 08:47:31,0,,,,0,0,
2960,2025-01-23 22:04:50,Ads,UK,5,15.0,1,3.0,2025-01-26 22:04:50,0,,,,0,0,
2961,2025-02-09 15:12:08,Organic,India,9,36.0,0,,,0,,,,0,1,1740582728000000000
2962,2025-02-24 23:25:59,Organic,USA,3,9.0,0,,,0,,,,0,0,
2963,2025-03-27 14:04:16,Referral,India,6,18.0,0,,,0,,,,0,1,1746885856000000000
2964,2025-01-05 16:02:02,Ads,Germany,8,24.0,1,2.0,2025-01-07 16:02:02,0,,,,0,1,1740499322000000000
2965,2025-03-29 16:03:17,Referral,USA,11,49.5,1,3.0,2025-04-01 16:03:17,1,11.0,2025-04-09 16:03:17,Basic,50,0,
2966,2025-03-15 14:31:04,Ads,UK,4,12.0,1,1.0,2025-03-16 14:31:04,1,11.0,2025-03-26 14:31:04,Pro,120,0,
2967,2025-02-22 21:57:23,Organic,India,6,24.0,0,,,0,,,,0,0,
2968,2025-02-19 21:26:36,Organic,India,4,12.0,1,2.0,2025-02-21 21:26:36,0,,,,0,0,
2969,2025-03-15 15:41:36,Ads,India,4,18.0,1,1.0,2025-03-16 15:41:36,0,,,,0,1,1744731696000000000
2970,2025-03-30 17:34:51,Organic,India,7,28.0,0,,,0,,,,0,1,1747589691000000000
2971,2025-03-01 23:10:57,Organic,UK,8,32.0,0,,,1,10.0,2025-03-11 23:10:57,Pro,120,0,
2972,2025-03-23 05:16:43,Referral,USA,3,9.0,1,3.0,2025-03-26 05:16:43,1,13.0,2025-04-05 05:16:43,Basic,50,0,
2973,2025-03-17 23:25:56,Organic,India,5,30.0,1,2.0,2025-03-19 23:25:56,0,,,,0,0,
2974,2025-03-20 03:44:43,Organic,UK,4,12.0,1,1.0,2025-03-21 03:44:43,0,,,,0,1,1746071083000000000
2975,2025-03-06 03:16:42,Referral,India,2,12.0,1,2.0,2025-03-08 03:16:42,0,,,,0,0,
2976,2025-03-16 09:13:03,Referral,India,8,24.0,0,,,0,,,,0,1,1745572383000000000
2977,2025-02-17 04:41:56,Organic,Canada,2,9.0,1,1.0,2025-02-18 04:41:56,0,,,,0,1,1742791316000000000
2978,2025-03-22 08:10:47,Referral,USA,5,15.0,0,,,0,,,,0,0,
2979,2025-02-28 07:14:45,Referral,USA,0,0.0,0,,,0,,,,0,1,1742109285000000000
2980,2025-02-20 11:04:39,Organic,India,3,13.5,1,3.0,2025-02-23 11:04:39,0,,,,0,1,1741431879000000000
2981,2025-01-25 04:42:25,Organic,India,11,49.5,1,2.0,2025-01-27 04:42:25,1,9.0,2025-02-03 04:42:25,Basic,50,0,
2982,2025-01-23 02:13:22,Organic,India,4,18.0,1,1.0,2025-01-24 02:13:22,0,,,,0,1,1741140802000000000
2983,2025-03-26 21:28:21,Ads,Canada,6,24.0,0,,,0,,,,0,0,
2984,2025-01-18 22:01:15,Organic,USA,5,30.0,1,2.0,2025-01-20 22:01:15,0,,,,0,1,1738706475000000000
2985,2025-01-06 17:12:28,Referral,India,6,27.0,1,3.0,2025-01-09 17:12:28,1,14.0,2025-01-20 17:12:28,Pro,120,1,1738775548000000000
2986,2025-03-30 12:14:49,Ads,Canada,8,36.0,1,2.0,2025-04-01 12:14:49,1,10.0,2025-04-09 12:14:49,Pro,120,0,
2987,2025-02-18 06:02:42,Ads,USA,6,18.0,0,,,0,,,,0,1,1744351362000000000
2988,2025-02-13 08:01:25,Referral,UK,5,30.0,1,2.0,2025-02-15 08:01:25,0,,,,0,1,1743148885000000000
2989,2025-03-17 11:17:25,Referral,India,9,40.5,1,3.0,2025-03-20 11:17:25,0,,,,0,0,
2990,2025-03-19 10:18:41,Organic,India,3,9.0,1,3.0,2025-03-22 10:18:41,0,,,,0,0,
2991,2025-03-17 17:21:47,Organic,India,4,18.0,1,3.0,2025-03-20 17:21:47,0,,,,0,1,1746984107000000000
2992,2025-03-25 15:49:21,Ads,India,6,18.0,1,1.0,2025-03-26 15:49:21,1,8.0,2025-04-02 15:49:21,Basic,50,0,
2993,2025-03-22 08:08:05,Organic,UK,7,42.0,1,2.0,2025-03-24 08:08:05,0,,,,0,0,
2994,2025-02-26 19:24:00,Organic,UK,5,30.0,1,3.0,2025-03-01 19:24:00,1,11.0,2025-03-09 19:24:00,Basic,50,0,
2995,2025-03-08 14:30:58,Ads,USA,3,6.0,0,,,0,,,,0,1,1746369058000000000
2996,2025-01-10 00:50:41,Referral,Canada,4,16.0,0,,,0,,,,0,1,1738025441000000000
2997,2025-02-21 16:35:34,Organic,India,3,9.0,1,2.0,2025-02-23 16:35:34,0,,,,0,1,1744475734000000000
2998,2025-01-18 23:43:25,Ads,Germany,3,6.0,0,,,0,,,,0,1,1739922205000000000
2999,2025-03-18 11:16:03,Organic,Germany,2,9.0,1,3.0,2025-03-21 11:16:03,0,,,,0,1,1746875763000000000
3000,2025-03-18 23:32:23,Ads,USA,4,18.0,1,3.0,2025-03-21 23:32:23,0,,,,0,0,
3001,2025-01-20 17:29:57,Organic,India,2,12.0,1,3.0,2025-01-23 17:29:57,1,13.0,2025-02-02 17:29:57,Basic,50,0,
3002,2025-03-28 23:45:47,Referral,UK,3,9.0,0,,,0,,,,0,0,
3003,2025-02-13 14:01:29,Organic,India,3,18.0,1,1.0,2025-02-14 14:01:29,0,,,,0,0,
3004,2025-01-30 12:42:11,Ads,UK,8,32.0,0,,,0,,,,0,1,1740400931000000000
3005,2025-02-06 04:49:08,Organic,India,4,16.0,0,,,1,5.0,2025-02-11 04:49:08,Pro,120,1,1743050948000000000
3006,2025-03-15 07:31:24,Organic,USA,6,36.0,1,3.0,2025-03-18 07:31:24,0,,,,0,1,1745047884000000000
3007,2025-01-10 15:57:16,Organic,USA,6,18.0,1,2.0,2025-01-12 15:57:16,0,,,,0,0,
3008,2025-01-28 10:17:02,Organic,India,6,18.0,1,3.0,2025-01-31 10:17:02,1,8.0,2025-02-05 10:17:02,Basic,50,0,
3009,2025-02-16 07:24:30,Organic,India,1,4.5,1,1.0,2025-02-17 07:24:30,0,,,,0,1,1741850670000000000
3010,2025-03-27 06:00:24,Organic,India,3,18.0,1,2.0,2025-03-29 06:00:24,1,7.0,2025-04-03 06:00:24,Basic,50,0,
3011,2025-01-28 15:24:38,Ads,USA,4,12.0,1,1.0,2025-01-29 15:24:38,0,,,,0,0,
3012,2025-02-03 09:03:11,Ads,Canada,3,6.0,0,,,0,,,,0,0,
3013,2025-03-05 08:48:41,Organic,India,5,15.0,1,3.0,2025-03-08 08:48:41,0,,,,0,0,
3014,2025-02-18 09:13:33,Ads,UK,9,54.0,1,2.0,2025-02-20 09:13:33,0,,,,0,1,1743066813000000000
3015,2025-02-10 11:16:45,Organic,India,6,18.0,1,2.0,2025-02-12 11:16:45,0,,,,0,1,1740827805000000000
3016,2025-02-27 06:36:40,Ads,UK,4,18.0,1,2.0,2025-03-01 06:36:40,0,,,,0,0,
3017,2025-03-16 06:20:38,Organic,Germany,7,28.0,0,,,0,,,,0,0,
3018,2025-01-16 02:38:07,Ads,India,4,18.0,1,1.0,2025-01-17 02:38:07,1,11.0,2025-01-27 02:38:07,Basic,50,0,
3019,2025-03-03 11:24:59,Organic,Germany,7,21.0,1,1.0,2025-03-04 11:24:59,0,,,,0,0,
3020,2025-01-04 13:43:43,Referral,USA,4,16.0,0,,,0,,,,0,1,1740577423000000000
3021,2025-02-12 05:09:31,Organic,India,2,6.0,1,2.0,2025-02-14 05:09:31,0,,,,0,0,
3022,2025-02-08 03:48:23,Organic,Canada,8,24.0,1,1.0,2025-02-09 03:48:23,0,,,,0,1,1741578503000000000
3023,2025-01-27 06:01:55,Organic,India,3,9.0,1,3.0,2025-01-30 06:01:55,0,,,,0,1,1742191315000000000
3024,2025-01-14 18:40:02,Referral,India,4,18.0,1,1.0,2025-01-15 18:40:02,0,,,,0,0,
3025,2025-03-11 10:10:23,Ads,USA,10,60.0,1,1.0,2025-03-12 10:10:23,1,11.0,2025-03-22 10:10:23,Basic,50,0,
3026,2025-03-24 20:42:05,Ads,UK,6,36.0,1,1.0,2025-03-25 20:42:05,0,,,,0,0,
3027,2025-01-14 06:38:36,Referral,UK,3,12.0,0,,,0,,,,0,1,1741934316000000000
3028,2025-02-04 05:16:06,Referral,India,2,12.0,1,2.0,2025-02-06 05:16:06,1,13.0,2025-02-17 05:16:06,Basic,50,0,
3029,2025-02-13 15:59:23,Ads,Germany,2,9.0,1,1.0,2025-02-14 15:59:23,0,,,,0,1,1741795163000000000
3030,2025-03-16 23:34:10,Organic,UK,3,12.0,0,,,0,,,,0,1,1743464050000000000
3031,2025-01-04 14:12:55,Referral,Germany,6,27.0,1,2.0,2025-01-06 14:12:55,0,,,,0,1,1738505575000000000
3032,2025-01-25 14:40:53,Organic,India,7,42.0,1,1.0,2025-01-26 14:40:53,0,,,,0,0,
3033,2025-01-15 17:08:20,Ads,UK,3,13.5,1,2.0,2025-01-17 17:08:20,0,,,,0,0,
3034,2025-02-12 08:35:31,Ads,Canada,5,15.0,1,2.0,2025-02-14 08:35:31,0,,,,0,1,1742891731000000000
3035,2025-03-02 15:10:31,Ads,India,5,15.0,1,2.0,2025-03-04 15:10:31,0,,,,0,1,1745680231000000000
3036,2025-02-20 18:54:47,Ads,Germany,6,27.0,1,3.0,2025-02-23 18:54:47,0,,,,0,0,
3037,2025-02-14 11:20:11,Ads,India,5,22.5,1,3.0,2025-02-17 11:20:11,1,9.0,2025-02-23 11:20:11,Basic,50,0,
3038,2025-03-15 00:50:08,Referral,India,6,27.0,1,1.0,2025-03-16 00:50:08,0,,,,0,1,1743382208000000000
3039,2025-01-12 18:03:36,Organic,Germany,6,27.0,1,1.0,2025-01-13 18:03:36,0,,,,0,0,
3040,2025-03-23 08:30:21,Organic,Germany,7,42.0,1,1.0,2025-03-24 08:30:21,0,,,,0,0,
3041,2025-03-12 22:09:24,Ads,India,2,12.0,1,1.0,2025-03-13 22:09:24,0,,,,0,1,1746914964000000000
3042,2025-02-26 06:50:59,Referral,India,8,24.0,1,1.0,2025-02-27 06:50:59,0,,,,0,1,1745477459000000000
3043,2025-01-27 18:49:41,Organic,UK,4,12.0,1,3.0,2025-01-30 18:49:41,1,6.0,2025-02-02 18:49:41,Basic,50,1,1740509381000000000
3044,2025-03-01 01:12:53,Organic,Germany,4,24.0,1,1.0,2025-03-02 01:12:53,0,,,,0,1,1742692373000000000
3045,2025-03-03 07:59:13,Organic,USA,6,27.0,1,1.0,2025-03-04 07:59:13,1,13.0,2025-03-16 07:59:13,Basic,50,0,
3046,2025-02-09 09:37:11,Organic,USA,4,12.0,0,,,0,,,,0,1,1743241031000000000
3047,2025-03-09 19:30:46,Referral,UK,5,22.5,1,3.0,2025-03-12 19:30:46,0,,,,0,0,
3048,2025-03-11 20:10:07,Ads,India,8,32.0,0,,,0,,,,0,1,1745093407000000000
3049,2025-02-07 19:08:16,Ads,Germany,6,36.0,1,1.0,2025-02-08 19:08:16,0,,,,0,1,1743188896000000000
3050,2025-02-22 22:02:28,Ads,India,5,15.0,1,3.0,2025-02-25 22:02:28,0,,,,0,1,1744236148000000000
3051,2025-02-18 16:03:23,Ads,USA,4,12.0,1,2.0,2025-02-20 16:03:23,1,7.0,2025-02-25 16:03:23,Basic,50,0,
3052,2025-02-08 16:17:41,Organic,USA,5,15.0,1,3.0,2025-02-11 16:17:41,1,11.0,2025-02-19 16:17:41,Basic,50,0,
3053,2025-02-24 17:25:07,Organic,USA,6,24.0,0,,,0,,,,0,0,
3054,2025-03-27 04:13:21,Organic,UK,1,4.0,0,,,0,,,,0,0,
3055,2025-01-31 06:36:44,Organic,Germany,5,30.0,1,1.0,2025-02-01 06:36:44,1,10.0,2025-02-10 06:36:44,Pro,120,1,1742711804000000000
3056,2025-02-19 21:58:37,Organic,UK,2,9.0,1,2.0,2025-02-21 21:58:37,1,9.0,2025-02-28 21:58:37,Basic,50,0,
3057,2025-01-23 22:37:23,Organic,UK,10,20.0,0,,,0,,,,0,1,1740955043000000000
3058,2025-01-20 14:02:08,Organic,India,3,6.0,0,,,0,,,,0,0,
3059,2025-02-09 12:14:14,Organic,Canada,7,21.0,1,1.0,2025-02-10 12:14:14,0,,,,0,1,1741695254000000000
3060,2025-03-11 06:53:37,Ads,India,10,45.0,1,1.0,2025-03-12 06:53:37,0,,,,0,1,1743317617000000000
3061,2025-02-07 20:23:29,Organic,India,4,24.0,1,3.0,2025-02-10 20:23:29,0,,,,0,0,
3062,2025-01-03 11:50:00,Referral,India,6,18.0,1,1.0,2025-01-04 11:50:00,0,,,,0,1,1740829800000000000
3063,2025-03-26 18:26:28,Organic,UK,6,12.0,0,,,0,,,,0,1,1748024788000000000
3064,2025-01-31 18:03:45,Ads,Germany,7,21.0,0,,,0,,,,0,1,1742148225000000000
3065,2025-03-12 03:19:54,Referral,UK,6,18.0,1,3.0,2025-03-15 03:19:54,0,,,,0,1,1745983194000000000
3066,2025-02-08 11:31:04,Referral,India,7,31.5,1,1.0,2025-02-09 11:31:04,0,,,,0,1,1741087864000000000
3067,2025-02-23 02:00:40,Referral,India,7,21.0,1,2.0,2025-02-25 02:00:40,0,,,,0,1,1741744840000000000
3068,2025-02-11 14:20:58,Organic,USA,6,27.0,1,2.0,2025-02-13 14:20:58,0,,,,0,1,1741962058000000000
3069,2025-02-23 01:24:18,Organic,India,8,32.0,0,,,0,,,,0,0,
3070,2025-01-25 17:06:59,Organic,India,2,6.0,0,,,0,,,,0,1,1742836019000000000
3071,2025-01-21 05:10:21,Organic,UK,3,12.0,0,,,0,,,,0,1,1741583421000000000
3072,2025-02-18 18:06:17,Organic,Germany,9,18.0,0,,,0,,,,0,1,1742061977000000000
3073,2025-02-18 23:05:39,Referral,USA,11,66.0,1,1.0,2025-02-19 23:05:39,1,5.0,2025-02-23 23:05:39,Pro,120,1,1742684739000000000
3074,2025-01-15 09:43:45,Ads,India,6,18.0,1,1.0,2025-01-16 09:43:45,1,8.0,2025-01-23 09:43:45,Basic,50,1,1738403025000000000
3075,2025-01-03 16:56:22,Ads,Canada,3,6.0,0,,,0,,,,0,0,
3076,2025-03-21 22:21:57,Referral,UK,6,36.0,1,2.0,2025-03-23 22:21:57,0,,,,0,1,1746915717000000000
3077,2025-03-12 17:57:54,Ads,Canada,6,18.0,1,2.0,2025-03-14 17:57:54,0,,,,0,1,1746381474000000000
3078,2025-02-25 15:51:49,Ads,India,6,12.0,0,,,0,,,,0,0,
3079,2025-02-13 05:37:46,Ads,USA,4,24.0,1,3.0,2025-02-16 05:37:46,1,10.0,2025-02-23 05:37:46,Basic,50,1,1743658666000000000
3080,2025-01-19 07:47:26,Organic,Germany,5,15.0,1,2.0,2025-01-21 07:47:26,0,,,,0,1,1739951246000000000
3081,2025-01-09 09:45:31,Organic,India,8,32.0,0,,,0,,,,0,1,1740563131000000000
3082,2025-01-21 18:24:51,Referral,UK,5,30.0,1,3.0,2025-01-24 18:24:51,0,,,,0,1,1739471091000000000
3083,2025-03-15 12:49:45,Referral,India,7,21.0,1,1.0,2025-03-16 12:49:45,1,7.0,2025-03-22 12:49:45,Basic,50,1,1743943785000000000
3084,2025-02-27 07:34:35,Referral,USA,8,24.0,0,,,0,,,,0,1,1743233675000000000
3085,2025-02-15 02:56:46,Organic,Canada,3,18.0,1,2.0,2025-02-17 02:56:46,0,,,,0,0,
3086,2025-02-04 12:27:28,Referral,USA,9,27.0,1,3.0,2025-02-07 12:27:28,0,,,,0,0,
3087,2025-02-26 06:33:13,Organic,Canada,5,15.0,1,2.0,2025-02-28 06:33:13,0,,,,0,0,
3088,2025-02-03 07:28:37,Organic,USA,7,21.0,0,,,0,,,,0,1,1740036517000000000
3089,2025-02-21 20:53:37,Organic,Germany,8,48.0,1,3.0,2025-02-24 20:53:37,0,,,,0,1,1743972817000000000
3090,2025-02-19 13:22:52,Organic,USA,4,18.0,1,3.0,2025-02-22 13:22:52,0,,,,0,1,1744550572000000000
3091,2025-03-27 08:30:26,Organic,India,4,16.0,0,,,0,,,,0,1,1745829026000000000
3092,2025-01-24 15:30:37,Organic,USA,2,6.0,1,1.0,2025-01-25 15:30:37,0,,,,0,0,
3093,2025-02-20 18:20:07,Organic,UK,5,30.0,1,2.0,2025-02-22 18:20:07,0,,,,0,1,1744568407000000000
3094,2025-03-03 04:51:53,Organic,Canada,3,9.0,1,1.0,2025-03-04 04:51:53,0,,,,0,1,1745124713000000000
3095,2025-02-13 04:59:09,Ads,USA,4,12.0,1,1.0,2025-02-14 04:59:09,1,9.0,2025-02-22 04:59:09,Basic,50,0,
3096,2025-02-05 17:43:41,Ads,USA,3,9.0,0,,,0,,,,0,0,
3097,2025-03-03 12:52:21,Organic,Canada,7,21.0,1,2.0,2025-03-05 12:52:21,1,12.0,2025-03-15 12:52:21,Pro,120,0,
3098,2025-02-02 11:06:42,Organic,Canada,5,22.5,1,2.0,2025-02-04 11:06:42,0,,,,0,0,
3099,2025-02-18 02:47:43,Ads,UK,7,42.0,1,3.0,2025-02-21 02:47:43,0,,,,0,0,
3100,2025-02-21 22:43:18,Ads,Canada,7,28.0,0,,,0,,,,0,1,1741560198000000000
3101,2025-01-19 16:08:45,Organic,USA,2,6.0,1,1.0,2025-01-20 16:08:45,1,14.0,2025-02-02 16:08:45,Basic,50,0,
3102,2025-02-11 19:32:24,Ads,India,3,13.5,1,1.0,2025-02-12 19:32:24,1,6.0,2025-02-17 19:32:24,Basic,50,0,
3103,2025-01-14 00:59:58,Referral,India,2,9.0,1,2.0,2025-01-16 00:59:58,0,,,,0,1,1741395598000000000
3104,2025-02-01 15:17:40,Organic,Germany,7,21.0,1,3.0,2025-02-04 15:17:40,0,,,,0,0,
3105,2025-03-12 01:32:18,Organic,India,6,27.0,1,1.0,2025-03-13 01:32:18,0,,,,0,1,1744162338000000000
3106,2025-03-23 23:56:49,Organic,USA,5,30.0,1,2.0,2025-03-25 23:56:49,1,9.0,2025-04-01 23:56:49,Pro,120,1,1744415809000000000
3107,2025-03-13 22:48:58,Ads,Germany,6,18.0,0,,,0,,,,0,1,1744670938000000000
3108,2025-03-21 02:59:13,Organic,India,11,44.0,0,,,0,,,,0,1,1744426753000000000
3109,2025-02-17 15:09:22,Organic,Canada,7,31.5,1,1.0,2025-02-18 15:09:22,0,,,,0,0,
3110,2025-01-20 17:09:37,Organic,Canada,5,30.0,1,2.0,2025-01-22 17:09:37,1,8.0,2025-01-28 17:09:37,Basic,50,0,
3111,2025-01-15 11:55:57,Referral,Germany,1,3.0,1,1.0,2025-01-16 11:55:57,0,,,,0,1,1739188557000000000
3112,2025-02-19 18:01:55,Ads,India,5,30.0,1,3.0,2025-02-22 18:01:55,0,,,,0,1,1742234515000000000
3113,2025-02-08 13:34:09,Ads,India,2,12.0,1,1.0,2025-02-09 13:34:09,1,9.0,2025-02-17 13:34:09,Basic,50,0,
3114,2025-01-18 06:04:47,Referral,Germany,9,36.0,0,,,0,,,,0,1,1741759487000000000
3115,2025-02-24 04:33:13,Organic,India,6,18.0,1,3.0,2025-02-27 04:33:13,1,13.0,2025-03-09 04:33:13,Basic,50,0,
3116,2025-01-11 16:26:00,Referral,USA,7,21.0,1,1.0,2025-01-12 16:26:00,0,,,,0,1,1741191960000000000
3117,2025-02-16 22:57:05,Ads,UK,2,9.0,1,3.0,2025-02-19 22:57:05,0,,,,0,1,1744325825000000000
3118,2025-03-24 18:46:48,Organic,India,3,9.0,1,2.0,2025-03-26 18:46:48,0,,,,0,1,1744656408000000000
3119,2025-02-11 16:44:44,Referral,Germany,6,36.0,1,2.0,2025-02-13 16:44:44,0,,,,0,1,1742834684000000000
3120,2025-02-04 02:51:33,Referral,UK,6,36.0,1,2.0,2025-02-06 02:51:33,1,11.0,2025-02-15 02:51:33,Basic,50,0,
3121,2025-03-03 00:41:04,Referral,India,2,4.0,0,,,0,,,,0,1,1742690464000000000
3122,2025-02-13 20:29:23,Organic,India,3,9.0,0,,,0,,,,0,1,1741638563000000000
3123,2025-02-14 20:21:50,Referral,India,4,24.0,1,1.0,2025-02-15 20:21:50,0,,,,0,0,
3124,2025-02-06 11:27:09,Referral,India,3,18.0,1,2.0,2025-02-08 11:27:09,1,14.0,2025-02-20 11:27:09,Basic,50,0,
3125,2025-01-27 03:42:56,Organic,UK,4,16.0,0,,,0,,,,0,1,1741578176000000000
3126,2025-02-08 23:34:05,Organic,India,1,3.0,0,,,0,,,,0,1,1743377645000000000
3127,2025-03-30 08:20:31,Organic,India,5,10.0,0,,,0,,,,0,0,
3128,2025-02-26 13:35:49,Referral,Germany,4,24.0,1,3.0,2025-03-01 13:35:49,0,,,,0,0,
3129,2025-03-02 00:29:33,Ads,USA,8,48.0,1,3.0,2025-03-05 00:29:33,0,,,,0,1,1742689773000000000
3130,2025-02-20 05:34:52,Organic,India,5,10.0,0,,,0,,,,0,1,1741930492000000000
3131,2025-02-25 22:24:51,Organic,Germany,6,27.0,1,3.0,2025-02-28 22:24:51,0,,,,0,1,1744410291000000000
3132,2025-01-31 11:16:18,Organic,India,3,9.0,1,3.0,2025-02-03 11:16:18,0,,,,0,1,1742555778000000000
3133,2025-03-22 19:28:34,Ads,Germany,8,24.0,1,1.0,2025-03-23 19:28:34,0,,,,0,1,1746127714000000000
3134,2025-01-12 05:03:36,Organic,UK,4,18.0,1,2.0,2025-01-14 05:03:36,0,,,,0,0,
3135,2025-02-18 19:35:33,Referral,UK,5,15.0,1,1.0,2025-02-19 19:35:33,0,,,,0,1,1742672133000000000
3136,2025-01-15 11:29:16,Ads,UK,2,9.0,1,3.0,2025-01-18 11:29:16,1,6.0,2025-01-21 11:29:16,Basic,50,0,
3137,2025-01-18 05:53:56,Ads,USA,4,12.0,1,3.0,2025-01-21 05:53:56,0,,,,0,1,1740203636000000000
3138,2025-02-03 05:08:49,Organic,Canada,9,40.5,1,1.0,2025-02-04 05:08:49,0,,,,0,1,1741583329000000000
3139,2025-03-29 18:59:19,Organic,Canada,6,18.0,1,1.0,2025-03-30 18:59:19,0,,,,0,1,1746817159000000000
3140,2025-03-25 02:12:36,Organic,India,0,0.0,0,,,0,,,,0,0,
3141,2025-01-21 22:36:17,Organic,USA,4,12.0,1,3.0,2025-01-24 22:36:17,0,,,,0,0,
3142,2025-01-13 08:05:23,Organic,Canada,3,9.0,1,2.0,2025-01-15 08:05:23,0,,,,0,1,1740989123000000000
3143,2025-01-20 22:00:56,Referral,USA,4,12.0,1,3.0,2025-01-23 22:00:56,1,11.0,2025-01-31 22:00:56,Basic,50,0,
3144,2025-01-07 10:28:30,Organic,Canada,5,22.5,1,1.0,2025-01-08 10:28:30,1,13.0,2025-01-20 10:28:30,Pro,120,0,
3145,2025-01-12 03:49:23,Organic,USA,4,24.0,1,1.0,2025-01-13 03:49:23,0,,,,0,1,1737949763000000000
3146,2025-02-04 20:48:59,Organic,USA,5,15.0,0,,,0,,,,0,1,1743108539000000000
3147,2025-03-08 06:19:55,Organic,India,6,24.0,0,,,0,,,,0,1,1742797195000000000
3148,2025-02-18 15:17:51,Referral,India,4,24.0,1,3.0,2025-02-21 15:17:51,1,14.0,2025-03-04 15:17:51,Basic,50,1,1743002271000000000
3149,2025-02-16 19:01:19,Organic,USA,4,8.0,0,,,0,,,,0,1,1744138879000000000
3150,2025-02-12 14:44:47,Organic,USA,7,21.0,1,3.0,2025-02-15 14:44:47,1,13.0,2025-02-25 14:44:47,Pro,120,0,
3151,2025-01-27 21:08:43,Ads,USA,7,21.0,1,3.0,2025-01-30 21:08:43,0,,,,0,1,1741727323000000000
3152,2025-03-05 02:16:44,Organic,UK,0,0.0,0,,,0,,,,0,0,
3153,2025-02-14 20:29:18,Organic,UK,8,32.0,0,,,0,,,,0,1,1740860958000000000
3154,2025-01-15 01:01:01,Organic,Canada,7,31.5,1,1.0,2025-01-16 01:01:01,0,,,,0,1,1741827661000000000
3155,2025-02-24 22:32:51,Organic,India,2,6.0,1,2.0,2025-02-26 22:32:51,0,,,,0,1,1743201171000000000
3156,2025-01-03 21:52:17,Organic,USA,12,72.0,1,2.0,2025-01-05 21:52:17,0,,,,0,1,1738533137000000000
3157,2025-01-21 07:48:44,Organic,India,8,36.0,1,3.0,2025-01-24 07:48:44,0,,,,0,1,1742111324000000000
3158,2025-01-10 17:45:31,Referral,USA,5,15.0,0,,,0,,,,0,0,
3159,2025-01-11 00:10:45,Organic,India,6,27.0,1,2.0,2025-01-13 00:10:45,0,,,,0,0,
3160,2025-01-17 12:42:07,Ads,India,9,27.0,1,2.0,2025-01-19 12:42:07,0,,,,0,1,1739536927000000000
3161,2025-03-01 09:01:16,Ads,India,8,16.0,0,,,0,,,,0,1,1742806876000000000
3162,2025-01-06 10:51:22,Ads,India,5,30.0,1,2.0,2025-01-08 10:51:22,0,,,,0,1,1739443882000000000
3163,2025-01-23 05:41:17,Organic,USA,5,20.0,0,,,1,6.0,2025-01-29 05:41:17,Pro,120,1,1740721277000000000
3164,2025-02-19 05:54:09,Organic,Germany,3,12.0,0,,,0,,,,0,1,1745042049000000000
3165,2025-03-29 16:03:07,Ads,India,11,33.0,0,,,0,,,,0,1,1747497787000000000
3166,2025-03-17 09:49:10,Ads,UK,3,18.0,1,2.0,2025-03-19 09:49:10,1,14.0,2025-03-31 09:49:10,Basic,50,0,
3167,2025-03-23 05:42:42,Ads,USA,4,12.0,1,3.0,2025-03-26 05:42:42,1,12.0,2025-04-04 05:42:42,Basic,50,0,
3168,2025-03-26 06:28:46,Organic,India,5,15.0,1,3.0,2025-03-29 06:28:46,0,,,,0,0,
3169,2025-02-09 21:43:14,Referral,India,6,18.0,1,1.0,2025-02-10 21:43:14,0,,,,0,1,1742334194000000000
3170,2025-03-14 19:28:18,Organic,India,4,18.0,1,2.0,2025-03-16 19:28:18,1,9.0,2025-03-23 19:28:18,Basic,50,0,
3171,2025-01-19 16:49:37,Organic,UK,4,18.0,1,1.0,2025-01-20 16:49:37,0,,,,0,1,1741279777000000000
3172,2025-02-10 13:35:05,Organic,India,2,9.0,1,1.0,2025-02-11 13:35:05,0,,,,0,1,1743687305000000000
3173,2025-02-10 15:44:24,Organic,India,4,12.0,1,2.0,2025-02-12 15:44:24,0,,,,0,1,1740584664000000000
3174,2025-03-17 17:12:33,Organic,India,2,6.0,1,3.0,2025-03-20 17:12:33,1,12.0,2025-03-29 17:12:33,Pro,120,1,1743959553000000000
3175,2025-01-12 06:19:41,Ads,USA,2,6.0,1,1.0,2025-01-13 06:19:41,1,6.0,2025-01-18 06:19:41,Basic,50,0,
3176,2025-02-06 01:46:50,Referral,UK,5,30.0,1,1.0,2025-02-07 01:46:50,1,9.0,2025-02-15 01:46:50,Basic,50,1,1742435210000000000
3177,2025-01-18 06:20:33,Referral,India,3,18.0,1,1.0,2025-01-19 06:20:33,0,,,,0,1,1739082033000000000
3178,2025-02-26 15:59:56,Organic,USA,3,6.0,0,,,0,,,,0,0,
3179,2025-01-18 18:04:14,Ads,USA,5,15.0,0,,,0,,,,0,1,1740938654000000000
3180,2025-03-25 07:22:31,Organic,India,5,30.0,1,3.0,2025-03-28 07:22:31,1,14.0,2025-04-08 07:22:31,Basic,50,0,
3181,2025-01-24 20:42:54,Organic,India,9,54.0,1,2.0,2025-01-26 20:42:54,0,,,,0,1,1739133774000000000
3182,2025-03-04 11:43:04,Organic,USA,6,12.0,0,,,0,,,,0,0,
3183,2025-02-02 07:05:58,Organic,USA,11,49.5,1,3.0,2025-02-05 07:05:58,0,,,,0,0,
3184,2025-02-14 16:22:42,Organic,UK,10,30.0,1,2.0,2025-02-16 16:22:42,0,,,,0,0,
3185,2025-02-06 22:17:44,Organic,UK,4,8.0,0,,,0,,,,0,0,
3186,2025-03-22 17:56:50,Ads,India,4,18.0,1,2.0,2025-03-24 17:56:50,0,,,,0,0,
3187,2025-01-21 10:25:24,Referral,India,6,18.0,1,1.0,2025-01-22 10:25:24,1,14.0,2025-02-04 10:25:24,Basic,50,1,1742466324000000000
3188,2025-01-15 11:23:52,Organic,USA,3,12.0,0,,,0,,,,0,0,
3189,2025-03-13 21:11:55,Referral,UK,8,36.0,1,3.0,2025-03-16 21:11:55,1,10.0,2025-03-23 21:11:55,Basic,50,0,
3190,2025-01-27 21:10:21,Ads,India,8,32.0,0,,,0,,,,0,1,1741468221000000000
3191,2025-03-27 06:42:53,Ads,Germany,8,24.0,1,3.0,2025-03-30 06:42:53,0,,,,0,1,1747982573000000000
3192,2025-03-13 09:44:18,Ads,USA,4,12.0,0,,,0,,,,0,1,1743241458000000000
3193,2025-01-02 14:11:18,Organic,India,5,30.0,1,2.0,2025-01-04 14:11:18,0,,,,0,1,1740060678000000000
3194,2025-02-07 12:51:27,Referral,UK,3,18.0,1,1.0,2025-02-08 12:51:27,0,,,,0,1,1743857487000000000
3195,2025-01-11 12:41:51,Ads,India,2,8.0,0,,,0,,,,0,0,
3196,2025-03-28 17:46:35,Referral,USA,8,36.0,1,1.0,2025-03-29 17:46:35,0,,,,0,1,1747935995000000000
3197,2025-02-12 22:59:44,Ads,USA,1,4.0,0,,,0,,,,0,1,1742857184000000000
3198,2025-03-22 00:21:23,Referral,India,6,18.0,0,,,0,,,,0,1,1743985283000000000
3199,2025-01-19 17:55:15,Ads,Canada,9,36.0,0,,,0,,,,0,1,1741370115000000000
3200,2025-01-30 23:31:50,Organic,UK,7,31.5,1,1.0,2025-01-31 23:31:50,1,9.0,2025-02-08 23:31:50,Basic,50,0,
3201,2025-01-19 20:08:07,Organic,India,2,12.0,1,2.0,2025-01-21 20:08:07,0,,,,0,0,
3202,2025-03-15 02:06:08,Organic,India,3,9.0,0,,,0,,,,0,1,1745978768000000000
3203,2025-01-12 02:50:12,Organic,India,1,3.0,1,3.0,2025-01-15 02:50:12,0,,,,0,0,
3204,2025-01-05 22:43:07,Organic,Canada,3,9.0,0,,,0,,,,0,0,
3205,2025-03-19 20:27:31,Referral,India,7,31.5,1,3.0,2025-03-22 20:27:31,0,,,,0,1,1747168051000000000
3206,2025-02-12 04:50:59,Ads,USA,6,24.0,0,,,0,,,,0,1,1741236659000000000
3207,2025-03-12 22:13:55,Referral,India,4,24.0,1,3.0,2025-03-15 22:13:55,0,,,,0,0,
3208,2025-03-24 01:31:39,Referral,India,3,9.0,1,3.0,2025-03-27 01:31:39,0,,,,0,1,1745285499000000000
3209,2025-01-18 21:03:33,Ads,UK,2,4.0,0,,,0,,,,0,1,1742245413000000000
3210,2025-01-16 00:27:18,Referral,UK,4,24.0,1,2.0,2025-01-18 00:27:18,1,9.0,2025-01-25 00:27:18,Basic,50,1,1741134438000000000
3211,2025-03-24 13:54:57,Ads,USA,2,4.0,0,,,0,,,,0,1,1744552497000000000
3212,2025-02-23 14:06:28,Referral,UK,5,10.0,0,,,0,,,,0,1,1743861988000000000
3213,2025-01-25 22:22:54,Organic,USA,4,12.0,1,3.0,2025-01-28 22:22:54,1,14.0,2025-02-08 22:22:54,Pro,120,1,1741386174000000000
3214,2025-01-29 03:08:45,Organic,India,8,36.0,1,1.0,2025-01-30 03:08:45,1,14.0,2025-02-12 03:08:45,Basic,50,0,
3215,2025-03-28 02:25:03,Organic,India,7,31.5,1,2.0,2025-03-30 02:25:03,0,,,,0,0,
3216,2025-03-04 18:59:08,Ads,India,2,6.0,1,2.0,2025-03-06 18:59:08,1,13.0,2025-03-17 18:59:08,Pro,120,0,
3217,2025-02-05 19:43:30,Ads,UK,2,4.0,0,,,0,,,,0,0,
3218,2025-01-29 10:14:30,Organic,Germany,3,18.0,1,3.0,2025-02-01 10:14:30,0,,,,0,1,1742552070000000000
3219,2025-01-06 16:00:26,Organic,India,8,16.0,0,,,0,,,,0,1,1739721626000000000
3220,2025-01-04 08:14:19,Referral,India,5,15.0,1,3.0,2025-01-07 08:14:19,0,,,,0,1,1741076059000000000
3221,2025-02-27 23:12:21,Ads,India,7,14.0,0,,,0,,,,0,1,1744326741000000000
3222,2025-03-09 21:43:41,Organic,Canada,9,40.5,1,3.0,2025-03-12 21:43:41,0,,,,0,1,1743543821000000000
3223,2025-02-24 23:22:46,Ads,Canada,10,60.0,1,3.0,2025-02-27 23:22:46,1,14.0,2025-03-10 23:22:46,Basic,50,0,
3224,2025-03-01 06:42:44,Ads,India,5,15.0,1,3.0,2025-03-04 06:42:44,1,14.0,2025-03-15 06:42:44,Basic,50,1,1744699364000000000
3225,2025-01-18 21:30:36,Referral,UK,7,28.0,0,,,0,,,,0,1,1741987836000000000
3226,2025-03-27 20:06:45,Organic,UK,7,21.0,0,,,0,,,,0,0,
3227,2025-02-16 07:30:12,Organic,India,7,42.0,1,1.0,2025-02-17 07:30:12,0,,,,0,1,1742801412000000000
3228,2025-03-04 21:58:21,Organic,USA,6,36.0,1,1.0,2025-03-05 21:58:21,1,13.0,2025-03-17 21:58:21,Basic,50,1,1745186301000000000
3229,2025-01-27 12:21:10,Organic,USA,3,12.0,0,,,0,,,,0,0,
3230,2025-01-07 21:05:05,Referral,India,7,31.5,1,1.0,2025-01-08 21:05:05,0,,,,0,0,
3231,2025-02-19 06:35:41,Organic,USA,4,16.0,0,,,0,,,,0,1,1741242941000000000
3232,2025-02-13 12:23:54,Referral,India,7,21.0,1,3.0,2025-02-16 12:23:54,0,,,,0,1,1742041434000000000
3233,2025-01-31 09:59:48,Organic,USA,3,9.0,1,2.0,2025-02-02 09:59:48,0,,,,0,1,1739699988000000000
3234,2025-03-22 05:45:25,Referral,Canada,3,9.0,1,2.0,2025-03-24 05:45:25,0,,,,0,0,
3235,2025-03-05 09:24:53,Organic,USA,5,15.0,0,,,0,,,,0,1,1743499493000000000
3236,2025-01-03 08:46:06,Referral,India,4,16.0,0,,,0,,,,0,0,
3237,2025-01-06 19:33:40,Referral,India,3,18.0,1,1.0,2025-01-07 19:33:40,0,,,,0,1,1738438420000000000
3238,2025-01-27 01:23:21,Referral,USA,8,36.0,1,2.0,2025-01-29 01:23:21,0,,,,0,0,
3239,2025-03-05 23:50:46,Organic,India,3,12.0,0,,,0,,,,0,1,1743551446000000000
3240,2025-01-20 10:26:01,Organic,USA,5,10.0,0,,,0,,,,0,1,1739269561000000000
3241,2025-01-13 00:23:19,Ads,India,4,24.0,1,2.0,2025-01-15 00:23:19,0,,,,0,1,1741479799000000000
3242,2025-01-08 15:35:02,Organic,UK,4,16.0,0,,,0,,,,0,1,1737646502000000000
3243,2025-03-29 12:35:16,Organic,Canada,0,0.0,0,,,1,12.0,2025-04-10 12:35:16,Basic,50,0,
3244,2025-01-18 19:15:12,Organic,Canada,6,36.0,1,1.0,2025-01-19 19:15:12,0,,,,0,0,
3245,2025-03-03 09:08:28,Ads,India,8,48.0,1,2.0,2025-03-05 09:08:28,0,,,,0,1,1743671308000000000
3246,2025-01-20 23:37:56,Ads,UK,4,16.0,0,,,0,,,,0,1,1740440276000000000
3247,2025-01-16 20:34:33,Organic,India,3,13.5,1,1.0,2025-01-17 20:34:33,1,8.0,2025-01-24 20:34:33,Basic,50,0,
3248,2025-02-18 01:46:25,Organic,UK,1,3.0,1,1.0,2025-02-19 01:46:25,0,,,,0,0,
3249,2025-01-20 12:19:56,Organic,India,4,18.0,1,3.0,2025-01-23 12:19:56,0,,,,0,0,
3250,2025-03-04 20:28:04,Ads,UK,4,18.0,1,2.0,2025-03-06 20:28:04,1,11.0,2025-03-15 20:28:04,Basic,50,1,1742502484000000000
3251,2025-03-21 01:43:16,Organic,USA,7,21.0,1,1.0,2025-03-22 01:43:16,1,11.0,2025-04-01 01:43:16,Basic,50,0,
3252,2025-02-07 13:46:57,Organic,Canada,2,9.0,1,1.0,2025-02-08 13:46:57,0,,,,0,0,
3253,2025-01-09 03:07:16,Referral,UK,9,18.0,0,,,0,,,,0,0,
3254,2025-01-30 10:36:28,Referral,India,6,12.0,0,,,0,,,,0,0,
3255,2025-03-22 09:51:27,Referral,Germany,2,6.0,1,1.0,2025-03-23 09:51:27,1,5.0,2025-03-27 09:51:27,Basic,50,1,1746438687000000000
3256,2025-03-17 20:29:23,Referral,India,4,8.0,0,,,0,,,,0,1,1745180963000000000
3257,2025-01-16 15:35:44,Organic,Germany,4,16.0,0,,,0,,,,0,0,
3258,2025-01-18 22:55:30,Ads,UK,6,12.0,0,,,0,,,,0,1,1740264930000000000
3259,2025-01-12 05:47:28,Organic,Germany,3,13.5,1,1.0,2025-01-13 05:47:28,0,,,,0,0,
3260,2025-02-23 21:50:51,Ads,India,4,12.0,0,,,0,,,,0,1,1743285051000000000
3261,2025-03-19 11:48:26,Organic,India,1,4.0,0,,,0,,,,0,0,
3262,2025-03-04 06:05:50,Ads,UK,4,16.0,0,,,0,,,,0,1,1743141950000000000
3263,2025-03-05 23:24:04,Ads,Germany,7,28.0,0,,,0,,,,0,1,1742945044000000000
3264,2025-01-31 04:16:51,Organic,India,8,36.0,1,3.0,2025-02-03 04:16:51,0,,,,0,1,1740975411000000000
3265,2025-01-20 14:23:59,Ads,India,8,48.0,1,2.0,2025-01-22 14:23:59,0,,,,0,1,1741789439000000000
3266,2025-01-22 04:38:14,Organic,India,6,27.0,1,3.0,2025-01-25 04:38:14,0,,,,0,1,1738903094000000000
3267,2025-02-09 18:46:12,Organic,Canada,3,18.0,1,2.0,2025-02-11 18:46:12,0,,,,0,1,1742064372000000000
3268,2025-01-13 06:15:25,Organic,UK,4,24.0,1,3.0,2025-01-16 06:15:25,0,,,,0,0,
3269,2025-03-22 02:11:15,Organic,India,3,9.0,1,1.0,2025-03-23 02:11:15,0,,,,0,1,1746324675000000000
3270,2025-03-10 13:22:41,Organic,India,8,16.0,0,,,0,,,,0,1,1743427361000000000
3271,2025-01-23 17:26:11,Referral,USA,6,27.0,1,2.0,2025-01-25 17:26:11,1,6.0,2025-01-29 17:26:11,Pro,120,1,1741973171000000000
3272,2025-03-06 03:35:11,Organic,India,5,15.0,1,3.0,2025-03-09 03:35:11,1,5.0,2025-03-11 03:35:11,Pro,120,1,1744860911000000000
3273,2025-02-21 03:35:23,Organic,UK,6,18.0,1,2.0,2025-02-23 03:35:23,1,14.0,2025-03-07 03:35:23,Pro,120,0,
3274,2025-03-07 14:50:57,Organic,USA,12,24.0,0,,,0,,,,0,1,1746456657000000000
3275,2025-03-12 00:42:15,Ads,UK,7,21.0,1,1.0,2025-03-13 00:42:15,1,11.0,2025-03-23 00:42:15,Basic,50,0,
3276,2025-01-07 21:53:38,Ads,Canada,10,30.0,1,2.0,2025-01-09 21:53:38,0,,,,0,0,
3277,2025-02-14 03:45:44,Ads,USA,7,21.0,1,2.0,2025-02-16 03:45:44,1,5.0,2025-02-19 03:45:44,Basic,50,1,1743306344000000000
3278,2025-02-09 18:30:52,Ads,India,10,30.0,1,2.0,2025-02-11 18:30:52,0,,,,0,0,
3279,2025-01-10 10:57:32,Referral,UK,1,4.5,1,2.0,2025-01-12 10:57:32,0,,,,0,1,1738321052000000000
3280,2025-01-23 23:39:17,Referral,India,5,15.0,1,1.0,2025-01-24 23:39:17,0,,,,0,1,1740353957000000000
3281,2025-03-29 22:09:45,Ads,Canada,7,21.0,1,1.0,2025-03-30 22:09:45,0,,,,0,0,
3282,2025-02-26 20:55:05,Organic,India,7,42.0,1,3.0,2025-03-01 20:55:05,0,,,,0,1,1745182505000000000
3283,2025-03-14 13:28:44,Ads,Canada,2,6.0,0,,,0,,,,0,0,
3284,2025-01-17 12:41:20,Ads,India,7,31.5,1,1.0,2025-01-18 12:41:20,0,,,,0,0,
3285,2025-01-13 18:05:28,Ads,India,4,24.0,1,1.0,2025-01-14 18:05:28,1,12.0,2025-01-25 18:05:28,Basic,50,1,1738087528000000000
3286,2025-01-30 04:21:19,Referral,India,5,22.5,1,3.0,2025-02-02 04:21:19,0,,,,0,0,
3287,2025-03-28 20:24:48,Ads,Germany,7,21.0,0,,,0,,,,0,1,1747254288000000000
3288,2025-01-25 07:25:43,Referral,Germany,4,18.0,1,1.0,2025-01-26 07:25:43,0,,,,0,1,1740554743000000000
3289,2025-02-17 09:53:12,Organic,India,4,12.0,1,3.0,2025-02-20 09:53:12,0,,,,0,1,1741686792000000000
3290,2025-03-12 19:57:28,Organic,India,3,9.0,1,3.0,2025-03-15 19:57:28,0,,,,0,1,1743191848000000000
3291,2025-02-01 13:13:36,Organic,India,5,10.0,0,,,0,,,,0,1,1740143616000000000
3292,2025-01-15 09:38:09,Referral,India,7,42.0,1,1.0,2025-01-16 09:38:09,0,,,,0,1,1741426689000000000
3293,2025-01-06 03:02:19,Referral,UK,6,36.0,1,3.0,2025-01-09 03:02:19,1,9.0,2025-01-15 03:02:19,Basic,50,0,
3294,2025-01-13 04:16:47,Ads,USA,6,12.0,0,,,0,,,,0,1,1738297007000000000
3295,2025-02-07 23:56:12,Ads,UK,8,24.0,1,1.0,2025-02-08 23:56:12,0,,,,0,1,1740786972000000000
3296,2025-01-04 12:30:24,Ads,UK,3,9.0,0,,,0,,,,0,1,1739104224000000000
3297,2025-02-21 02:14:33,Referral,USA,7,28.0,0,,,0,,,,0,1,1745115273000000000
3298,2025-02-01 09:16:33,Referral,Canada,8,48.0,1,2.0,2025-02-03 09:16:33,1,14.0,2025-02-15 09:16:33,Basic,50,0,
3299,2025-03-07 11:12:57,Ads,India,6,27.0,1,1.0,2025-03-08 11:12:57,0,,,,0,1,1744024377000000000
3300,2025-02-24 22:41:03,Ads,India,2,12.0,1,2.0,2025-02-26 22:41:03,1,13.0,2025-03-09 22:41:03,Basic,50,0,
3301,2025-03-10 04:06:19,Organic,UK,5,10.0,0,,,0,,,,0,0,
3302,2025-01-27 20:12:04,Ads,India,5,15.0,1,3.0,2025-01-30 20:12:04,0,,,,0,1,1742674324000000000
3303,2025-02-15 09:47:07,Organic,India,7,42.0,1,2.0,2025-02-17 09:47:07,0,,,,0,0,
3304,2025-01-24 23:54:50,Organic,Germany,4,16.0,0,,,0,,,,0,0,
3305,2025-03-07 04:39:18,Referral,USA,5,15.0,1,2.0,2025-03-09 04:39:18,0,,,,0,1,1745037558000000000
3306,2025-02-27 04:57:05,Ads,USA,7,42.0,1,1.0,2025-02-28 04:57:05,1,13.0,2025-03-12 04:57:05,Basic,50,1,1742533025000000000
3307,2025-03-20 16:55:35,Referral,UK,2,12.0,1,2.0,2025-03-22 16:55:35,1,7.0,2025-03-27 16:55:35,Basic,50,0,
3308,2025-01-30 03:42:50,Organic,India,2,9.0,1,3.0,2025-02-02 03:42:50,0,,,,0,0,
3309,2025-02-15 00:31:17,Organic,Germany,5,30.0,1,3.0,2025-02-18 00:31:17,0,,,,0,0,
3310,2025-01-20 23:50:08,Organic,India,3,9.0,1,2.0,2025-01-22 23:50:08,0,,,,0,1,1742341808000000000
3311,2025-02-02 10:15:42,Organic,USA,5,30.0,1,1.0,2025-02-03 10:15:42,0,,,,0,1,1741428942000000000
3312,2025-02-05 17:51:12,Organic,UK,7,28.0,0,,,0,,,,0,1,1742752272000000000
3313,2025-01-13 05:14:35,Organic,USA,6,18.0,1,1.0,2025-01-14 05:14:35,0,,,,0,0,
3314,2025-03-11 15:20:54,Organic,UK,1,2.0,0,,,0,,,,0,0,
3315,2025-02-11 06:06:15,Organic,Germany,6,36.0,1,1.0,2025-02-12 06:06:15,0,,,,0,1,1743055575000000000
3316,2025-03-21 12:57:16,Organic,UK,4,16.0,0,,,0,,,,0,0,
3317,2025-03-28 01:45:54,Ads,India,7,42.0,1,1.0,2025-03-29 01:45:54,1,6.0,2025-04-03 01:45:54,Pro,120,0,
3318,2025-01-12 04:06:28,Organic,USA,6,36.0,1,2.0,2025-01-14 04:06:28,0,,,,0,0,
3319,2025-02-24 23:05:03,Ads,Germany,3,18.0,1,1.0,2025-02-25 23:05:03,0,,,,0,1,1743894303000000000
3320,2025-01-26 00:18:08,Ads,USA,2,8.0,0,,,0,,,,0,0,
3321,2025-01-27 20:34:44,Organic,UK,4,12.0,0,,,0,,,,0,1,1739478884000000000
3322,2025-02-17 12:20:23,Referral,USA,3,6.0,0,,,0,,,,0,1,1741090823000000000
3323,2025-02-02 16:09:48,Ads,India,4,24.0,1,1.0,2025-02-03 16:09:48,0,,,,0,1,1741622988000000000
3324,2025-02-15 08:37:27,Ads,India,4,12.0,1,2.0,2025-02-17 08:37:27,0,,,,0,1,1744706247000000000
3325,2025-02-10 03:33:12,Organic,Germany,1,3.0,0,,,0,,,,0,1,1742182392000000000
3326,2025-01-06 15:25:10,Ads,USA,8,24.0,1,2.0,2025-01-08 15:25:10,1,10.0,2025-01-16 15:25:10,Pro,120,0,
3327,2025-03-15 13:16:26,Referral,India,6,12.0,0,,,0,,,,0,1,1746537386000000000
3328,2025-02-11 09:06:08,Organic,Canada,6,18.0,1,3.0,2025-02-14 09:06:08,0,,,,0,1,1742202368000000000
3329,2025-03-30 01:52:44,Organic,USA,5,22.5,1,1.0,2025-03-31 01:52:44,0,,,,0,1,1746669164000000000
3330,2025-03-09 01:47:30,Organic,UK,3,12.0,0,,,0,,,,0,1,1744249650000000000
3331,2025-02-16 22:30:47,Ads,India,5,22.5,1,3.0,2025-02-19 22:30:47,0,,,,0,1,1744842647000000000
3332,2025-01-20 08:57:59,Organic,Germany,3,9.0,0,,,0,,,,0,1,1739696279000000000
3333,2025-01-21 14:39:12,Ads,USA,6,18.0,0,,,0,,,,0,1,1740321552000000000
3334,2025-03-12 18:01:40,Organic,UK,6,18.0,1,3.0,2025-03-15 18:01:40,0,,,,0,1,1743098500000000000
3335,2025-02-08 02:48:51,Referral,India,7,31.5,1,2.0,2025-02-10 02:48:51,1,11.0,2025-02-19 02:48:51,Pro,120,0,
3336,2025-02-28 16:04:36,Organic,India,1,4.5,1,1.0,2025-03-01 16:04:36,1,7.0,2025-03-07 16:04:36,Pro,120,0,
3337,2025-02-13 13:40:55,Organic,India,4,8.0,0,,,0,,,,0,0,
3338,2025-03-25 22:56:57,Ads,Germany,5,15.0,1,1.0,2025-03-26 22:56:57,0,,,,0,0,
3339,2025-02-20 04:18:38,Organic,India,7,21.0,1,2.0,2025-02-22 04:18:38,1,10.0,2025-03-02 04:18:38,Pro,120,0,
3340,2025-03-22 05:13:17,Organic,UK,3,13.5,1,1.0,2025-03-23 05:13:17,1,12.0,2025-04-03 05:13:17,Basic,50,0,
3341,2025-03-09 07:25:23,Organic,India,4,12.0,1,1.0,2025-03-10 07:25:23,1,5.0,2025-03-14 07:25:23,Basic,50,0,
3342,2025-01-05 15:58:02,Ads,India,4,24.0,1,3.0,2025-01-08 15:58:02,0,,,,0,1,1738771082000000000
3343,2025-01-03 07:52:19,Referral,India,5,30.0,1,2.0,2025-01-05 07:52:19,0,,,,0,0,
3344,2025-03-02 10:46:38,Referral,UK,4,12.0,1,1.0,2025-03-03 10:46:38,0,,,,0,1,1744022798000000000
3345,2025-02-15 04:38:42,Organic,UK,2,9.0,1,2.0,2025-02-17 04:38:42,1,13.0,2025-02-28 04:38:42,Basic,50,0,
3346,2025-03-02 08:47:02,Organic,Germany,3,13.5,1,1.0,2025-03-03 08:47:02,0,,,,0,1,1745311622000000000
3347,2025-02-01 19:01:06,Ads,Germany,6,36.0,1,2.0,2025-02-03 19:01:06,0,,,,0,1,1741028466000000000
3348,2025-03-21 15:02:51,Ads,India,2,9.0,1,3.0,2025-03-24 15:02:51,1,8.0,2025-03-29 15:02:51,Pro,120,0,
3349,2025-03-07 21:40:02,Organic,Canada,3,12.0,0,,,0,,,,0,0,
3350,2025-01-14 23:29:46,Organic,USA,8,24.0,1,2.0,2025-01-16 23:29:46,0,,,,0,0,
3351,2025-01-02 01:43:21,Organic,Canada,8,48.0,1,1.0,2025-01-03 01:43:21,0,,,,0,1,1740188601000000000
3352,2025-02-06 18:08:04,Ads,India,5,22.5,1,1.0,2025-02-07 18:08:04,1,14.0,2025-02-20 18:08:04,Basic,50,1,1742666884000000000
3353,2025-02-09 04:01:08,Organic,Canada,8,48.0,1,3.0,2025-02-12 04:01:08,0,,,,0,0,
3354,2025-01-08 06:44:45,Referral,India,4,18.0,1,3.0,2025-01-11 06:44:45,0,,,,0,0,
3355,2025-01-23 16:25:25,Organic,India,4,24.0,1,2.0,2025-01-25 16:25:25,0,,,,0,1,1740241525000000000
3356,2025-02-04 20:04:47,Organic,India,3,9.0,1,1.0,2025-02-05 20:04:47,1,12.0,2025-02-16 20:04:47,Basic,50,0,
3357,2025-01-18 13:41:27,Organic,India,3,12.0,0,,,0,,,,0,1,1741441287000000000
3358,2025-03-10 07:54:39,Organic,USA,5,15.0,1,3.0,2025-03-13 07:54:39,0,,,,0,0,
3359,2025-01-24 07:15:21,Organic,Canada,5,15.0,1,2.0,2025-01-26 07:15:21,1,8.0,2025-02-01 07:15:21,Basic,50,0,
3360,2025-03-12 06:37:25,Organic,UK,4,12.0,1,2.0,2025-03-14 06:37:25,0,,,,0,1,1743835045000000000
3361,2025-01-30 03:37:18,Organic,India,6,27.0,1,1.0,2025-01-31 03:37:18,0,,,,0,0,
3362,2025-01-07 23:31:43,Organic,India,8,24.0,1,3.0,2025-01-10 23:31:43,0,,,,0,1,1739575903000000000
3363,2025-02-18 23:59:43,Organic,India,9,27.0,0,,,0,,,,0,1,1744070383000000000
3364,2025-02-22 20:23:55,Referral,Canada,4,12.0,1,2.0,2025-02-24 20:23:55,0,,,,0,1,1743971035000000000
3365,2025-01-24 00:46:08,Ads,India,8,48.0,1,1.0,2025-01-25 00:46:08,0,,,,0,1,1742258768000000000
3366,2025-01-26 23:50:54,Ads,USA,4,16.0,0,,,0,,,,0,0,
3367,2025-03-03 09:19:03,Organic,India,6,18.0,1,1.0,2025-03-04 09:19:03,0,,,,0,0,
3368,2025-03-23 18:35:43,Organic,USA,4,16.0,0,,,0,,,,0,1,1746642943000000000
3369,2025-03-05 14:59:51,Organic,India,6,36.0,1,1.0,2025-03-06 14:59:51,0,,,,0,0,
3370,2025-03-22 08:47:20,Ads,India,4,18.0,1,1.0,2025-03-23 08:47:20,0,,,,0,1,1745225240000000000
3371,2025-03-10 16:09:44,Organic,India,9,40.5,1,1.0,2025-03-11 16:09:44,1,10.0,2025-03-20 16:09:44,Basic,50,0,
3372,2025-02-23 16:48:01,Organic,India,7,42.0,1,2.0,2025-02-25 16:48:01,1,14.0,2025-03-09 16:48:01,Pro,120,1,1744562881000000000
3373,2025-03-08 08:26:54,Ads,India,5,15.0,1,1.0,2025-03-09 08:26:54,0,,,,0,1,1745915214000000000
3374,2025-01-31 06:44:01,Organic,USA,5,15.0,1,2.0,2025-02-02 06:44:01,0,,,,0,1,1740465841000000000
3375,2025-02-02 21:53:06,Organic,India,3,13.5,1,1.0,2025-02-03 21:53:06,1,11.0,2025-02-13 21:53:06,Basic,50,0,
3376,2025-01-15 13:10:08,Organic,India,4,16.0,0,,,0,,,,0,0,
3377,2025-03-16 22:11:47,Ads,India,4,12.0,0,,,0,,,,0,1,1744927907000000000
3378,2025-03-28 02:01:33,Ads,Canada,7,21.0,1,1.0,2025-03-29 02:01:33,0,,,,0,1,1748224893000000000
3379,2025-02-17 02:36:51,Organic,USA,5,15.0,0,,,0,,,,0,0,
3380,2025-03-01 11:13:17,Organic,UK,3,18.0,1,3.0,2025-03-04 11:13:17,0,,,,0,1,1743333197000000000
3381,2025-02-14 11:41:28,Ads,India,4,12.0,1,3.0,2025-02-17 11:41:28,0,,,,0,1,1744458088000000000
3382,2025-03-07 22:07:36,Organic,India,4,16.0,0,,,0,,,,0,1,1745100456000000000
3383,2025-02-11 20:43:04,Ads,India,4,8.0,0,,,0,,,,0,1,1743799384000000000
3384,2025-02-19 23:19:21,Ads,USA,7,42.0,1,2.0,2025-02-21 23:19:21,0,,,,0,1,1741562361000000000
3385,2025-03-26 03:35:18,Organic,USA,3,18.0,1,3.0,2025-03-29 03:35:18,0,,,,0,0,
3386,2025-02-16 12:12:45,Organic,Canada,6,18.0,0,,,0,,,,0,0,
3387,2025-03-05 19:05:34,Ads,Canada,5,10.0,0,,,0,,,,0,1,1743793534000000000
3388,2025-03-26 02:31:13,Organic,USA,11,66.0,1,2.0,2025-03-28 02:31:13,0,,,,0,0,
3389,2025-01-12 14:39:31,Organic,USA,5,10.0,0,,,0,,,,0,1,1739457571000000000
3390,2025-03-25 12:08:58,Ads,India,6,27.0,1,3.0,2025-03-28 12:08:58,0,,,,0,1,1745928538000000000
3391,2025-03-14 07:31:51,Organic,India,2,12.0,1,1.0,2025-03-15 07:31:51,0,,,,0,0,
3392,2025-02-03 13:45:37,Organic,Germany,6,18.0,1,2.0,2025-02-05 13:45:37,0,,,,0,0,
3393,2025-01-16 20:41:25,Organic,India,5,22.5,1,3.0,2025-01-19 20:41:25,0,,,,0,1,1741380085000000000
3394,2025-03-23 13:11:40,Ads,Germany,4,16.0,0,,,0,,,,0,0,
3395,2025-01-20 10:57:56,Organic,USA,3,6.0,0,,,0,,,,0,0,
3396,2025-01-19 15:45:35,Referral,USA,1,3.0,0,,,1,9.0,2025-01-28 15:45:35,Basic,50,0,
3397,2025-01-02 07:23:10,Ads,India,4,12.0,0,,,0,,,,0,1,1737357790000000000
3398,2025-03-03 11:39:59,Organic,UK,5,30.0,1,1.0,2025-03-04 11:39:59,0,,,,0,0,
3399,2025-03-02 18:59:43,Organic,USA,4,16.0,0,,,1,10.0,2025-03-12 18:59:43,Pro,120,0,
3400,2025-03-04 21:37:35,Organic,India,1,4.0,0,,,0,,,,0,0,
3401,2025-01-12 08:44:43,Ads,India,8,16.0,0,,,0,,,,0,1,1738140283000000000
3402,2025-01-20 07:25:21,Referral,India,3,13.5,1,1.0,2025-01-21 07:25:21,1,5.0,2025-01-25 07:25:21,Basic,50,0,
3403,2025-02-26 19:12:10,Ads,USA,8,36.0,1,3.0,2025-03-01 19:12:10,0,,,,0,1,1743189130000000000
3404,2025-02-08 02:55:05,Organic,India,2,12.0,1,3.0,2025-02-11 02:55:05,0,,,,0,0,
3405,2025-01-19 17:38:22,Ads,UK,5,22.5,1,3.0,2025-01-22 17:38:22,0,,,,0,1,1739900302000000000
3406,2025-03-13 05:35:12,Organic,UK,4,24.0,1,3.0,2025-03-16 05:35:12,0,,,,0,0,
3407,2025-01-18 08:41:11,Ads,India,3,18.0,1,2.0,2025-01-20 08:41:11,1,12.0,2025-01-30 08:41:11,Basic,50,1,1742287271000000000
3408,2025-02-13 12:18:25,Ads,UK,6,27.0,1,1.0,2025-02-14 12:18:25,0,,,,0,1,1740831505000000000
3409,2025-01-01 07:26:46,Organic,India,4,18.0,1,3.0,2025-01-04 07:26:46,0,,,,0,1,1740727606000000000
3410,2025-03-04 17:15:52,Organic,UK,3,9.0,1,3.0,2025-03-07 17:15:52,0,,,,0,0,
3411,2025-02-23 08:28:08,Ads,India,3,18.0,1,3.0,2025-02-26 08:28:08,0,,,,0,1,1742459288000000000
3412,2025-02-19 08:33:43,Ads,India,3,9.0,0,,,0,,,,0,1,1744792423000000000
3413,2025-01-22 16:28:42,Organic,India,3,18.0,1,2.0,2025-01-24 16:28:42,1,7.0,2025-01-29 16:28:42,Pro,120,0,
3414,2025-03-04 19:47:25,Organic,UK,3,13.5,1,1.0,2025-03-05 19:47:25,0,,,,0,1,1743536845000000000
3415,2025-03-22 02:32:56,Ads,India,10,60.0,1,2.0,2025-03-24 02:32:56,0,,,,0,1,1743993176000000000
3416,2025-03-20 06:21:37,Organic,India,10,40.0,0,,,0,,,,0,1,1746426097000000000
3417,2025-03-24 23:53:57,Organic,India,6,36.0,1,3.0,2025-03-27 23:53:57,0,,,,0,1,1746662037000000000
3418,2025-01-18 14:06:43,Organic,India,5,30.0,1,1.0,2025-01-19 14:06:43,1,7.0,2025-01-25 14:06:43,Basic,50,0,
3419,2025-01-23 18:49:01,Organic,UK,3,18.0,1,2.0,2025-01-25 18:49:01,0,,,,0,1,1740250141000000000
3420,2025-01-29 23:44:19,Ads,USA,6,18.0,1,2.0,2025-01-31 23:44:19,0,,,,0,0,
3421,2025-01-21 06:19:00,Referral,Germany,4,18.0,1,2.0,2025-01-23 06:19:00,1,12.0,2025-02-02 06:19:00,Basic,50,1,1740982740000000000
3422,2025-01-10 23:50:03,Ads,India,6,27.0,1,1.0,2025-01-11 23:50:03,0,,,,0,0,
3423,2025-01-11 04:25:03,Organic,India,5,15.0,1,2.0,2025-01-13 04:25:03,0,,,,0,0,
3424,2025-01-11 05:57:01,Ads,UK,0,0.0,0,,,0,,,,0,0,
3425,2025-02-19 12:26:24,Organic,UK,8,24.0,1,2.0,2025-02-21 12:26:24,0,,,,0,1,1742127984000000000
3426,2025-03-05 14:34:31,Organic,India,6,12.0,0,,,0,,,,0,1,1745246071000000000
3427,2025-01-12 07:53:56,Referral,USA,3,18.0,1,2.0,2025-01-14 07:53:56,0,,,,0,0,
3428,2025-02-07 07:25:22,Organic,UK,7,21.0,1,1.0,2025-02-08 07:25:22,1,7.0,2025-02-14 07:25:22,Basic,50,1,1742541922000000000
3429,2025-03-18 05:00:41,Referral,India,5,10.0,0,,,0,,,,0,0,
3430,2025-03-16 06:11:43,Organic,UK,4,12.0,1,3.0,2025-03-19 06:11:43,1,5.0,2025-03-21 06:11:43,Pro,120,0,
3431,2025-01-26 15:53:01,Ads,India,2,4.0,0,,,0,,,,0,1,1742399581000000000
3432,2025-01-03 01:57:10,Organic,Germany,6,36.0,1,2.0,2025-01-05 01:57:10,1,14.0,2025-01-17 01:57:10,Pro,120,0,
3433,2025-01-19 00:21:58,Organic,USA,4,8.0,0,,,0,,,,0,1,1740010918000000000
3434,2025-02-10 07:49:04,Organic,India,6,27.0,1,2.0,2025-02-12 07:49:04,0,,,,0,1,1742629744000000000
3435,2025-01-31 18:38:03,Referral,USA,3,9.0,0,,,0,,,,0,1,1743359883000000000
3436,2025-02-17 14:40:40,Ads,Germany,7,42.0,1,3.0,2025-02-20 14:40:40,1,6.0,2025-02-23 14:40:40,Basic,50,0,
3437,2025-02-22 02:06:38,Referral,UK,3,18.0,1,3.0,2025-02-25 02:06:38,0,,,,0,0,
3438,2025-01-15 07:28:17,Ads,India,5,15.0,0,,,0,,,,0,1,1741246097000000000
3439,2025-03-06 21:05:24,Referral,USA,4,16.0,0,,,0,,,,0,1,1743368724000000000
3440,2025-02-26 10:55:08,Organic,USA,5,22.5,1,1.0,2025-02-27 10:55:08,0,,,,0,0,
3441,2025-01-18 21:47:41,Organic,India,2,12.0,1,3.0,2025-01-21 21:47:41,0,,,,0,1,1740433661000000000
3442,2025-03-19 07:19:48,Ads,India,6,36.0,1,2.0,2025-03-21 07:19:48,0,,,,0,1,1744787988000000000
3443,2025-01-11 00:36:23,Ads,USA,3,6.0,0,,,0,,,,0,1,1739320583000000000
3444,2025-01-08 05:01:33,Ads,USA,3,9.0,0,,,0,,,,0,1,1740286893000000000
3445,2025-02-28 06:57:49,Organic,India,3,18.0,1,2.0,2025-03-02 06:57:49,1,10.0,2025-03-10 06:57:49,Basic,50,0,
3446,2025-02-22 12:50:14,Organic,UK,5,22.5,1,2.0,2025-02-24 12:50:14,0,,,,0,1,1742734214000000000
3447,2025-02-15 02:12:38,Referral,USA,7,28.0,0,,,1,8.0,2025-02-23 02:12:38,Basic,50,1,1744596758000000000
3448,2025-02-25 20:47:27,Ads,India,4,18.0,1,2.0,2025-02-27 20:47:27,0,,,,0,1,1744577247000000000
3449,2025-03-23 21:34:02,Organic,India,6,12.0,0,,,0,,,,0,0,
3450,2025-03-26 12:43:43,Ads,USA,4,12.0,1,1.0,2025-03-27 12:43:43,1,5.0,2025-03-31 12:43:43,Pro,120,1,1744375423000000000
3451,2025-01-06 05:19:17,Referral,UK,8,24.0,1,1.0,2025-01-07 05:19:17,0,,,,0,1,1738559957000000000
3452,2025-03-03 08:28:05,Organic,UK,10,45.0,1,2.0,2025-03-05 08:28:05,0,,,,0,0,
3453,2025-01-15 15:38:18,Referral,India,4,12.0,0,,,0,,,,0,1,1740497898000000000
3454,2025-03-29 03:36:56,Referral,USA,7,42.0,1,2.0,2025-03-31 03:36:56,0,,,,0,1,1745033816000000000
3455,2025-01-25 13:02:19,Referral,Germany,5,15.0,1,1.0,2025-01-26 13:02:19,0,,,,0,0,
3456,2025-01-11 04:33:32,Referral,India,9,27.0,0,,,1,8.0,2025-01-19 04:33:32,Basic,50,0,
3457,2025-03-10 19:59:08,Ads,India,4,12.0,0,,,0,,,,0,1,1743364748000000000
3458,2025-02-07 09:33:05,Organic,UK,10,20.0,0,,,1,13.0,2025-02-20 09:33:05,Pro,120,0,
3459,2025-01-26 22:34:41,Organic,India,3,13.5,1,1.0,2025-01-27 22:34:41,0,,,,0,1,1739399681000000000
3460,2025-02-13 05:14:04,Organic,India,4,24.0,1,2.0,2025-02-15 05:14:04,1,9.0,2025-02-22 05:14:04,Pro,120,1,1743225244000000000
3461,2025-03-26 17:16:04,Organic,India,3,9.0,1,3.0,2025-03-29 17:16:04,0,,,,0,1,1747156564000000000
3462,2025-03-10 03:06:54,Organic,India,4,8.0,0,,,1,9.0,2025-03-19 03:06:54,Basic,50,0,
3463,2025-01-04 16:17:55,Organic,USA,8,16.0,0,,,0,,,,0,1,1739463475000000000
3464,2025-03-10 13:18:18,Organic,India,5,10.0,0,,,0,,,,0,0,
3465,2025-01-15 05:12:17,Organic,Canada,2,9.0,1,1.0,2025-01-16 05:12:17,0,,,,0,1,1738386737000000000
3466,2025-01-31 20:34:38,Referral,USA,9,27.0,1,2.0,2025-02-02 20:34:38,0,,,,0,1,1743366878000000000
3467,2025-01-06 14:40:14,Organic,USA,1,4.0,0,,,0,,,,0,0,
3468,2025-01-15 04:35:34,Ads,India,6,18.0,1,2.0,2025-01-17 04:35:34,0,,,,0,1,1741926934000000000
3469,2025-02-12 17:09:43,Ads,UK,2,9.0,1,1.0,2025-02-13 17:09:43,0,,,,0,1,1740848983000000000
3470,2025-01-30 04:01:47,Organic,USA,7,28.0,0,,,0,,,,0,1,1739678507000000000
3471,2025-01-19 20:57:48,Referral,UK,6,36.0,1,1.0,2025-01-20 20:57:48,0,,,,0,0,
3472,2025-03-06 23:24:05,Ads,Canada,5,30.0,1,2.0,2025-03-08 23:24:05,0,,,,0,1,1744932245000000000
3473,2025-03-02 17:23:54,Organic,UK,5,30.0,1,2.0,2025-03-04 17:23:54,0,,,,0,0,
3474,2025-01-19 12:25:08,Organic,USA,4,12.0,1,3.0,2025-01-22 12:25:08,1,7.0,2025-01-26 12:25:08,Pro,120,1,1740745508000000000
3475,2025-01-26 01:13:32,Organic,UK,3,9.0,1,1.0,2025-01-27 01:13:32,0,,,,0,1,1740446012000000000
3476,2025-03-03 10:56:32,Organic,USA,6,36.0,1,3.0,2025-03-06 10:56:32,0,,,,0,1,1743159392000000000
3477,2025-01-28 05:50:47,Organic,India,3,9.0,0,,,0,,,,0,1,1742017847000000000
3478,2025-01-31 10:35:46,Ads,India,4,12.0,0,,,0,,,,0,1,1741775746000000000
3479,2025-02-03 11:27:58,Referral,Germany,6,36.0,1,2.0,2025-02-05 11:27:58,1,14.0,2025-02-17 11:27:58,Basic,50,0,
3480,2025-01-23 23:08:37,Ads,India,8,36.0,1,2.0,2025-01-25 23:08:37,0,,,,0,1,1741907317000000000
3481,2025-01-29 06:41:22,Organic,Canada,8,48.0,1,1.0,2025-01-30 06:41:22,0,,,,0,0,
3482,2025-02-28 14:17:58,Organic,India,5,30.0,1,2.0,2025-03-02 14:17:58,0,,,,0,0,
3483,2025-03-10 20:44:12,Organic,USA,5,15.0,1,3.0,2025-03-13 20:44:12,1,8.0,2025-03-18 20:44:12,Basic,50,0,
3484,2025-01-01 08:15:25,Organic,UK,3,9.0,1,2.0,2025-01-03 08:15:25,0,,,,0,1,1737360925000000000
3485,2025-01-14 17:19:34,Organic,India,5,30.0,1,2.0,2025-01-16 17:19:34,0,,,,0,1,1739121574000000000
3486,2025-02-19 18:07:39,Referral,UK,8,16.0,0,,,0,,,,0,1,1743530859000000000
3487,2025-03-17 20:15:42,Organic,UK,5,22.5,1,2.0,2025-03-19 20:15:42,0,,,,0,0,
3488,2025-01-10 05:05:28,Referral,USA,3,9.0,1,3.0,2025-01-13 05:05:28,0,,,,0,1,1739682328000000000
3489,2025-03-09 09:40:15,Organic,USA,3,12.0,0,,,0,,,,0,0,
3490,2025-01-11 06:40:36,Referral,India,5,30.0,1,1.0,2025-01-12 06:40:36,1,10.0,2025-01-21 06:40:36,Basic,50,0,
3491,2025-02-04 09:29:43,Ads,USA,5,20.0,0,,,0,,,,0,0,
3492,2025-01-31 19:39:21,Ads,India,4,12.0,0,,,0,,,,0,0,
3493,2025-03-11 16:18:01,Organic,India,3,9.0,1,2.0,2025-03-13 16:18:01,0,,,,0,1,1744301881000000000
3494,2025-03-17 12:22:39,Referral,Germany,4,8.0,0,,,1,13.0,2025-03-30 12:22:39,Basic,50,0,
3495,2025-03-01 22:01:43,Referral,USA,8,24.0,1,3.0,2025-03-04 22:01:43,0,,,,0,1,1742594503000000000
3496,2025-01-30 02:03:44,Ads,UK,6,36.0,1,2.0,2025-02-01 02:03:44,0,,,,0,0,
3497,2025-03-15 10:56:43,Ads,USA,5,15.0,0,,,0,,,,0,0,
3498,2025-01-30 09:33:54,Ads,India,3,18.0,1,3.0,2025-02-02 09:33:54,0,,,,0,0,
3499,2025-03-20 07:44:00,Organic,USA,9,27.0,1,1.0,2025-03-21 07:44:00,1,14.0,2025-04-03 07:44:00,Pro,120,1,1744962240000000000
3500,2025-01-28 18:08:03,Ads,UK,5,22.5,1,3.0,2025-01-31 18:08:03,1,5.0,2025-02-02 18:08:03,Basic,50,1,1742062083000000000
3501,2025-03-17 15:38:15,Referral,India,8,24.0,1,3.0,2025-03-20 15:38:15,0,,,,0,1,1747323495000000000
3502,2025-01-30 13:15:14,Organic,Canada,3,12.0,0,,,0,,,,0,1,1742303714000000000
3503,2025-02-24 20:45:19,Organic,USA,3,12.0,0,,,0,,,,0,1,1743885919000000000
3504,2025-02-15 05:57:19,Organic,India,5,22.5,1,2.0,2025-02-17 05:57:19,0,,,,0,1,1744523839000000000
3505,2025-03-03 18:46:01,Ads,USA,3,13.5,1,1.0,2025-03-04 18:46:01,0,,,,0,0,
3506,2025-03-07 03:15:45,Organic,India,7,31.5,1,3.0,2025-03-10 03:15:45,1,12.0,2025-03-19 03:15:45,Basic,50,1,1743477345000000000
3507,2025-02-15 06:25:46,Organic,India,5,15.0,1,1.0,2025-02-16 06:25:46,0,,,,0,1,1743920746000000000
3508,2025-01-19 23:48:40,Organic,UK,1,2.0,0,,,0,,,,0,1,1740959320000000000
3509,2025-01-20 18:10:17,Ads,Canada,7,31.5,1,2.0,2025-01-22 18:10:17,1,11.0,2025-01-31 18:10:17,Pro,120,0,
3510,2025-01-08 23:32:36,Organic,UK,5,20.0,0,,,0,,,,0,0,
3511,2025-02-02 06:47:27,Ads,Canada,4,24.0,1,3.0,2025-02-05 06:47:27,0,,,,0,1,1739861247000000000
3512,2025-02-03 01:41:01,Organic,Germany,7,21.0,0,,,0,,,,0,1,1740793261000000000
3513,2025-02-07 08:03:50,Ads,Germany,4,24.0,1,2.0,2025-02-09 08:03:50,1,8.0,2025-02-15 08:03:50,Basic,50,0,
3514,2025-03-26 08:35:38,Referral,India,5,30.0,1,1.0,2025-03-27 08:35:38,0,,,,0,1,1747989338000000000
3515,2025-01-27 02:02:02,Organic,USA,6,36.0,1,3.0,2025-01-30 02:02:02,0,,,,0,0,
3516,2025-01-20 02:15:29,Organic,India,7,31.5,1,1.0,2025-01-21 02:15:29,0,,,,0,1,1742004929000000000
3517,2025-01-13 22:04:31,Referral,USA,2,6.0,1,1.0,2025-01-14 22:04:31,1,11.0,2025-01-24 22:04:31,Basic,50,1,1740521071000000000
3518,2025-01-30 06:17:48,Organic,Germany,7,21.0,1,1.0,2025-01-31 06:17:48,0,,,,0,0,
3519,2025-03-20 20:31:04,Organic,India,7,21.0,1,2.0,2025-03-22 20:31:04,0,,,,0,1,1743798664000000000
3520,2025-03-16 04:11:31,Referral,USA,1,4.5,1,2.0,2025-03-18 04:11:31,0,,,,0,1,1743394291000000000
3521,2025-02-05 20:59:15,Referral,USA,9,54.0,1,3.0,2025-02-08 20:59:15,1,11.0,2025-02-16 20:59:15,Basic,50,0,
3522,2025-03-07 18:49:57,Ads,India,3,9.0,1,1.0,2025-03-08 18:49:57,1,5.0,2025-03-12 18:49:57,Basic,50,0,
3523,2025-01-20 11:07:21,Organic,India,8,48.0,1,1.0,2025-01-21 11:07:21,0,,,,0,0,
3524,2025-03-02 21:38:33,Organic,USA,5,30.0,1,1.0,2025-03-03 21:38:33,1,5.0,2025-03-07 21:38:33,Basic,50,0,
3525,2025-01-06 23:26:49,Organic,India,3,9.0,0,,,0,,,,0,0,
3526,2025-01-08 17:02:45,Ads,USA,4,18.0,1,3.0,2025-01-11 17:02:45,0,,,,0,0,
3527,2025-02-02 06:32:43,Ads,USA,6,27.0,1,3.0,2025-02-05 06:32:43,0,,,,0,0,
3528,2025-03-21 04:42:56,Referral,USA,3,9.0,0,,,1,10.0,2025-03-31 04:42:56,Pro,120,0,
3529,2025-03-04 22:23:09,Organic,India,5,10.0,0,,,0,,,,0,0,
3530,2025-03-07 01:19:09,Ads,USA,5,30.0,1,1.0,2025-03-08 01:19:09,0,,,,0,1,1744593549000000000
3531,2025-03-16 11:54:32,Organic,India,4,12.0,1,2.0,2025-03-18 11:54:32,0,,,,0,1,1744804472000000000
3532,2025-02-21 19:25:21,Organic,Canada,1,4.0,0,,,0,,,,0,1,1742585121000000000
3533,2025-02-12 22:39:48,Ads,India,6,18.0,1,3.0,2025-02-15 22:39:48,0,,,,0,0,
3534,2025-02-07 10:39:52,Organic,Canada,6,24.0,0,,,0,,,,0,1,1743849592000000000
3535,2025-02-02 00:51:31,Ads,UK,4,18.0,1,2.0,2025-02-04 00:51:31,0,,,,0,1,1741395091000000000
3536,2025-02-07 18:24:10,Ads,UK,3,9.0,0,,,0,,,,0,1,1741458250000000000
3537,2025-01-21 03:31:27,Referral,India,7,42.0,1,3.0,2025-01-24 03:31:27,0,,,,0,1,1740195087000000000
3538,2025-01-23 09:31:30,Ads,India,4,8.0,0,,,0,,,,0,1,1741685490000000000
3539,2025-01-09 14:59:42,Referral,USA,4,24.0,1,1.0,2025-01-10 14:59:42,0,,,,0,1,1739458782000000000
3540,2025-02-15 13:41:10,Ads,India,4,18.0,1,2.0,2025-02-17 13:41:10,0,,,,0,1,1743774070000000000
3541,2025-03-19 23:56:53,Organic,Germany,5,22.5,1,2.0,2025-03-21 23:56:53,1,14.0,2025-04-02 23:56:53,Pro,120,0,
3542,2025-03-24 01:26:15,Organic,India,5,15.0,0,,,0,,,,0,1,1744766775000000000
3543,2025-01-05 19:49:38,Ads,Germany,9,18.0,0,,,0,,,,0,1,1740512978000000000
3544,2025-01-12 23:01:56,Ads,UK,3,12.0,0,,,0,,,,0,1,1738796516000000000
3545,2025-03-24 21:01:45,Ads,India,4,12.0,1,3.0,2025-03-27 21:01:45,1,12.0,2025-04-05 21:01:45,Basic,50,0,
3546,2025-02-25 18:37:55,Organic,UK,1,4.5,1,1.0,2025-02-26 18:37:55,0,,,,0,1,1742063875000000000
3547,2025-01-31 08:03:58,Organic,India,2,6.0,0,,,0,,,,0,0,
3548,2025-03-08 20:39:24,Organic,India,10,30.0,1,1.0,2025-03-09 20:39:24,1,9.0,2025-03-17 20:39:24,Basic,50,1,1745959164000000000
3549,2025-02-09 02:59:15,Ads,India,9,54.0,1,3.0,2025-02-12 02:59:15,0,,,,0,0,
3550,2025-03-09 23:51:47,Ads,Germany,5,15.0,1,1.0,2025-03-10 23:51:47,1,13.0,2025-03-22 23:51:47,Basic,50,0,
3551,2025-02-24 19:48:25,Ads,USA,7,31.5,1,3.0,2025-02-27 19:48:25,1,14.0,2025-03-10 19:48:25,Basic,50,0,
3552,2025-03-13 02:14:47,Organic,UK,7,42.0,1,2.0,2025-03-15 02:14:47,0,,,,0,1,1743473687000000000
3553,2025-01-21 11:48:05,Organic,India,4,16.0,0,,,0,,,,0,0,
3554,2025-03-04 00:16:34,Ads,USA,6,36.0,1,2.0,2025-03-06 00:16:34,1,7.0,2025-03-11 00:16:34,Basic,50,0,
3555,2025-02-24 21:18:17,Ads,India,5,22.5,1,2.0,2025-02-26 21:18:17,0,,,,0,0,
3556,2025-02-14 18:34:12,Organic,India,5,15.0,0,,,0,,,,0,0,
3557,2025-02-16 08:40:05,Ads,India,6,18.0,0,,,0,,,,0,1,1743842405000000000
3558,2025-01-26 11:24:04,Organic,USA,4,18.0,1,3.0,2025-01-29 11:24:04,0,,,,0,1,1740396244000000000
3559,2025-01-16 04:39:03,Ads,UK,4,12.0,1,1.0,2025-01-17 04:39:03,0,,,,0,1,1739162343000000000
3560,2025-02-01 17:24:54,Referral,India,10,40.0,0,,,0,,,,0,0,
3561,2025-03-04 21:22:28,Ads,Germany,5,15.0,1,1.0,2025-03-05 21:22:28,0,,,,0,1,1743196948000000000
3562,2025-03-27 21:08:25,Ads,India,12,36.0,0,,,0,,,,0,1,1744578505000000000
3563,2025-01-23 07:20:05,Organic,USA,3,13.5,1,1.0,2025-01-24 07:20:05,0,,,,0,1,1741159205000000000
3564,2025-02-13 05:20:45,Ads,India,7,42.0,1,3.0,2025-02-16 05:20:45,0,,,,0,1,1741497645000000000
3565,2025-01-02 04:56:35,Ads,India,1,4.0,0,,,0,,,,0,0,
3566,2025-03-23 02:47:23,Ads,Germany,8,36.0,1,1.0,2025-03-24 02:47:23,0,,,,0,1,1743994043000000000
3567,2025-03-03 01:45:28,Ads,Canada,3,13.5,1,3.0,2025-03-06 01:45:28,0,,,,0,0,
3568,2025-02-17 11:10:36,Organic,UK,7,42.0,1,2.0,2025-02-19 11:10:36,0,,,,0,1,1743333036000000000
3569,2025-03-01 08:13:07,Referral,Canada,4,12.0,0,,,0,,,,0,1,1744704787000000000
3570,2025-01-16 11:48:06,Ads,Canada,10,30.0,1,1.0,2025-01-17 11:48:06,0,,,,0,0,
3571,2025-03-02 10:15:34,Organic,USA,4,8.0,0,,,0,,,,0,1,1743588934000000000
3572,2025-01-26 01:27:31,Ads,Canada,8,48.0,1,2.0,2025-01-28 01:27:31,0,,,,0,1,1742434051000000000
3573,2025-01-18 02:30:52,Organic,India,8,24.0,1,1.0,2025-01-19 02:30:52,0,,,,0,0,
3574,2025-03-26 12:48:13,Organic,USA,4,18.0,1,3.0,2025-03-29 12:48:13,1,6.0,2025-04-01 12:48:13,Basic,50,1,1747918093000000000
3575,2025-02-07 05:00:50,Organic,UK,4,24.0,1,1.0,2025-02-08 05:00:50,0,,,,0,0,
3576,2025-01-20 21:47:03,Ads,India,3,13.5,1,1.0,2025-01-21 21:47:03,0,,,,0,1,1741556823000000000
3577,2025-01-31 21:45:08,Referral,Canada,3,9.0,0,,,0,,,,0,1,1740692708000000000
3578,2025-02-11 05:29:29,Ads,India,4,24.0,1,2.0,2025-02-13 05:29:29,0,,,,0,1,1741843769000000000
3579,2025-02-16 14:44:06,Ads,Canada,4,18.0,1,1.0,2025-02-17 14:44:06,1,12.0,2025-02-28 14:44:06,Basic,50,1,1743432246000000000
3580,2025-03-30 01:33:39,Organic,India,2,4.0,0,,,0,,,,0,1,1744853619000000000
3581,2025-01-06 15:04:35,Organic,India,8,36.0,1,1.0,2025-01-07 15:04:35,0,,,,0,1,1738767875000000000
3582,2025-01-04 11:01:11,Organic,India,7,14.0,0,,,0,,,,0,1,1738839671000000000
3583,2025-01-14 09:34:15,Ads,Canada,7,21.0,0,,,0,,,,0,1,1740389655000000000
3584,2025-02-04 03:14:41,Referral,India,2,12.0,1,1.0,2025-02-05 03:14:41,0,,,,0,0,
3585,2025-03-27 03:21:01,Organic,USA,9,40.5,1,2.0,2025-03-29 03:21:01,0,,,,0,0,
3586,2025-01-15 23:42:09,Ads,USA,2,12.0,1,3.0,2025-01-18 23:42:09,1,6.0,2025-01-21 23:42:09,Pro,120,1,1739576529000000000
3587,2025-01-29 23:43:14,Referral,India,8,32.0,0,,,0,,,,0,0,
3588,2025-01-15 09:21:34,Organic,Germany,3,13.5,1,2.0,2025-01-17 09:21:34,0,,,,0,0,
3589,2025-03-14 00:03:07,Ads,India,4,12.0,1,2.0,2025-03-16 00:03:07,1,7.0,2025-03-21 00:03:07,Basic,50,1,1746403387000000000
3590,2025-02-11 07:01:15,Ads,USA,11,49.5,1,2.0,2025-02-13 07:01:15,0,,,,0,1,1741762875000000000
3591,2025-01-11 09:06:56,Ads,USA,6,18.0,1,2.0,2025-01-13 09:06:56,0,,,,0,0,
3592,2025-03-27 18:02:38,Organic,India,5,15.0,0,,,0,,,,0,1,1746468158000000000
3593,2025-02-14 01:31:25,Ads,India,9,27.0,1,3.0,2025-02-17 01:31:25,0,,,,0,1,1744248685000000000
3594,2025-01-28 22:46:42,Ads,UK,5,20.0,0,,,0,,,,0,1,1740005202000000000
3595,2025-01-06 03:03:51,Organic,Germany,4,12.0,1,1.0,2025-01-07 03:03:51,1,11.0,2025-01-17 03:03:51,Basic,50,1,1738724631000000000
3596,2025-01-13 14:57:48,Ads,India,6,24.0,0,,,0,,,,0,1,1739458668000000000
3597,2025-03-30 17:05:15,Organic,India,2,8.0,0,,,0,,,,0,0,
3598,2025-03-26 04:50:37,Referral,Germany,7,21.0,0,,,0,,,,0,1,1747198237000000000
3599,2025-03-16 14:05:45,Ads,India,8,48.0,1,1.0,2025-03-17 14:05:45,0,,,,0,1,1743429945000000000
3600,2025-02-02 07:06:13,Referral,USA,3,18.0,1,2.0,2025-02-04 07:06:13,1,13.0,2025-02-15 07:06:13,Basic,50,1,1741590373000000000
3601,2025-02-12 15:10:44,Organic,USA,2,9.0,1,3.0,2025-02-15 15:10:44,0,,,,0,0,
3602,2025-03-16 20:14:22,Organic,India,3,9.0,1,1.0,2025-03-17 20:14:22,0,,,,0,0,
3603,2025-02-15 07:57:23,Organic,UK,9,40.5,1,2.0,2025-02-17 07:57:23,0,,,,0,0,
3604,2025-03-23 17:26:23,Organic,Germany,6,12.0,0,,,0,,,,0,0,
3605,2025-02-08 01:04:18,Organic,USA,2,6.0,1,1.0,2025-02-09 01:04:18,0,,,,0,1,1741482258000000000
3606,2025-02-07 01:51:43,Ads,UK,7,31.5,1,2.0,2025-02-09 01:51:43,0,,,,0,1,1743990703000000000
3607,2025-01-21 15:58:36,Organic,USA,6,36.0,1,1.0,2025-01-22 15:58:36,0,,,,0,0,
3608,2025-02-18 03:02:59,Ads,USA,3,6.0,0,,,0,,,,0,1,1742958179000000000
3609,2025-03-05 18:41:33,Organic,India,4,24.0,1,2.0,2025-03-07 18:41:33,1,6.0,2025-03-11 18:41:33,Basic,50,1,1743532893000000000
3610,2025-01-04 08:49:58,Ads,UK,5,15.0,1,3.0,2025-01-07 08:49:58,0,,,,0,1,1739695798000000000
3611,2025-02-26 04:52:00,Ads,India,7,31.5,1,1.0,2025-02-27 04:52:00,0,,,,0,1,1744951920000000000
3612,2025-01-22 03:47:02,Ads,India,6,18.0,1,1.0,2025-01-23 03:47:02,1,9.0,2025-01-31 03:47:02,Basic,50,0,
3613,2025-03-15 16:48:32,Referral,Germany,3,18.0,1,1.0,2025-03-16 16:48:32,1,6.0,2025-03-21 16:48:32,Basic,50,1,1745081312000000000
3614,2025-02-05 06:49:53,Organic,UK,9,54.0,1,1.0,2025-02-06 06:49:53,0,,,,0,0,
3615,2025-01-17 07:37:34,Organic,Germany,4,24.0,1,1.0,2025-01-18 07:37:34,0,,,,0,1,1739777854000000000
3616,2025-01-03 02:22:40,Organic,India,3,13.5,1,3.0,2025-01-06 02:22:40,0,,,,0,1,1739672560000000000
3617,2025-01-29 06:53:46,Organic,Canada,6,27.0,1,2.0,2025-01-31 06:53:46,0,,,,0,1,1742280826000000000
3618,2025-01-30 02:43:39,Ads,USA,4,16.0,0,,,0,,,,0,0,
3619,2025-03-06 00:46:50,Organic,Germany,9,27.0,0,,,0,,,,0,1,1745023610000000000
3620,2025-02-17 21:31:26,Ads,Germany,2,9.0,1,2.0,2025-02-19 21:31:26,0,,,,0,1,1743802286000000000
3621,2025-01-15 22:40:10,Organic,Germany,5,22.5,1,3.0,2025-01-18 22:40:10,0,,,,0,0,
3622,2025-03-01 08:26:32,Referral,Germany,7,21.0,0,,,0,,,,0,0,
3623,2025-03-15 05:00:43,Referral,India,7,31.5,1,2.0,2025-03-17 05:00:43,1,14.0,2025-03-29 05:00:43,Basic,50,1,1743829243000000000
3624,2025-01-31 14:11:01,Organic,UK,8,36.0,1,1.0,2025-02-01 14:11:01,0,,,,0,0,
3625,2025-03-21 18:55:28,Organic,India,5,15.0,0,,,0,,,,0,1,1747248928000000000
3626,2025-03-07 22:11:28,Referral,UK,6,18.0,0,,,0,,,,0,1,1746396688000000000
3627,2025-02-11 11:36:37,Referral,Germany,6,27.0,1,3.0,2025-02-14 11:36:37,0,,,,0,0,
3628,2025-03-12 04:16:03,Organic,India,2,6.0,1,2.0,2025-03-14 04:16:03,0,,,,0,1,1746677763000000000
3629,2025-01-04 14:39:15,Organic,USA,2,8.0,0,,,0,,,,0,0,
3630,2025-01-25 14:59:59,Referral,UK,7,31.5,1,2.0,2025-01-27 14:59:59,0,,,,0,0,
3631,2025-01-26 18:06:38,Ads,India,7,21.0,1,3.0,2025-01-29 18:06:38,0,,,,0,1,1739642798000000000
3632,2025-02-27 02:26:34,Organic,India,3,9.0,1,3.0,2025-03-02 02:26:34,0,,,,0,0,
3633,2025-01-19 02:44:30,Ads,India,5,10.0,0,,,0,,,,0,1,1741747470000000000
3634,2025-03-26 14:16:37,Referral,India,5,15.0,1,3.0,2025-03-29 14:16:37,0,,,,0,0,
3635,2025-02-14 08:15:42,Referral,UK,3,9.0,1,1.0,2025-02-15 08:15:42,0,,,,0,0,
3636,2025-02-25 23:10:51,Ads,USA,4,16.0,0,,,0,,,,0,1,1744931451000000000
3637,2025-02-20 17:26:34,Ads,India,3,9.0,1,2.0,2025-02-22 17:26:34,1,5.0,2025-02-25 17:26:34,Basic,50,1,1744737994000000000
3638,2025-03-26 18:18:14,Organic,Germany,2,12.0,1,2.0,2025-03-28 18:18:14,1,11.0,2025-04-06 18:18:14,Basic,50,0,
3639,2025-03-19 12:52:24,Referral,UK,6,18.0,1,3.0,2025-03-22 12:52:24,0,,,,0,0,
3640,2025-02-24 09:11:53,Organic,USA,7,42.0,1,1.0,2025-02-25 09:11:53,0,,,,0,0,
3641,2025-03-29 17:07:16,Referral,India,4,24.0,1,1.0,2025-03-30 17:07:16,1,6.0,2025-04-04 17:07:16,Basic,50,0,
3642,2025-02-13 20:52:08,Organic,UK,5,15.0,1,1.0,2025-02-14 20:52:08,1,7.0,2025-02-20 20:52:08,Basic,50,0,
3643,2025-02-24 12:34:59,Referral,India,6,27.0,1,2.0,2025-02-26 12:34:59,0,,,,0,1,1744202099000000000
3644,2025-02-15 02:28:12,Organic,UK,6,24.0,0,,,0,,,,0,0,
3645,2025-02-26 05:26:33,Ads,UK,7,31.5,1,1.0,2025-02-27 05:26:33,0,,,,0,1,1744349193000000000
3646,2025-01-27 04:38:09,Organic,India,5,22.5,1,2.0,2025-01-29 04:38:09,0,,,,0,0,
3647,2025-03-03 05:22:10,Ads,Germany,2,4.0,0,,,0,,,,0,0,
3648,2025-02-10 01:41:32,Referral,USA,6,27.0,1,1.0,2025-02-11 01:41:32,0,,,,0,1,1742348492000000000
3649,2025-02-21 08:40:10,Ads,India,8,48.0,1,2.0,2025-02-23 08:40:10,1,13.0,2025-03-06 08:40:10,Basic,50,1,1744274410000000000
3650,2025-02-07 11:52:16,Ads,Germany,7,21.0,1,1.0,2025-02-08 11:52:16,1,8.0,2025-02-15 11:52:16,Pro,120,0,
3651,2025-03-22 11:26:53,Organic,USA,5,15.0,0,,,0,,,,0,0,
3652,2025-01-27 22:08:53,Referral,UK,5,15.0,0,,,0,,,,0,0,
3653,2025-03-20 20:41:16,Ads,UK,8,24.0,1,2.0,2025-03-22 20:41:16,1,11.0,2025-03-31 20:41:16,Basic,50,1,1744317676000000000
3654,2025-01-21 03:11:01,Ads,India,7,21.0,1,3.0,2025-01-24 03:11:01,1,10.0,2025-01-31 03:11:01,Pro,120,1,1741144261000000000
3655,2025-01-25 21:17:04,Ads,Germany,5,15.0,1,3.0,2025-01-28 21:17:04,0,,,,0,1,1741727824000000000
3656,2025-03-08 05:03:46,Ads,USA,6,18.0,0,,,0,,,,0,0,
3657,2025-03-02 22:49:24,Organic,India,6,18.0,1,1.0,2025-03-03 22:49:24,0,,,,0,1,1745966964000000000
3658,2025-03-14 00:15:14,Ads,Germany,4,8.0,0,,,0,,,,0,1,1744503314000000000
3659,2025-03-15 18:47:05,Ads,USA,4,8.0,0,,,0,,,,0,1,1744915625000000000
3660,2025-02-27 22:30:58,Referral,UK,7,42.0,1,2.0,2025-03-01 22:30:58,1,5.0,2025-03-04 22:30:58,Pro,120,1,1743028258000000000
3661,2025-02-16 07:51:53,Referral,Canada,2,8.0,0,,,0,,,,0,0,
3662,2025-03-23 08:25:22,Organic,India,3,6.0,0,,,0,,,,0,0,
3663,2025-01-07 19:05:00,Organic,India,2,8.0,0,,,0,,,,0,1,1739646300000000000
3664,2025-02-09 12:51:11,Organic,India,2,9.0,1,3.0,2025-02-12 12:51:11,0,,,,0,1,1741179071000000000
3665,2025-01-28 13:35:32,Organic,Canada,6,18.0,1,2.0,2025-01-30 13:35:32,0,,,,0,1,1740836132000000000
3666,2025-01-22 17:39:31,Ads,India,2,9.0,1,2.0,2025-01-24 17:39:31,0,,,,0,0,
3667,2025-03-20 20:56:52,Referral,India,5,15.0,1,3.0,2025-03-23 20:56:52,1,13.0,2025-04-02 20:56:52,Pro,120,0,
3668,2025-02-27 10:43:21,Organic,India,6,27.0,1,3.0,2025-03-02 10:43:21,0,,,,0,1,1743849801000000000
3669,2025-01-28 04:35:16,Organic,India,3,12.0,0,,,0,,,,0,0,
3670,2025-02-16 18:30:59,Referral,UK,7,21.0,1,2.0,2025-02-18 18:30:59,1,12.0,2025-02-28 18:30:59,Pro,120,0,
3671,2025-02-03 04:19:17,Referral,Germany,5,15.0,1,2.0,2025-02-05 04:19:17,0,,,,0,1,1742185157000000000
3672,2025-01-16 11:22:01,Ads,India,5,20.0,0,,,0,,,,0,0,
3673,2025-01-27 00:25:39,Ads,USA,2,9.0,1,1.0,2025-01-28 00:25:39,0,,,,0,1,1739838339000000000
3674,2025-02-20 09:38:05,Ads,UK,10,30.0,1,3.0,2025-02-23 09:38:05,1,9.0,2025-03-01 09:38:05,Basic,50,0,
3675,2025-03-10 10:35:18,Organic,USA,2,8.0,0,,,0,,,,0,1,1743244518000000000
3676,2025-03-20 00:34:46,Organic,Germany,3,12.0,0,,,0,,,,0,1,1746146086000000000
3677,2025-01-19 06:19:29,Organic,USA,5,30.0,1,2.0,2025-01-21 06:19:29,0,,,,0,0,
3678,2025-03-01 00:13:22,Organic,India,5,30.0,1,2.0,2025-03-03 00:13:22,0,,,,0,1,1745194402000000000
3679,2025-03-06 19:31:12,Referral,Germany,5,22.5,1,1.0,2025-03-07 19:31:12,0,,,,0,0,
3680,2025-02-15 13:03:19,Ads,USA,10,30.0,1,1.0,2025-02-16 13:03:19,0,,,,0,1,1742475799000000000
3681,2025-02-19 08:13:44,Organic,India,5,15.0,1,1.0,2025-02-20 08:13:44,1,12.0,2025-03-03 08:13:44,Pro,120,0,
3682,2025-02-28 03:39:15,Organic,India,7,42.0,1,3.0,2025-03-03 03:39:15,0,,,,0,1,1742441955000000000
3683,2025-02-01 19:06:16,Organic,Germany,5,30.0,1,1.0,2025-02-02 19:06:16,0,,,,0,0,
3684,2025-02-05 01:09:09,Ads,UK,7,28.0,0,,,1,8.0,2025-02-13 01:09:09,Basic,50,0,
3685,2025-01-31 12:55:09,Referral,USA,5,15.0,1,2.0,2025-02-02 12:55:09,0,,,,0,1,1740401709000000000
3686,2025-02-12 06:16:27,Organic,Canada,4,12.0,1,3.0,2025-02-15 06:16:27,1,14.0,2025-02-26 06:16:27,Pro,120,1,1743747387000000000
3687,2025-01-25 08:38:03,Organic,USA,3,9.0,1,1.0,2025-01-26 08:38:03,1,9.0,2025-02-03 08:38:03,Pro,120,0,
3688,2025-01-30 06:03:39,Ads,India,6,36.0,1,1.0,2025-01-31 06:03:39,0,,,,0,1,1741068219000000000
3689,2025-01-20 19:27:52,Ads,UK,3,13.5,1,3.0,2025-01-23 19:27:52,0,,,,0,1,1741462072000000000
3690,2025-03-10 08:32:30,Organic,UK,3,9.0,1,1.0,2025-03-11 08:32:30,0,,,,0,0,
3691,2025-02-07 04:28:03,Ads,USA,7,31.5,1,1.0,2025-02-08 04:28:03,0,,,,0,1,1742790483000000000
3692,2025-02-05 01:17:11,Ads,India,8,24.0,1,2.0,2025-02-07 01:17:11,1,12.0,2025-02-17 01:17:11,Pro,120,0,
3693,2025-03-09 11:19:52,Organic,India,5,30.0,1,1.0,2025-03-10 11:19:52,0,,,,0,0,
3694,2025-03-18 09:06:43,Organic,UK,5,20.0,0,,,1,5.0,2025-03-23 09:06:43,Basic,50,0,
3695,2025-03-25 16:56:52,Organic,Canada,4,8.0,0,,,0,,,,0,1,1745859412000000000
3696,2025-01-30 18:12:45,Referral,UK,5,30.0,1,3.0,2025-02-02 18:12:45,1,5.0,2025-02-04 18:12:45,Basic,50,0,
3697,2025-03-16 08:25:59,Referral,Canada,4,16.0,0,,,0,,,,0,1,1746519959000000000
3698,2025-01-21 14:02:19,Referral,UK,3,6.0,0,,,0,,,,0,0,
3699,2025-03-22 20:04:57,Ads,Canada,4,12.0,0,,,0,,,,0,1,1744315497000000000
3700,2025-02-16 13:58:53,Ads,India,3,9.0,0,,,0,,,,0,0,
3701,2025-02-26 05:47:01,Ads,India,7,28.0,0,,,0,,,,0,0,
3702,2025-01-17 08:47:02,Referral,USA,10,40.0,0,,,0,,,,0,1,1739695622000000000
3703,2025-02-13 23:54:10,Organic,India,5,22.5,1,1.0,2025-02-14 23:54:10,0,,,,0,1,1742946850000000000
3704,2025-01-12 00:30:46,Ads,UK,6,12.0,0,,,0,,,,0,1,1738629046000000000
3705,2025-01-01 05:27:55,Ads,Germany,4,12.0,1,2.0,2025-01-03 05:27:55,1,9.0,2025-01-10 05:27:55,Basic,50,0,
3706,2025-01-01 20:33:17,Ads,USA,4,12.0,0,,,0,,,,0,1,1739305997000000000
3707,2025-03-16 12:45:43,Organic,Germany,7,28.0,0,,,0,,,,0,0,
3708,2025-01-12 04:46:01,Ads,USA,7,21.0,1,2.0,2025-01-14 04:46:01,0,,,,0,0,
3709,2025-01-24 03:11:11,Ads,USA,6,27.0,1,2.0,2025-01-26 03:11:11,1,6.0,2025-01-30 03:11:11,Pro,120,0,
3710,2025-01-06 15:13:19,Organic,USA,2,6.0,0,,,0,,,,0,1,1737990799000000000
3711,2025-03-20 19:53:25,Ads,India,4,24.0,1,3.0,2025-03-23 19:53:25,0,,,,0,0,
3712,2025-02-27 06:59:42,Organic,India,8,36.0,1,2.0,2025-03-01 06:59:42,0,,,,0,1,1743577182000000000
3713,2025-01-26 21:40:57,Referral,USA,9,40.5,1,1.0,2025-01-27 21:40:57,0,,,,0,0,
3714,2025-02-21 16:05:44,Ads,Germany,11,44.0,0,,,0,,,,0,1,1744301144000000000
3715,2025-03-07 14:44:28,Ads,USA,4,12.0,1,1.0,2025-03-08 14:44:28,1,12.0,2025-03-19 14:44:28,Basic,50,0,
3716,2025-01-28 21:10:29,Organic,India,5,22.5,1,3.0,2025-01-31 21:10:29,0,,,,0,1,1742850629000000000
3717,2025-02-15 09:17:31,Organic,India,6,36.0,1,3.0,2025-02-18 09:17:31,0,,,,0,1,1740993451000000000
3718,2025-01-07 13:14:48,Ads,Germany,3,18.0,1,3.0,2025-01-10 13:14:48,0,,,,0,1,1737638088000000000
3719,2025-03-03 19:02:04,Organic,USA,2,6.0,1,1.0,2025-03-04 19:02:04,1,13.0,2025-03-16 19:02:04,Basic,50,0,
3720,2025-03-17 21:55:47,Ads,Germany,10,45.0,1,1.0,2025-03-18 21:55:47,1,7.0,2025-03-24 21:55:47,Pro,120,1,1746050147000000000
3721,2025-01-21 09:43:19,Organic,USA,7,31.5,1,2.0,2025-01-23 09:43:19,1,14.0,2025-02-04 09:43:19,Basic,50,0,
3722,2025-03-20 11:28:42,Referral,USA,5,22.5,1,1.0,2025-03-21 11:28:42,0,,,,0,0,
3723,2025-01-08 14:46:43,Ads,UK,5,22.5,1,3.0,2025-01-11 14:46:43,1,5.0,2025-01-13 14:46:43,Basic,50,1,1738162003000000000
3724,2025-01-28 18:41:21,Organic,India,3,13.5,1,3.0,2025-01-31 18:41:21,0,,,,0,1,1741200081000000000
3725,2025-01-10 07:38:33,Ads,UK,2,4.0,0,,,0,,,,0,1,1739173113000000000
3726,2025-03-13 21:06:50,Referral,USA,3,9.0,0,,,1,14.0,2025-03-27 21:06:50,Pro,120,0,
3727,2025-01-29 12:12:40,Ads,UK,6,36.0,1,2.0,2025-01-31 12:12:40,0,,,,0,1,1742645560000000000
3728,2025-01-11 19:16:36,Organic,Canada,3,9.0,0,,,0,,,,0,0,
3729,2025-02-28 04:40:35,Ads,India,7,21.0,1,2.0,2025-03-02 04:40:35,0,,,,0,1,1744260035000000000
3730,2025-02-06 14:33:21,Organic,USA,1,3.0,1,1.0,2025-02-07 14:33:21,0,,,,0,0,
3731,2025-02-16 16:41:04,Organic,India,8,36.0,1,1.0,2025-02-17 16:41:04,0,,,,0,0,
3732,2025-01-19 13:25:46,Organic,India,8,24.0,0,,,0,,,,0,1,1742217946000000000
3733,2025-03-23 12:50:14,Ads,UK,4,24.0,1,3.0,2025-03-26 12:50:14,0,,,,0,1,1746535814000000000
3734,2025-01-25 05:08:21,Organic,India,3,18.0,1,2.0,2025-01-27 05:08:21,0,,,,0,1,1742879301000000000
3735,2025-03-11 09:18:54,Referral,USA,4,18.0,1,3.0,2025-03-14 09:18:54,0,,,,0,1,1743671934000000000
3736,2025-01-23 16:15:10,Organic,India,4,8.0,0,,,0,,,,0,0,
3737,2025-01-17 20:28:01,Organic,India,3,12.0,0,,,0,,,,0,1,1740428881000000000
3738,2025-01-02 08:02:39,Organic,India,6,27.0,1,2.0,2025-01-04 08:02:39,0,,,,0,0,
3739,2025-03-25 12:41:27,Organic,India,5,10.0,0,,,0,,,,0,0,
3740,2025-03-13 20:38:34,Ads,Canada,12,36.0,1,3.0,2025-03-16 20:38:34,0,,,,0,1,1743799114000000000
3741,2025-01-26 01:04:19,Organic,USA,5,30.0,1,1.0,2025-01-27 01:04:19,0,,,,0,1,1742346259000000000
3742,2025-02-21 10:54:15,Organic,Germany,5,10.0,0,,,0,,,,0,0,
3743,2025-03-20 06:22:06,Organic,India,3,13.5,1,2.0,2025-03-22 06:22:06,0,,,,0,1,1746166926000000000
3744,2025-03-05 10:36:31,Organic,UK,9,40.5,1,1.0,2025-03-06 10:36:31,0,,,,0,1,1744626991000000000
3745,2025-03-05 09:49:58,Organic,UK,5,22.5,1,2.0,2025-03-07 09:49:58,1,6.0,2025-03-11 09:49:58,Basic,50,1,1742982598000000000
3746,2025-02-13 05:37:24,Ads,India,8,24.0,0,,,0,,,,0,0,
3747,2025-03-15 09:40:57,Ads,UK,6,18.0,1,2.0,2025-03-17 09:40:57,0,,,,0,1,1744105257000000000
3748,2025-03-26 08:00:25,Ads,UK,3,6.0,0,,,0,,,,0,0,
3749,2025-02-10 23:44:43,Ads,USA,3,13.5,1,2.0,2025-02-12 23:44:43,0,,,,0,0,
3750,2025-01-31 00:10:31,Ads,UK,4,8.0,0,,,0,,,,0,1,1742515831000000000
3751,2025-01-20 11:52:31,Referral,USA,9,27.0,0,,,0,,,,0,0,
3752,2025-03-10 12:41:49,Organic,India,8,36.0,1,1.0,2025-03-11 12:41:49,1,6.0,2025-03-16 12:41:49,Pro,120,0,
3753,2025-01-18 12:12:40,Organic,USA,7,42.0,1,3.0,2025-01-21 12:12:40,1,11.0,2025-01-29 12:12:40,Basic,50,1,1740485560000000000
3754,2025-01-17 22:13:56,Organic,Canada,5,22.5,1,3.0,2025-01-20 22:13:56,1,9.0,2025-01-26 22:13:56,Basic,50,0,
3755,2025-02-11 04:14:49,Organic,India,8,24.0,1,2.0,2025-02-13 04:14:49,1,13.0,2025-02-24 04:14:49,Basic,50,0,
3756,2025-02-21 11:03:48,Organic,USA,6,18.0,1,2.0,2025-02-23 11:03:48,0,,,,0,1,1744974228000000000
3757,2025-02-03 08:09:53,Ads,USA,4,12.0,1,2.0,2025-02-05 08:09:53,0,,,,0,1,1742371793000000000
3758,2025-01-22 13:33:56,Organic,UK,3,13.5,1,3.0,2025-01-25 13:33:56,1,13.0,2025-02-04 13:33:56,Pro,120,1,1741527236000000000
3759,2025-01-28 03:49:42,Referral,UK,4,24.0,1,3.0,2025-01-31 03:49:42,0,,,,0,1,1741492182000000000
3760,2025-02-11 08:37:45,Organic,India,3,18.0,1,3.0,2025-02-14 08:37:45,1,5.0,2025-02-16 08:37:45,Basic,50,1,1742978265000000000
3761,2025-03-28 09:00:20,Organic,UK,3,9.0,0,,,0,,,,0,0,
3762,2025-02-13 14:27:35,Referral,USA,3,12.0,0,,,1,7.0,2025-02-20 14:27:35,Pro,120,1,1742394455000000000
3763,2025-01-19 12:23:12,Referral,USA,5,22.5,1,1.0,2025-01-20 12:23:12,0,,,,0,0,
3764,2025-02-21 18:59:30,Organic,USA,5,22.5,1,2.0,2025-02-23 18:59:30,0,,,,0,1,1744570770000000000
3765,2025-01-06 05:15:30,Ads,UK,4,12.0,1,3.0,2025-01-09 05:15:30,1,5.0,2025-01-11 05:15:30,Basic,50,0,
3766,2025-03-06 17:35:20,Referral,Canada,5,15.0,1,3.0,2025-03-09 17:35:20,0,,,,0,0,
3767,2025-03-27 16:12:04,Organic,USA,3,18.0,1,2.0,2025-03-29 16:12:04,1,6.0,2025-04-02 16:12:04,Basic,50,0,
3768,2025-02-24 22:47:27,Organic,USA,4,18.0,1,2.0,2025-02-26 22:47:27,0,,,,0,0,
3769,2025-01-28 19:16:27,Referral,India,1,4.5,1,1.0,2025-01-29 19:16:27,0,,,,0,0,
3770,2025-03-10 08:13:48,Ads,India,10,60.0,1,1.0,2025-03-11 08:13:48,0,,,,0,0,
3771,2025-02-10 11:46:48,Organic,Germany,9,40.5,1,2.0,2025-02-12 11:46:48,1,13.0,2025-02-23 11:46:48,Basic,50,1,1742557608000000000
3772,2025-01-28 09:06:40,Ads,USA,3,9.0,0,,,0,,,,0,1,1742548000000000000
3773,2025-02-12 13:29:21,Organic,USA,12,54.0,1,1.0,2025-02-13 13:29:21,0,,,,0,0,
3774,2025-03-04 12:54:12,Referral,UK,10,30.0,1,2.0,2025-03-06 12:54:12,0,,,,0,1,1743771252000000000
3775,2025-02-05 04:08:35,Organic,India,5,22.5,1,2.0,2025-02-07 04:08:35,1,6.0,2025-02-11 04:08:35,Basic,50,0,
3776,2025-01-02 01:16:46,Referral,Canada,8,48.0,1,1.0,2025-01-03 01:16:46,0,,,,0,1,1738286206000000000
3777,2025-02-18 01:16:25,Ads,UK,6,27.0,1,1.0,2025-02-19 01:16:25,1,9.0,2025-02-27 01:16:25,Basic,50,1,1743556585000000000
3778,2025-02-17 04:56:24,Organic,UK,5,22.5,1,1.0,2025-02-18 04:56:24,0,,,,0,1,1742446584000000000
3779,2025-02-20 01:00:54,Organic,India,6,36.0,1,2.0,2025-02-22 01:00:54,0,,,,0,1,1741827654000000000
3780,2025-01-08 23:18:45,Ads,USA,5,15.0,1,1.0,2025-01-09 23:18:45,1,12.0,2025-01-20 23:18:45,Basic,50,0,
3781,2025-02-03 14:23:50,Referral,India,5,30.0,1,1.0,2025-02-04 14:23:50,0,,,,0,0,
3782,2025-01-10 03:06:08,Organic,USA,5,30.0,1,1.0,2025-01-11 03:06:08,1,6.0,2025-01-16 03:06:08,Basic,50,0,
3783,2025-01-03 09:21:27,Organic,UK,3,9.0,0,,,0,,,,0,1,1740216087000000000
3784,2025-03-15 22:48:28,Ads,India,7,28.0,0,,,0,,,,0,1,1743806908000000000
3785,2025-02-12 02:30:20,Ads,UK,3,9.0,1,2.0,2025-02-14 02:30:20,0,,,,0,1,1743906620000000000
3786,2025-02-08 00:18:41,Organic,USA,3,18.0,1,1.0,2025-02-09 00:18:41,1,7.0,2025-02-15 00:18:41,Basic,50,0,
3787,2025-03-23 05:35:23,Ads,Canada,6,27.0,1,2.0,2025-03-25 05:35:23,0,,,,0,0,
3788,2025-01-08 20:34:01,Ads,USA,9,40.5,1,3.0,2025-01-11 20:34:01,0,,,,0,1,1738787641000000000
3789,2025-03-18 01:34:34,Organic,India,8,48.0,1,3.0,2025-03-21 01:34:34,0,,,,0,1,1745372074000000000
3790,2025-03-04 17:45:12,Organic,India,5,15.0,1,2.0,2025-03-06 17:45:12,1,7.0,2025-03-11 17:45:12,Basic,50,1,1744220712000000000
3791,2025-02-04 00:28:22,Organic,Canada,11,66.0,1,3.0,2025-02-07 00:28:22,0,,,,0,0,
3792,2025-02-09 23:01:41,Ads,USA,6,27.0,1,2.0,2025-02-11 23:01:41,1,12.0,2025-02-21 23:01:41,Basic,50,1,1743030101000000000
3793,2025-01-01 12:33:52,Ads,USA,6,36.0,1,1.0,2025-01-02 12:33:52,0,,,,0,0,
3794,2025-01-29 07:24:00,Ads,India,3,6.0,0,,,0,,,,0,0,
3795,2025-03-20 03:30:41,Organic,India,1,2.0,0,,,0,,,,0,0,
3796,2025-03-23 21:12:37,Organic,Canada,4,24.0,1,3.0,2025-03-26 21:12:37,0,,,,0,0,
3797,2025-03-18 10:31:09,Referral,UK,3,12.0,0,,,1,9.0,2025-03-27 10:31:09,Basic,50,0,
3798,2025-03-05 02:26:13,Organic,India,4,8.0,0,,,0,,,,0,1,1746239173000000000
3799,2025-03-02 10:16:01,Ads,USA,2,12.0,1,2.0,2025-03-04 10:16:01,0,,,,0,1,1744280161000000000
3800,2025-01-16 23:18:24,Ads,India,3,13.5,1,2.0,2025-01-18 23:18:24,0,,,,0,0,
3801,2025-02-14 13:10:33,Organic,Germany,4,12.0,0,,,0,,,,0,1,1740921033000000000
3802,2025-03-27 02:32:52,Organic,USA,5,30.0,1,3.0,2025-03-30 02:32:52,0,,,,0,1,1745461972000000000
3803,2025-01-17 15:13:08,Organic,UK,7,31.5,1,2.0,2025-01-19 15:13:08,1,8.0,2025-01-25 15:13:08,Pro,120,1,1741533188000000000
3804,2025-01-20 04:05:21,Organic,UK,2,6.0,0,,,0,,,,0,0,
3805,2025-01-07 05:37:25,Ads,Canada,9,40.5,1,1.0,2025-01-08 05:37:25,0,,,,0,1,1740029845000000000
3806,2025-01-19 04:39:11,Organic,Germany,4,24.0,1,1.0,2025-01-20 04:39:11,0,,,,0,0,
3807,2025-03-03 23:22:32,Organic,India,6,27.0,1,2.0,2025-03-05 23:22:32,0,,,,0,0,
3808,2025-02-22 08:58:41,Ads,Germany,3,13.5,1,3.0,2025-02-25 08:58:41,0,,,,0,1,1744361921000000000
3809,2025-03-09 12:13:21,Organic,Canada,7,21.0,1,3.0,2025-03-12 12:13:21,0,,,,0,0,
3810,2025-02-02 17:57:35,Ads,India,5,22.5,1,2.0,2025-02-04 17:57:35,0,,,,0,1,1742752655000000000
3811,2025-03-21 23:57:35,Organic,Canada,8,24.0,0,,,0,,,,0,1,1747267055000000000
3812,2025-02-28 13:16:34,Organic,UK,10,60.0,1,3.0,2025-03-03 13:16:34,0,,,,0,0,
3813,2025-01-29 23:21:32,Organic,UK,5,15.0,0,,,0,,,,0,1,1742512892000000000
3814,2025-03-03 11:36:06,Organic,India,5,30.0,1,1.0,2025-03-04 11:36:06,1,5.0,2025-03-08 11:36:06,Basic,50,0,
3815,2025-01-26 08:27:01,Referral,USA,5,15.0,1,2.0,2025-01-28 08:27:01,0,,,,0,0,
3816,2025-03-17 19:28:11,Ads,India,3,13.5,1,1.0,2025-03-18 19:28:11,0,,,,0,0,
3817,2025-03-27 19:28:23,Organic,Canada,6,18.0,1,3.0,2025-03-30 19:28:23,0,,,,0,1,1745868503000000000
3818,2025-02-08 23:13:43,Organic,Germany,6,18.0,1,1.0,2025-02-09 23:13:43,0,,,,0,1,1741043623000000000
3819,2025-01-31 05:07:49,Organic,UK,4,18.0,1,2.0,2025-02-02 05:07:49,0,,,,0,1,1741756069000000000
3820,2025-03-27 07:24:43,Organic,USA,1,3.0,1,1.0,2025-03-28 07:24:43,0,,,,0,0,
3821,2025-01-26 02:02:34,Organic,UK,4,18.0,1,1.0,2025-01-27 02:02:34,0,,,,0,0,
3822,2025-01-13 16:49:13,Ads,India,4,12.0,1,1.0,2025-01-14 16:49:13,0,,,,0,0,
3823,2025-03-16 12:45:22,Referral,USA,5,20.0,0,,,0,,,,0,0,
3824,2025-02-28 10:13:19,Organic,UK,7,42.0,1,1.0,2025-03-01 10:13:19,0,,,,0,1,1743329599000000000
3825,2025-02-20 18:03:30,Ads,India,6,36.0,1,1.0,2025-02-21 18:03:30,1,9.0,2025-03-01 18:03:30,Basic,50,0,
3826,2025-02-25 18:32:30,Referral,India,4,24.0,1,3.0,2025-02-28 18:32:30,1,10.0,2025-03-07 18:32:30,Pro,120,1,1745260350000000000
3827,2025-02-27 18:32:16,Organic,UK,5,15.0,1,1.0,2025-02-28 18:32:16,0,,,,0,1,1745260336000000000
3828,2025-01-10 12:57:35,Referral,USA,5,15.0,1,2.0,2025-01-12 12:57:35,1,11.0,2025-01-21 12:57:35,Basic,50,1,1739797055000000000
3829,2025-02-10 04:22:30,Ads,Canada,2,6.0,1,1.0,2025-02-11 04:22:30,0,,,,0,1,1741234950000000000
3830,2025-02-21 19:05:56,Organic,India,4,12.0,1,1.0,2025-02-22 19:05:56,0,,,,0,1,1744571156000000000
3831,2025-02-02 00:08:51,Referral,India,3,9.0,1,2.0,2025-02-04 00:08:51,0,,,,0,1,1743552531000000000
3832,2025-01-07 19:22:38,Organic,USA,4,12.0,0,,,0,,,,0,1,1739560958000000000
3833,2025-01-31 10:45:23,Organic,UK,4,16.0,0,,,0,,,,0,1,1742726723000000000
3834,2025-02-14 08:21:01,Ads,USA,7,28.0,0,,,0,,,,0,1,1742977261000000000
3835,2025-01-11 00:18:59,Organic,UK,3,9.0,0,,,0,,,,0,1,1739492339000000000
3836,2025-01-19 06:30:38,Organic,USA,3,18.0,1,2.0,2025-01-21 06:30:38,0,,,,0,0,
3837,2025-03-29 07:19:19,Organic,UK,4,24.0,1,1.0,2025-03-30 07:19:19,0,,,,0,0,
3838,2025-03-04 07:48:55,Ads,India,7,42.0,1,3.0,2025-03-07 07:48:55,0,,,,0,1,1744098535000000000
3839,2025-02-13 14:14:44,Ads,India,7,31.5,1,2.0,2025-02-15 14:14:44,0,,,,0,1,1743257684000000000
3840,2025-03-12 21:34:06,Ads,India,2,4.0,0,,,0,,,,0,0,
3841,2025-02-03 14:01:57,Referral,India,3,6.0,0,,,0,,,,0,0,
3842,2025-03-14 18:05:39,Organic,India,4,12.0,1,2.0,2025-03-16 18:05:39,1,5.0,2025-03-19 18:05:39,Basic,50,0,
3843,2025-03-13 11:22:03,Organic,India,4,12.0,1,1.0,2025-03-14 11:22:03,1,9.0,2025-03-22 11:22:03,Pro,120,0,
3844,2025-03-20 21:28:45,Ads,Germany,5,20.0,0,,,0,,,,0,1,1744838925000000000
3845,2025-01-26 14:22:18,Ads,India,2,9.0,1,3.0,2025-01-29 14:22:18,1,9.0,2025-02-04 14:22:18,Basic,50,0,
3846,2025-03-07 21:19:56,Organic,India,7,21.0,1,1.0,2025-03-08 21:19:56,0,,,,0,1,1745443196000000000
3847,2025-01-04 08:29:28,Organic,Canada,4,18.0,1,2.0,2025-01-06 08:29:28,0,,,,0,1,1738398568000000000
3848,2025-03-20 23:09:27,Referral,USA,9,54.0,1,1.0,2025-03-21 23:09:27,0,,,,0,1,1745968167000000000
3849,2025-01-31 13:18:49,Referral,USA,5,15.0,1,1.0,2025-02-01 13:18:49,0,,,,0,0,
3850,2025-02-06 06:20:11,Ads,USA,8,48.0,1,3.0,2025-02-09 06:20:11,0,,,,0,1,1740637211000000000
3851,2025-01-27 06:03:05,Organic,USA,7,28.0,0,,,0,,,,0,1,1740117785000000000
3852,2025-03-08 14:49:20,Referral,India,4,8.0,0,,,0,,,,0,1,1742914160000000000
3853,2025-03-30 07:48:14,Referral,India,7,31.5,1,3.0,2025-04-02 07:48:14,0,,,,0,1,1746085694000000000
3854,2025-03-28 02:47:29,Ads,Canada,6,18.0,1,2.0,2025-03-30 02:47:29,0,,,,0,1,1744685249000000000
3855,2025-02-07 08:32:24,Referral,India,10,40.0,0,,,0,,,,0,1,1740990744000000000
3856,2025-01-20 23:29:59,Referral,India,8,24.0,0,,,0,,,,0,1,1741303799000000000
3857,2025-02-21 17:40:13,Referral,USA,3,9.0,0,,,0,,,,0,0,
3858,2025-02-20 13:25:27,Referral,India,3,9.0,1,1.0,2025-02-21 13:25:27,0,,,,0,1,1744205127000000000
3859,2025-02-28 16:51:55,Ads,USA,6,18.0,1,3.0,2025-03-03 16:51:55,0,,,,0,0,
3860,2025-03-21 03:49:52,Ads,Canada,2,6.0,1,2.0,2025-03-23 03:49:52,1,5.0,2025-03-26 03:49:52,Basic,50,1,1745120992000000000
3861,2025-01-06 03:19:05,Organic,Germany,5,22.5,1,1.0,2025-01-07 03:19:05,0,,,,0,1,1739762345000000000
3862,2025-03-27 10:33:23,Ads,UK,6,27.0,1,1.0,2025-03-28 10:33:23,1,11.0,2025-04-07 10:33:23,Basic,50,0,
3863,2025-03-15 00:48:34,Ads,India,3,9.0,1,2.0,2025-03-17 00:48:34,0,,,,0,0,
3864,2025-01-01 05:54:13,Referral,Germany,6,36.0,1,1.0,2025-01-02 05:54:13,0,,,,0,1,1740203653000000000
3865,2025-02-11 16:51:50,Organic,India,3,13.5,1,1.0,2025-02-12 16:51:50,1,7.0,2025-02-18 16:51:50,Basic,50,0,
3866,2025-01-27 08:26:27,Ads,India,8,32.0,0,,,0,,,,0,1,1741508787000000000
3867,2025-01-27 02:16:54,Organic,USA,5,15.0,1,1.0,2025-01-28 02:16:54,0,,,,0,1,1740881814000000000
3868,2025-02-14 14:11:06,Ads,UK,5,15.0,1,3.0,2025-02-17 14:11:06,0,,,,0,1,1742652666000000000
3869,2025-03-17 05:59:13,Ads,India,6,36.0,1,1.0,2025-03-18 05:59:13,0,,,,0,1,1743573553000000000
3870,2025-03-22 02:06:34,Organic,USA,6,12.0,0,,,0,,,,0,0,
3871,2025-01-11 23:56:02,Ads,Canada,4,16.0,0,,,0,,,,0,1,1739663762000000000
3872,2025-03-22 11:34:28,Organic,India,3,18.0,1,2.0,2025-03-24 11:34:28,0,,,,0,0,
3873,2025-03-20 20:12:34,Organic,UK,7,31.5,1,2.0,2025-03-22 20:12:34,1,8.0,2025-03-28 20:12:34,Pro,120,1,1745698354000000000
3874,2025-01-15 18:03:54,Ads,India,5,20.0,0,,,0,,,,0,1,1741111434000000000
3875,2025-02-01 21:17:43,Organic,USA,1,3.0,1,1.0,2025-02-02 21:17:43,0,,,,0,1,1740863863000000000
3876,2025-02-28 11:31:23,Organic,India,8,24.0,1,2.0,2025-03-02 11:31:23,0,,,,0,1,1742297483000000000
3877,2025-01-15 05:20:07,Organic,USA,8,16.0,0,,,1,12.0,2025-01-27 05:20:07,Basic,50,1,1739510407000000000
3878,2025-01-02 10:06:15,Organic,India,6,18.0,1,3.0,2025-01-05 10:06:15,0,,,,0,1,1740391575000000000
3879,2025-03-01 18:18:35,Ads,Canada,1,2.0,0,,,1,14.0,2025-03-15 18:18:35,Basic,50,1,1743877115000000000
3880,2025-03-22 15:43:36,Organic,Germany,6,27.0,1,1.0,2025-03-23 15:43:36,0,,,,0,1,1745509416000000000
3881,2025-03-12 15:54:11,Referral,Germany,3,9.0,0,,,0,,,,0,1,1745510051000000000
3882,2025-02-22 05:57:56,Organic,India,3,13.5,1,3.0,2025-02-25 05:57:56,0,,,,0,1,1743573476000000000
3883,2025-03-29 23:35:48,Organic,India,5,30.0,1,1.0,2025-03-30 23:35:48,0,,,,0,0,
3884,2025-02-21 15:45:58,Organic,USA,2,6.0,0,,,0,,,,0,0,
3885,2025-01-05 19:10:00,Ads,UK,2,8.0,0,,,0,,,,0,1,1738437000000000000
3886,2025-03-13 13:03:42,Ads,Germany,3,12.0,0,,,0,,,,0,1,1744981422000000000
3887,2025-01-27 06:17:50,Referral,UK,3,9.0,0,,,0,,,,0,0,
3888,2025-02-21 01:55:59,Ads,USA,7,21.0,1,3.0,2025-02-24 01:55:59,0,,,,0,1,1743731759000000000
3889,2025-01-24 12:58:21,Organic,India,10,30.0,0,,,0,,,,0,1,1739710701000000000
3890,2025-03-30 10:16:07,Ads,Canada,7,28.0,0,,,0,,,,0,0,
3891,2025-02-02 18:32:49,Referral,India,5,30.0,1,1.0,2025-02-03 18:32:49,0,,,,0,1,1742668369000000000
3892,2025-03-26 17:55:53,Organic,India,3,18.0,1,1.0,2025-03-27 17:55:53,1,6.0,2025-04-01 17:55:53,Basic,50,0,
3893,2025-01-17 18:26:03,Organic,Canada,5,22.5,1,1.0,2025-01-18 18:26:03,0,,,,0,0,
3894,2025-01-30 03:51:47,Ads,USA,7,31.5,1,1.0,2025-01-31 03:51:47,0,,,,0,1,1742097107000000000
3895,2025-02-28 15:16:21,Organic,India,4,24.0,1,2.0,2025-03-02 15:16:21,0,,,,0,0,
3896,2025-01-15 13:05:15,Referral,India,6,27.0,1,3.0,2025-01-18 13:05:15,1,12.0,2025-01-27 13:05:15,Pro,120,1,1740661515000000000
3897,2025-01-01 22:17:37,Organic,India,10,45.0,1,2.0,2025-01-03 22:17:37,1,12.0,2025-01-13 22:17:37,Pro,120,1,1737584257000000000
3898,2025-01-18 16:02:14,Organic,USA,5,30.0,1,3.0,2025-01-21 16:02:14,0,,,,0,0,
3899,2025-01-10 12:55:43,Referral,India,3,9.0,0,,,0,,,,0,1,1740660943000000000
3900,2025-03-27 00:42:42,Referral,Canada,3,13.5,1,3.0,2025-03-30 00:42:42,1,9.0,2025-04-05 00:42:42,Basic,50,0,
3901,2025-03-30 02:48:12,Organic,India,1,3.0,1,3.0,2025-04-02 02:48:12,0,,,,0,1,1745981292000000000
3902,2025-02-04 21:28:58,Referral,USA,6,18.0,1,3.0,2025-02-07 21:28:58,0,,,,0,0,
3903,2025-03-17 06:06:41,Organic,India,3,9.0,0,,,0,,,,0,0,
3904,2025-02-14 00:23:06,Organic,India,6,27.0,1,3.0,2025-02-17 00:23:06,0,,,,0,1,1743380586000000000
3905,2025-02-24 15:52:07,Referral,UK,11,33.0,0,,,0,,,,0,0,
3906,2025-03-01 05:47:17,Ads,UK,3,18.0,1,1.0,2025-03-02 05:47:17,1,7.0,2025-03-08 05:47:17,Pro,120,0,
3907,2025-01-05 07:13:36,Organic,India,4,18.0,1,2.0,2025-01-07 07:13:36,1,10.0,2025-01-15 07:13:36,Pro,120,0,
3908,2025-01-23 16:29:15,Organic,USA,7,31.5,1,1.0,2025-01-24 16:29:15,0,,,,0,1,1739291355000000000
3909,2025-02-11 22:41:04,Ads,Canada,2,6.0,1,3.0,2025-02-14 22:41:04,1,6.0,2025-02-17 22:41:04,Pro,120,1,1743374464000000000
3910,2025-01-09 23:19:18,Organic,India,6,18.0,0,,,0,,,,0,1,1740525558000000000
3911,2025-02-01 08:55:27,Ads,India,6,18.0,1,3.0,2025-02-04 08:55:27,0,,,,0,1,1743152127000000000
3912,2025-01-21 11:22:47,Ads,USA,3,13.5,1,3.0,2025-01-24 11:22:47,0,,,,0,1,1742556167000000000
3913,2025-03-12 04:04:52,Organic,USA,8,48.0,1,3.0,2025-03-15 04:04:52,1,14.0,2025-03-26 04:04:52,Basic,50,1,1744776292000000000
3914,2025-01-11 14:33:03,Ads,India,2,9.0,1,2.0,2025-01-13 14:33:03,0,,,,0,1,1738247583000000000
3915,2025-01-04 05:33:35,Referral,India,8,36.0,1,3.0,2025-01-07 05:33:35,1,11.0,2025-01-15 05:33:35,Basic,50,0,
3916,2025-03-27 04:28:26,Organic,USA,2,6.0,1,2.0,2025-03-29 04:28:26,0,,,,0,1,1747801706000000000
3917,2025-02-02 21:47:16,Organic,Germany,2,6.0,1,2.0,2025-02-04 21:47:16,1,5.0,2025-02-07 21:47:16,Basic,50,0,
3918,2025-02-13 06:17:39,Organic,USA,5,15.0,1,3.0,2025-02-16 06:17:39,0,,,,0,0,
3919,2025-03-27 09:58:53,Ads,India,7,31.5,1,2.0,2025-03-29 09:58:53,0,,,,0,0,
3920,2025-01-04 03:55:49,Referral,USA,4,16.0,0,,,0,,,,0,1,1738382149000000000
3921,2025-02-17 16:08:13,Organic,India,7,21.0,1,2.0,2025-02-19 16:08:13,1,5.0,2025-02-22 16:08:13,Basic,50,0,
3922,2025-03-13 05:26:13,Organic,India,7,21.0,0,,,0,,,,0,1,1745126773000000000
3923,2025-03-11 20:26:58,Organic,USA,4,12.0,0,,,0,,,,0,1,1746044818000000000
3924,2025-03-19 09:34:23,Ads,Germany,8,36.0,1,3.0,2025-03-22 09:34:23,0,,,,0,0,
3925,2025-01-23 16:36:24,Organic,Canada,7,21.0,1,2.0,2025-01-25 16:36:24,1,5.0,2025-01-28 16:36:24,Pro,120,1,1741797384000000000
3926,2025-02-13 04:56:43,Referral,India,7,31.5,1,1.0,2025-02-14 04:56:43,0,,,,0,0,
3927,2025-03-14 00:49:14,Organic,UK,8,36.0,1,2.0,2025-03-16 00:49:14,1,11.0,2025-03-25 00:49:14,Basic,50,0,
3928,2025-03-06 15:35:09,Ads,India,8,16.0,0,,,0,,,,0,1,1743867309000000000
3929,2025-03-06 23:51:18,Ads,India,5,22.5,1,3.0,2025-03-09 23:51:18,0,,,,0,1,1744242678000000000
3930,2025-01-17 09:23:27,Ads,Germany,6,27.0,1,3.0,2025-01-20 09:23:27,0,,,,0,1,1739870607000000000
3931,2025-01-07 16:44:48,Organic,Germany,5,30.0,1,1.0,2025-01-08 16:44:48,0,,,,0,0,
3932,2025-03-28 18:17:34,Ads,India,2,6.0,0,,,0,,,,0,1,1747937854000000000
3933,2025-02-18 21:55:56,Organic,India,3,12.0,0,,,0,,,,0,0,
3934,2025-03-25 22:23:50,Organic,India,4,12.0,1,3.0,2025-03-28 22:23:50,0,,,,0,0,
3935,2025-03-08 14:51:32,Ads,USA,1,3.0,1,1.0,2025-03-09 14:51:32,0,,,,0,1,1744123892000000000
3936,2025-01-29 15:24:13,Ads,Canada,8,48.0,1,2.0,2025-01-31 15:24:13,0,,,,0,1,1739978653000000000
3937,2025-02-07 01:30:09,Organic,India,5,20.0,0,,,0,,,,0,0,
3938,2025-02-18 22:26:35,Organic,USA,3,12.0,0,,,0,,,,0,1,1744323995000000000
3939,2025-02-23 02:37:25,Referral,India,1,3.0,0,,,0,,,,0,1,1741574245000000000
3940,2025-03-04 23:23:37,Referral,India,2,9.0,1,1.0,2025-03-05 23:23:37,1,12.0,2025-03-16 23:23:37,Basic,50,0,
3941,2025-03-26 22:14:54,Organic,UK,5,20.0,0,,,0,,,,0,1,1746742494000000000
3942,2025-01-07 03:58:46,Ads,Canada,2,8.0,0,,,0,,,,0,1,1740974326000000000
3943,2025-02-15 17:50:55,Organic,India,5,30.0,1,2.0,2025-02-17 17:50:55,0,,,,0,1,1742493055000000000
3944,2025-02-14 04:20:42,Ads,India,5,15.0,1,1.0,2025-02-15 04:20:42,0,,,,0,1,1743567642000000000
3945,2025-03-07 07:48:20,Referral,India,7,21.0,0,,,0,,,,0,1,1743925700000000000
3946,2025-02-27 18:14:48,Organic,USA,3,9.0,0,,,0,,,,0,1,1745259288000000000
3947,2025-03-03 07:45:06,Ads,India,2,4.0,0,,,0,,,,0,1,1742543106000000000
3948,2025-01-03 18:39:28,Organic,USA,6,27.0,1,1.0,2025-01-04 18:39:28,0,,,,0,0,
3949,2025-01-04 08:16:03,Ads,India,3,18.0,1,2.0,2025-01-06 08:16:03,0,,,,0,0,
3950,2025-01-31 00:08:56,Ads,India,7,31.5,1,3.0,2025-02-03 00:08:56,0,,,,0,0,
3951,2025-02-04 10:33:55,Referral,UK,6,24.0,0,,,0,,,,0,0,
3952,2025-03-20 20:22:57,Organic,India,4,12.0,1,2.0,2025-03-22 20:22:57,1,12.0,2025-04-01 20:22:57,Pro,120,1,1746130977000000000
3953,2025-02-08 04:56:57,Organic,UK,4,12.0,1,3.0,2025-02-11 04:56:57,0,,,,0,1,1740373017000000000
3954,2025-03-05 16:59:41,Organic,USA,2,6.0,0,,,0,,,,0,0,
3955,2025-01-07 00:12:45,Referral,Canada,6,36.0,1,2.0,2025-01-09 00:12:45,0,,,,0,0,
3956,2025-02-21 02:08:04,Ads,India,7,42.0,1,1.0,2025-02-22 02:08:04,0,,,,0,1,1743732484000000000
3957,2025-02-09 19:47:46,Ads,UK,6,18.0,0,,,0,,,,0,1,1742327266000000000
3958,2025-02-14 21:19:23,Organic,India,6,18.0,1,2.0,2025-02-16 21:19:23,0,,,,0,1,1744147163000000000
3959,2025-02-07 12:58:04,Referral,Germany,10,60.0,1,3.0,2025-02-10 12:58:04,0,,,,0,0,
3960,2025-03-19 22:34:48,Referral,UK,4,12.0,0,,,0,,,,0,1,1745102088000000000
3961,2025-02-05 00:04:03,Ads,India,4,24.0,1,2.0,2025-02-07 00:04:03,0,,,,0,1,1741392243000000000
3962,2025-01-12 21:25:57,Organic,India,5,30.0,1,2.0,2025-01-14 21:25:57,0,,,,0,1,1739136357000000000
3963,2025-03-28 01:28:17,Organic,Canada,6,36.0,1,1.0,2025-03-29 01:28:17,1,8.0,2025-04-05 01:28:17,Basic,50,1,1747704497000000000
3964,2025-03-10 06:34:45,Ads,Germany,4,12.0,0,,,0,,,,0,1,1745044485000000000
3965,2025-03-04 13:21:22,Ads,Canada,6,18.0,1,3.0,2025-03-07 13:21:22,0,,,,0,1,1745068882000000000
3966,2025-03-29 23:35:23,Organic,Canada,7,21.0,1,3.0,2025-04-01 23:35:23,0,,,,0,1,1747092923000000000
3967,2025-03-28 08:51:04,Ads,Canada,4,12.0,1,3.0,2025-03-31 08:51:04,1,5.0,2025-04-02 08:51:04,Basic,50,0,
3968,2025-01-24 02:29:30,Organic,USA,4,18.0,1,1.0,2025-01-25 02:29:30,0,,,,0,1,1742005770000000000
3969,2025-02-15 00:09:37,Ads,India,5,22.5,1,2.0,2025-02-17 00:09:37,0,,,,0,1,1741910977000000000
3970,2025-03-07 20:03:58,Ads,India,3,6.0,0,,,0,,,,0,1,1746216238000000000
3971,2025-03-05 11:52:11,Organic,USA,0,0.0,1,1.0,2025-03-06 11:52:11,0,,,,0,1,1743508331000000000
3972,2025-01-14 23:02:03,Ads,USA,5,15.0,1,1.0,2025-01-15 23:02:03,0,,,,0,1,1740351723000000000
3973,2025-03-19 14:06:00,Organic,USA,5,10.0,0,,,0,,,,0,1,1746194760000000000
3974,2025-01-19 17:03:16,Organic,India,1,3.0,0,,,0,,,,0,1,1741712596000000000
3975,2025-01-21 15:59:19,Referral,USA,2,12.0,1,2.0,2025-01-23 15:59:19,0,,,,0,0,
3976,2025-01-04 13:40:49,Organic,India,7,42.0,1,3.0,2025-01-07 13:40:49,1,14.0,2025-01-18 13:40:49,Pro,120,0,
3977,2025-02-14 12:38:45,Organic,USA,4,18.0,1,2.0,2025-02-16 12:38:45,1,9.0,2025-02-23 12:38:45,Pro,120,1,1742992725000000000
3978,2025-01-07 04:13:54,Organic,USA,6,18.0,0,,,0,,,,0,1,1739852034000000000
3979,2025-02-15 12:25:47,Organic,India,9,27.0,1,1.0,2025-02-16 12:25:47,0,,,,0,0,
3980,2025-03-02 19:54:03,Organic,Canada,4,16.0,0,,,0,,,,0,0,
3981,2025-01-03 04:50:37,Organic,USA,3,12.0,0,,,0,,,,0,0,
3982,2025-01-10 21:47:27,Ads,Canada,5,15.0,1,2.0,2025-01-12 21:47:27,1,7.0,2025-01-17 21:47:27,Basic,50,0,
3983,2025-02-23 12:20:36,Organic,India,6,18.0,1,3.0,2025-02-26 12:20:36,0,,,,0,0,
3984,2025-03-22 06:52:11,Ads,India,3,18.0,1,3.0,2025-03-25 06:52:11,0,,,,0,1,1744095131000000000
3985,2025-03-29 11:07:35,Organic,India,8,16.0,0,,,0,,,,0,0,
3986,2025-03-03 17:43:53,Organic,India,9,54.0,1,1.0,2025-03-04 17:43:53,0,,,,0,0,
3987,2025-02-21 02:34:37,Organic,India,6,27.0,1,1.0,2025-02-22 02:34:37,0,,,,0,0,
3988,2025-01-17 06:39:28,Referral,India,4,18.0,1,2.0,2025-01-19 06:39:28,0,,,,0,1,1741156768000000000
3989,2025-03-21 04:21:40,Ads,Canada,7,42.0,1,1.0,2025-03-22 04:21:40,0,,,,0,1,1745295700000000000
3990,2025-01-10 18:51:14,Ads,Germany,4,16.0,0,,,0,,,,0,1,1739040674000000000
3991,2025-03-08 23:01:07,Organic,Germany,4,12.0,1,3.0,2025-03-11 23:01:07,0,,,,0,1,1742857267000000000
3992,2025-02-22 20:12:17,Referral,Germany,5,22.5,1,3.0,2025-02-25 20:12:17,0,,,,0,1,1742760737000000000
3993,2025-01-15 04:12:24,Organic,USA,2,8.0,0,,,0,,,,0,0,
3994,2025-03-11 02:23:46,Organic,USA,3,9.0,1,2.0,2025-03-13 02:23:46,0,,,,0,1,1744943026000000000
3995,2025-02-26 06:48:14,Ads,India,7,42.0,1,1.0,2025-02-27 06:48:14,0,,,,0,1,1744526894000000000
3996,2025-02-08 17:56:09,Organic,India,5,22.5,1,1.0,2025-02-09 17:56:09,0,,,,0,1,1744048569000000000
3997,2025-01-25 15:56:58,Referral,UK,5,20.0,0,,,0,,,,0,1,1739462218000000000
3998,2025-02-07 15:05:28,Organic,Canada,2,8.0,0,,,0,,,,0,0,
3999,2025-03-30 21:05:51,Referral,UK,6,36.0,1,2.0,2025-04-01 21:05:51,0,,,,0,1,1746651951000000000
4000,2025-02-23 13:56:15,Ads,Canada,7,42.0,1,3.0,2025-02-26 13:56:15,0,,,,0,1,1743429375000000000
4001,2025-02-10 09:17:09,Ads,India,5,30.0,1,3.0,2025-02-13 09:17:09,0,,,,0,1,1741598229000000000
4002,2025-03-28 13:05:20,Organic,USA,7,21.0,0,,,0,,,,0,1,1745672720000000000
4003,2025-03-21 17:24:20,Organic,USA,6,12.0,0,,,0,,,,0,1,1745256260000000000
4004,2025-03-16 23:34:03,Referral,Germany,3,13.5,1,3.0,2025-03-19 23:34:03,1,9.0,2025-03-25 23:34:03,Basic,50,0,
4005,2025-01-30 00:47:06,Organic,Germany,4,8.0,0,,,0,,,,0,1,1740617226000000000
4006,2025-01-30 07:04:46,Ads,USA,7,14.0,0,,,0,,,,0,0,
4007,2025-01-04 09:52:26,Referral,India,2,9.0,1,3.0,2025-01-07 09:52:26,1,14.0,2025-01-18 09:52:26,Basic,50,0,
4008,2025-03-08 02:19:14,Organic,India,8,48.0,1,2.0,2025-03-10 02:19:14,0,,,,0,0,
4009,2025-03-04 20:53:39,Ads,India,5,10.0,0,,,0,,,,0,1,1745268819000000000
4010,2025-02-20 09:08:12,Ads,Canada,1,4.0,0,,,0,,,,0,1,1741338492000000000
4011,2025-01-20 16:49:19,Organic,India,4,18.0,1,2.0,2025-01-22 16:49:19,1,8.0,2025-01-28 16:49:19,Pro,120,1,1740502159000000000
4012,2025-02-13 11:53:05,Organic,India,2,4.0,0,,,1,5.0,2025-02-18 11:53:05,Basic,50,0,
4013,2025-02-14 00:09:37,Organic,India,5,15.0,1,3.0,2025-02-17 00:09:37,0,,,,0,1,1741651777000000000
4014,2025-01-24 04:30:26,Organic,Germany,6,27.0,1,1.0,2025-01-25 04:30:26,0,,,,0,0,
4015,2025-02-08 18:57:43,Ads,USA,7,31.5,1,2.0,2025-02-10 18:57:43,0,,,,0,1,1741287463000000000
4016,2025-03-05 17:12:59,Organic,USA,3,12.0,0,,,0,,,,0,0,
4017,2025-01-02 10:25:50,Referral,India,5,22.5,1,1.0,2025-01-03 10:25:50,0,,,,0,1,1737541550000000000
4018,2025-02-22 08:39:02,Organic,India,3,18.0,1,1.0,2025-02-23 08:39:02,1,13.0,2025-03-07 08:39:02,Pro,120,0,
4019,2025-02-25 11:53:41,Ads,India,8,24.0,1,3.0,2025-02-28 11:53:41,0,,,,0,0,
4020,2025-01-14 08:20:24,Ads,Canada,6,36.0,1,2.0,2025-01-16 08:20:24,0,,,,0,0,
4021,2025-02-18 23:47:31,Organic,Canada,5,10.0,0,,,0,,,,0,0,
4022,2025-01-31 16:10:35,Organic,USA,6,18.0,1,1.0,2025-02-01 16:10:35,0,,,,0,1,1740499835000000000
4023,2025-03-16 23:23:44,Ads,India,8,24.0,1,2.0,2025-03-18 23:23:44,0,,,,0,1,1744241024000000000
4024,2025-02-24 20:40:39,Referral,Canada,8,36.0,1,3.0,2025-02-27 20:40:39,0,,,,0,1,1744231239000000000
4025,2025-01-21 03:28:54,Organic,UK,4,24.0,1,3.0,2025-01-24 03:28:54,0,,,,0,0,
4026,2025-02-15 01:03:59,Organic,India,1,4.0,0,,,0,,,,0,1,1742691839000000000
4027,2025-01-16 02:26:06,Organic,India,8,32.0,0,,,0,,,,0,0,
4028,2025-01-27 15:52:34,Organic,UK,6,36.0,1,2.0,2025-01-29 15:52:34,0,,,,0,1,1741189954000000000
4029,2025-02-09 07:55:47,Ads,USA,2,6.0,1,2.0,2025-02-11 07:55:47,1,9.0,2025-02-18 07:55:47,Basic,50,0,
4030,2025-02-27 06:33:29,Referral,Germany,7,21.0,1,2.0,2025-03-01 06:33:29,0,,,,0,1,1742538809000000000
4031,2025-02-16 12:42:00,Organic,Canada,2,8.0,0,,,0,,,,0,0,
4032,2025-02-04 02:34:22,Referral,India,8,24.0,0,,,0,,,,0,1,1742092462000000000
4033,2025-01-31 23:28:37,Organic,UK,6,27.0,1,2.0,2025-02-02 23:28:37,1,10.0,2025-02-10 23:28:37,Pro,120,1,1740612517000000000
4034,2025-02-19 20:24:46,Ads,India,5,22.5,1,2.0,2025-02-21 20:24:46,0,,,,0,1,1744748686000000000
4035,2025-03-26 20:23:26,Organic,UK,6,36.0,1,2.0,2025-03-28 20:23:26,0,,,,0,1,1747340606000000000
4036,2025-01-08 06:13:40,Organic,USA,5,10.0,0,,,0,,,,0,0,
4037,2025-03-13 09:51:52,Organic,USA,6,27.0,1,1.0,2025-03-14 09:51:52,0,,,,0,1,1743241912000000000
4038,2025-03-02 06:00:20,Organic,Canada,2,9.0,1,1.0,2025-03-03 06:00:20,0,,,,0,1,1743487220000000000
4039,2025-01-06 03:08:36,Ads,UK,2,9.0,1,1.0,2025-01-07 03:08:36,0,,,,0,1,1740020916000000000
4040,2025-02-10 17:09:01,Ads,Canada,10,60.0,1,1.0,2025-02-11 17:09:01,0,,,,0,1,1742922541000000000
4041,2025-03-13 09:29:23,Organic,India,5,10.0,0,,,0,,,,0,0,
4042,2025-02-10 00:10:53,Referral,India,6,18.0,1,1.0,2025-02-11 00:10:53,0,,,,0,1,1740787853000000000
4043,2025-03-04 20:06:59,Organic,USA,4,24.0,1,2.0,2025-03-06 20:06:59,0,,,,0,1,1742760419000000000
4044,2025-01-06 12:06:35,Ads,Germany,4,8.0,0,,,0,,,,0,1,1739361995000000000
4045,2025-01-17 23:09:04,Organic,India,10,30.0,1,1.0,2025-01-18 23:09:04,0,,,,0,1,1741561744000000000
4046,2025-01-22 20:40:06,Organic,India,4,18.0,1,2.0,2025-01-24 20:40:06,1,8.0,2025-01-30 20:40:06,Basic,50,0,
4047,2025-02-07 13:13:44,Organic,USA,5,15.0,1,1.0,2025-02-08 13:13:44,0,,,,0,1,1743426824000000000
4048,2025-03-08 12:15:30,Ads,USA,6,24.0,0,,,0,,,,0,0,
4049,2025-01-25 20:41:31,Ads,Canada,3,6.0,0,,,0,,,,0,1,1742157691000000000
4050,2025-02-15 20:27:56,Organic,UK,3,13.5,1,3.0,2025-02-18 20:27:56,0,,,,0,0,
4051,2025-01-21 09:01:02,Organic,Germany,2,6.0,0,,,0,,,,0,1,1741165262000000000
4052,2025-01-26 21:51:13,Organic,UK,6,36.0,1,2.0,2025-01-28 21:51:13,0,,,,0,0,
4053,2025-01-19 18:52:34,Ads,India,10,30.0,1,1.0,2025-01-20 18:52:34,0,,,,0,0,
4054,2025-02-16 23:27:28,Ads,USA,7,21.0,1,1.0,2025-02-17 23:27:28,0,,,,0,1,1744154848000000000
4055,2025-02-28 15:36:37,Organic,UK,6,27.0,1,2.0,2025-03-02 15:36:37,0,,,,0,1,1742830597000000000
4056,2025-02-10 06:53:46,Organic,Germany,5,10.0,0,,,0,,,,0,0,
4057,2025-01-10 08:46:18,Ads,India,6,18.0,0,,,0,,,,0,0,
4058,2025-02-25 07:03:22,Organic,India,9,54.0,1,3.0,2025-02-28 07:03:22,1,13.0,2025-03-10 07:03:22,Basic,50,1,1742281402000000000
4059,2025-03-22 06:08:26,Organic,India,5,10.0,0,,,0,,,,0,0,
4060,2025-02-24 01:26:57,Organic,USA,7,31.5,1,2.0,2025-02-26 01:26:57,0,,,,0,0,
4061,2025-03-28 15:32:07,Organic,India,8,32.0,0,,,0,,,,0,1,1745163127000000000
4062,2025-01-30 15:50:05,Ads,UK,1,3.0,1,2.0,2025-02-01 15:50:05,0,,,,0,0,
4063,2025-03-10 07:07:17,Ads,Canada,3,9.0,0,,,0,,,,0,1,1743059237000000000
4064,2025-01-09 08:17:17,Organic,USA,5,22.5,1,1.0,2025-01-10 08:17:17,0,,,,0,0,
4065,2025-03-05 17:54:43,Ads,USA,6,12.0,0,,,0,,,,0,1,1744134883000000000
4066,2025-02-07 09:50:44,Organic,Germany,5,20.0,0,,,0,,,,0,1,1740995444000000000
4067,2025-03-27 19:36:39,Referral,USA,6,12.0,0,,,0,,,,0,1,1745696199000000000
4068,2025-03-16 06:45:54,Ads,India,3,9.0,0,,,0,,,,0,1,1744353954000000000
4069,2025-02-02 09:34:10,Ads,India,3,9.0,0,,,0,,,,0,0,
4070,2025-01-12 19:44:29,Organic,USA,5,30.0,1,3.0,2025-01-15 19:44:29,0,,,,0,1,1741376669000000000
4071,2025-03-20 04:45:50,Organic,India,1,4.0,0,,,0,,,,0,0,
4072,2025-03-08 21:21:17,Organic,USA,6,36.0,1,2.0,2025-03-10 21:21:17,1,10.0,2025-03-18 21:21:17,Basic,50,0,
4073,2025-01-28 13:28:26,Ads,Germany,7,42.0,1,1.0,2025-01-29 13:28:26,0,,,,0,1,1741440506000000000
4074,2025-02-03 11:26:11,Organic,UK,7,42.0,1,1.0,2025-02-04 11:26:11,0,,,,0,0,
4075,2025-01-21 23:25:36,Referral,India,5,15.0,0,,,0,,,,0,1,1741389936000000000
4076,2025-02-20 03:50:48,Referral,India,6,18.0,0,,,0,,,,0,0,
4077,2025-03-17 16:00:39,Ads,Germany,7,28.0,0,,,0,,,,0,1,1745251239000000000
4078,2025-03-22 16:09:59,Referral,Canada,6,27.0,1,2.0,2025-03-24 16:09:59,0,,,,0,0,
4079,2025-03-30 16:51:25,Organic,USA,8,24.0,1,3.0,2025-04-02 16:51:25,1,11.0,2025-04-10 16:51:25,Pro,120,0,
4080,2025-01-06 08:36:41,Organic,India,3,12.0,0,,,0,,,,0,0,
4081,2025-03-11 13:51:33,Organic,UK,7,14.0,0,,,0,,,,0,1,1746107493000000000
4082,2025-02-06 19:24:06,Ads,India,4,24.0,1,2.0,2025-02-08 19:24:06,0,,,,0,1,1742671446000000000
4083,2025-01-25 21:31:01,Organic,India,4,18.0,1,1.0,2025-01-26 21:31:01,0,,,,0,1,1742419861000000000
4084,2025-02-15 17:21:51,Referral,India,8,32.0,0,,,0,,,,0,0,
4085,2025-02-02 15:55:36,Organic,USA,9,27.0,0,,,0,,,,0,0,
4086,2025-03-01 18:45:38,Organic,India,8,24.0,0,,,0,,,,0,1,1744569938000000000
4087,2025-01-06 23:14:53,Referral,India,2,9.0,1,2.0,2025-01-08 23:14:53,0,,,,0,1,1737933293000000000
4088,2025-01-31 12:25:22,Organic,India,10,45.0,1,2.0,2025-02-02 12:25:22,0,,,,0,1,1742991922000000000
4089,2025-01-03 18:23:37,Organic,USA,4,16.0,0,,,0,,,,0,0,
4090,2025-01-05 19:16:34,Ads,USA,5,15.0,1,2.0,2025-01-07 19:16:34,0,,,,0,1,1738178194000000000
4091,2025-01-11 21:36:08,Organic,India,4,24.0,1,2.0,2025-01-13 21:36:08,1,6.0,2025-01-17 21:36:08,Pro,120,0,
4092,2025-03-20 01:25:47,Organic,Germany,5,22.5,1,2.0,2025-03-22 01:25:47,0,,,,0,1,1747185947000000000
4093,2025-01-22 07:08:03,Organic,USA,1,4.0,0,,,0,,,,0,1,1740121683000000000
4094,2025-03-08 02:40:44,Organic,India,3,6.0,0,,,0,,,,0,1,1742870444000000000
4095,2025-01-13 11:09:01,Referral,India,4,16.0,0,,,0,,,,0,1,1739876941000000000
4096,2025-01-06 09:26:22,Referral,UK,5,22.5,1,1.0,2025-01-07 09:26:22,1,14.0,2025-01-20 09:26:22,Pro,120,0,
4097,2025-01-30 09:09:28,Organic,India,2,6.0,0,,,0,,,,0,1,1742116168000000000
4098,2025-01-04 03:52:26,Organic,India,8,36.0,1,3.0,2025-01-07 03:52:26,0,,,,0,0,
4099,2025-03-05 21:02:51,Organic,USA,3,18.0,1,1.0,2025-03-06 21:02:51,1,13.0,2025-03-18 21:02:51,Basic,50,1,1745614971000000000
4100,2025-03-05 02:46:14,Referral,USA,3,18.0,1,3.0,2025-03-08 02:46:14,0,,,,0,0,
4101,2025-03-12 21:09:12,Organic,UK,5,15.0,1,1.0,2025-03-13 21:09:12,1,14.0,2025-03-26 21:09:12,Basic,50,0,
4102,2025-01-14 11:33:15,Organic,UK,4,12.0,1,3.0,2025-01-17 11:33:15,1,13.0,2025-01-27 11:33:15,Pro,120,0,
4103,2025-01-17 01:55:30,Ads,Germany,2,4.0,0,,,0,,,,0,1,1738720530000000000
4104,2025-03-24 12:33:50,Referral,India,8,36.0,1,3.0,2025-03-27 12:33:50,1,13.0,2025-04-06 12:33:50,Basic,50,0,
4105,2025-01-31 23:49:07,Organic,India,5,30.0,1,2.0,2025-02-02 23:49:07,0,,,,0,1,1740527347000000000
4106,2025-03-04 06:00:45,Organic,Germany,13,78.0,1,1.0,2025-03-05 06:00:45,0,,,,0,1,1743055245000000000
4107,2025-03-23 20:07:19,Organic,USA,3,9.0,0,,,0,,,,0,1,1744402039000000000
4108,2025-01-28 21:16:21,Organic,UK,9,40.5,1,1.0,2025-01-29 21:16:21,1,6.0,2025-02-03 21:16:21,Basic,50,0,
4109,2025-02-25 00:13:40,Ads,India,5,10.0,0,,,0,,,,0,0,
4110,2025-03-23 07:48:12,Ads,India,3,9.0,0,,,1,6.0,2025-03-29 07:48:12,Basic,50,1,1744098492000000000
4111,2025-02-11 07:49:59,Ads,India,4,12.0,0,,,0,,,,0,0,
4112,2025-03-21 09:20:16,Organic,USA,7,31.5,1,2.0,2025-03-23 09:20:16,0,,,,0,0,
4113,2025-03-24 11:48:45,Organic,India,7,14.0,0,,,0,,,,0,0,
4114,2025-03-01 17:40:24,Organic,USA,2,6.0,0,,,0,,,,0,1,1744998024000000000
4115,2025-02-04 01:34:55,Organic,USA,2,4.0,0,,,0,,,,0,0,
4116,2025-02-08 00:06:56,Ads,India,4,24.0,1,3.0,2025-02-11 00:06:56,1,10.0,2025-02-18 00:06:56,Pro,120,1,1740355616000000000
4117,2025-01-01 21:26:15,Organic,India,4,12.0,0,,,0,,,,0,1,1738272375000000000
4118,2025-02-01 02:02:27,Organic,India,9,40.5,1,2.0,2025-02-03 02:02:27,0,,,,0,1,1743213747000000000
4119,2025-01-25 01:26:48,Organic,India,4,12.0,1,2.0,2025-01-27 01:26:48,1,9.0,2025-02-03 01:26:48,Basic,50,0,
4120,2025-01-16 17:04:13,Organic,India,9,54.0,1,1.0,2025-01-17 17:04:13,0,,,,0,1,1740330253000000000
4121,2025-02-04 20:36:26,Organic,India,6,24.0,0,,,0,,,,0,1,1743798986000000000
4122,2025-01-02 02:23:48,Referral,USA,7,21.0,0,,,0,,,,0,0,
4123,2025-01-19 00:50:42,Organic,UK,8,48.0,1,2.0,2025-01-21 00:50:42,0,,,,0,1,1740963042000000000
4124,2025-03-28 14:25:44,Ads,India,2,6.0,1,3.0,2025-03-31 14:25:44,1,12.0,2025-04-09 14:25:44,Pro,120,0,
4125,2025-02-24 05:35:54,Organic,UK,4,8.0,0,,,0,,,,0,0,
4126,2025-03-28 00:35:25,Organic,Canada,2,4.0,0,,,0,,,,0,0,
4127,2025-02-19 23:50:53,Referral,UK,4,8.0,0,,,0,,,,0,1,1741391453000000000
4128,2025-02-27 06:26:48,Organic,India,7,14.0,0,,,0,,,,0,1,1743920808000000000
4129,2025-03-05 00:35:15,Ads,USA,7,42.0,1,3.0,2025-03-08 00:35:15,1,12.0,2025-03-17 00:35:15,Pro,120,1,1742776515000000000
4130,2025-01-02 21:30:34,Organic,UK,2,8.0,0,,,0,,,,0,0,
4131,2025-01-28 09:39:15,Ads,Germany,2,6.0,0,,,0,,,,0,1,1741945155000000000
4132,2025-01-15 05:36:27,Ads,Germany,2,9.0,1,3.0,2025-01-18 05:36:27,0,,,,0,1,1740461787000000000
4133,2025-02-04 20:45:59,Referral,India,6,24.0,0,,,0,,,,0,1,1742676359000000000
4134,2025-01-16 08:12:49,Referral,USA,2,12.0,1,1.0,2025-01-17 08:12:49,1,11.0,2025-01-27 08:12:49,Basic,50,0,
4135,2025-03-30 22:25:44,Ads,Canada,9,40.5,1,2.0,2025-04-01 22:25:44,0,,,,0,1,1746051944000000000
4136,2025-01-17 09:33:48,Organic,Canada,3,9.0,0,,,0,,,,0,1,1741426428000000000
4137,2025-03-12 19:43:41,Ads,USA,5,10.0,0,,,0,,,,0,1,1744487021000000000
4138,2025-01-28 22:36:05,Ads,India,3,18.0,1,1.0,2025-01-29 22:36:05,0,,,,0,1,1743028565000000000
4139,2025-03-25 09:19:36,Organic,India,1,6.0,1,1.0,2025-03-26 09:19:36,0,,,,0,0,
4140,2025-02-07 03:20:23,Organic,USA,8,48.0,1,3.0,2025-02-10 03:20:23,0,,,,0,1,1742959223000000000
4141,2025-03-28 07:38:38,Referral,UK,2,8.0,0,,,0,,,,0,0,
4142,2025-02-28 11:14:06,Organic,Germany,6,18.0,1,3.0,2025-03-03 11:14:06,1,10.0,2025-03-10 11:14:06,Basic,50,0,
4143,2025-02-11 23:07:34,Organic,Canada,10,60.0,1,3.0,2025-02-14 23:07:34,0,,,,0,0,
4144,2025-01-04 07:21:51,Referral,India,9,27.0,1,1.0,2025-01-05 07:21:51,0,,,,0,1,1738480911000000000
4145,2025-03-03 02:09:32,Organic,UK,6,36.0,1,3.0,2025-03-06 02:09:32,0,,,,0,1,1742350172000000000
4146,2025-01-14 00:03:09,Organic,India,3,9.0,0,,,0,,,,0,0,
4147,2025-03-22 00:14:40,Ads,UK,2,8.0,0,,,0,,,,0,1,1744848880000000000
4148,2025-01-07 15:58:39,Organic,UK,4,18.0,1,2.0,2025-01-09 15:58:39,0,,,,0,0,
4149,2025-03-14 22:22:21,Ads,India,4,12.0,0,,,0,,,,0,0,
4150,2025-03-13 23:47:23,Organic,India,6,36.0,1,1.0,2025-03-14 23:47:23,0,,,,0,1,1746748043000000000
4151,2025-02-08 13:18:26,Organic,India,1,3.0,1,3.0,2025-02-11 13:18:26,0,,,,0,1,1740575906000000000
4152,2025-01-10 20:52:26,Organic,India,3,18.0,1,2.0,2025-01-12 20:52:26,0,,,,0,1,1738788746000000000
4153,2025-03-06 11:15:11,Referral,Canada,3,12.0,0,,,0,,,,0,1,1743246911000000000
4154,2025-01-05 21:19:41,Organic,India,4,24.0,1,3.0,2025-01-08 21:19:41,1,7.0,2025-01-12 21:19:41,Basic,50,1,1738876781000000000
4155,2025-01-12 07:13:53,Organic,India,3,18.0,1,1.0,2025-01-13 07:13:53,1,8.0,2025-01-20 07:13:53,Pro,120,0,
4156,2025-02-23 20:55:48,Organic,India,6,36.0,1,2.0,2025-02-25 20:55:48,0,,,,0,1,1741985748000000000
4157,2025-01-31 22:00:52,Organic,Canada,3,9.0,0,,,1,13.0,2025-02-13 22:00:52,Pro,120,1,1741989652000000000
4158,2025-02-26 17:09:24,Organic,India,5,30.0,1,3.0,2025-03-01 17:09:24,0,,,,0,0,
4159,2025-01-18 14:29:03,Organic,India,6,36.0,1,1.0,2025-01-19 14:29:03,1,11.0,2025-01-29 14:29:03,Basic,50,0,
4160,2025-03-06 09:27:47,Ads,UK,1,6.0,1,1.0,2025-03-07 09:27:47,1,8.0,2025-03-14 09:27:47,Basic,50,0,
4161,2025-03-15 08:05:56,Organic,India,7,21.0,1,3.0,2025-03-18 08:05:56,1,10.0,2025-03-25 08:05:56,Basic,50,0,
4162,2025-03-07 17:30:42,Ads,India,4,12.0,0,,,1,5.0,2025-03-12 17:30:42,Basic,50,0,
4163,2025-01-05 15:24:27,Ads,UK,3,9.0,1,3.0,2025-01-08 15:24:27,1,8.0,2025-01-13 15:24:27,Basic,50,1,1740842667000000000
4164,2025-03-24 02:36:16,Organic,India,4,12.0,1,3.0,2025-03-27 02:36:16,0,,,,0,1,1746412576000000000
4165,2025-03-03 12:32:52,Organic,Canada,1,4.5,1,2.0,2025-03-05 12:32:52,1,13.0,2025-03-16 12:32:52,Basic,50,0,
4166,2025-01-06 07:59:56,Ads,USA,4,24.0,1,2.0,2025-01-08 07:59:56,1,7.0,2025-01-13 07:59:56,Basic,50,1,1737705596000000000
4167,2025-03-12 18:32:28,Ads,USA,1,3.0,0,,,0,,,,0,1,1745778748000000000
4168,2025-03-11 09:06:16,Organic,India,2,9.0,1,1.0,2025-03-12 09:06:16,1,12.0,2025-03-23 09:06:16,Basic,50,0,
4169,2025-03-03 05:14:43,Referral,Canada,3,12.0,0,,,0,,,,0,1,1744089283000000000
4170,2025-03-09 19:18:58,Organic,USA,4,18.0,1,1.0,2025-03-10 19:18:58,0,,,,0,1,1742930338000000000
4171,2025-02-27 18:05:04,Organic,India,8,48.0,1,3.0,2025-03-02 18:05:04,0,,,,0,1,1742580304000000000
4172,2025-01-12 14:53:21,Organic,India,5,30.0,1,2.0,2025-01-14 14:53:21,0,,,,0,0,
4173,2025-01-04 14:40:23,Referral,USA,5,30.0,1,3.0,2025-01-07 14:40:23,0,,,,0,0,
4174,2025-02-07 02:26:39,Ads,UK,6,27.0,1,2.0,2025-02-09 02:26:39,0,,,,0,1,1742178399000000000
4175,2025-03-14 13:40:16,Ads,Germany,5,20.0,0,,,0,,,,0,0,
4176,2025-03-26 17:29:43,Organic,UK,6,18.0,1,2.0,2025-03-28 17:29:43,0,,,,0,0,
4177,2025-02-24 05:42:46,Organic,USA,12,36.0,0,,,0,,,,0,1,1742017366000000000
4178,2025-02-06 18:45:02,Organic,India,4,12.0,1,1.0,2025-02-07 18:45:02,0,,,,0,1,1740941102000000000
4179,2025-01-09 17:45:11,Referral,UK,2,4.0,0,,,0,,,,0,1,1740937511000000000
4180,2025-01-27 20:38:35,Organic,Germany,3,9.0,1,3.0,2025-01-30 20:38:35,0,,,,0,1,1740256715000000000
4181,2025-01-26 20:46:45,Organic,USA,7,31.5,1,2.0,2025-01-28 20:46:45,0,,,,0,0,
4182,2025-02-19 19:40:59,Organic,India,4,24.0,1,3.0,2025-02-22 19:40:59,0,,,,0,1,1744746059000000000
4183,2025-03-18 16:24:13,Referral,India,7,21.0,1,3.0,2025-03-21 16:24:13,0,,,,0,1,1745684653000000000
4184,2025-01-22 23:30:54,Organic,India,5,15.0,1,3.0,2025-01-25 23:30:54,0,,,,0,1,1741822254000000000
4185,2025-02-10 00:25:50,Organic,USA,1,4.0,0,,,0,,,,0,0,
4186,2025-01-18 22:36:24,Organic,Germany,4,24.0,1,1.0,2025-01-19 22:36:24,1,11.0,2025-01-29 22:36:24,Basic,50,0,
4187,2025-02-18 07:34:42,Referral,India,9,27.0,1,1.0,2025-02-19 07:34:42,0,,,,0,0,
4188,2025-02-07 21:18:43,Referral,India,4,12.0,1,1.0,2025-02-08 21:18:43,1,13.0,2025-02-20 21:18:43,Pro,120,0,
4189,2025-01-02 00:37:48,Ads,USA,7,31.5,1,1.0,2025-01-03 00:37:48,0,,,,0,1,1738629468000000000
4190,2025-02-02 19:27:17,Organic,Germany,6,36.0,1,2.0,2025-02-04 19:27:17,0,,,,0,0,
4191,2025-03-22 13:43:03,Organic,USA,1,6.0,1,1.0,2025-03-23 13:43:03,0,,,,0,0,
4192,2025-02-11 21:22:28,Referral,India,3,13.5,1,1.0,2025-02-12 21:22:28,1,6.0,2025-02-17 21:22:28,Pro,120,1,1742505748000000000
4193,2025-01-23 06:41:54,Organic,India,5,22.5,1,2.0,2025-01-25 06:41:54,0,,,,0,1,1742193714000000000
4194,2025-03-26 03:41:44,Organic,USA,7,31.5,1,1.0,2025-03-27 03:41:44,0,,,,0,1,1745293304000000000
4195,2025-03-14 16:06:52,Organic,Canada,2,4.0,0,,,1,6.0,2025-03-20 16:06:52,Pro,120,1,1746979612000000000
4196,2025-02-16 09:56:02,Referral,India,7,31.5,1,1.0,2025-02-17 09:56:02,0,,,,0,1,1742205362000000000
4197,2025-02-24 22:43:15,Organic,USA,6,18.0,0,,,0,,,,0,0,
4198,2025-02-02 01:39:02,Ads,USA,4,8.0,0,,,0,,,,0,1,1743039542000000000
4199,2025-02-02 01:32:54,Referral,USA,7,21.0,1,3.0,2025-02-05 01:32:54,0,,,,0,1,1743298374000000000
4200,2025-02-11 11:04:59,Organic,India,8,48.0,1,1.0,2025-02-12 11:04:59,1,6.0,2025-02-17 11:04:59,Basic,50,0,
4201,2025-02-05 06:05:15,Organic,Germany,5,10.0,0,,,0,,,,0,1,1742191515000000000
4202,2025-03-29 14:49:39,Referral,USA,3,18.0,1,3.0,2025-04-01 14:49:39,0,,,,0,0,
4203,2025-03-26 10:46:45,Referral,UK,3,9.0,0,,,0,,,,0,0,
4204,2025-03-21 05:48:59,Referral,USA,3,18.0,1,3.0,2025-03-24 05:48:59,0,,,,0,0,
4205,2025-03-08 13:25:00,Ads,Germany,5,10.0,0,,,0,,,,0,1,1742736300000000000
4206,2025-01-04 03:15:14,Organic,USA,6,24.0,0,,,0,,,,0,0,
4207,2025-02-17 13:36:43,Referral,USA,3,18.0,1,1.0,2025-02-18 13:36:43,0,,,,0,0,
4208,2025-03-07 05:38:09,Organic,India,9,54.0,1,2.0,2025-03-09 05:38:09,0,,,,0,0,
4209,2025-01-05 04:40:55,Referral,India,6,18.0,1,1.0,2025-01-06 04:40:55,0,,,,0,0,
4210,2025-02-21 18:46:57,Referral,India,7,42.0,1,1.0,2025-02-22 18:46:57,0,,,,0,0,
4211,2025-01-12 23:23:06,Ads,Germany,5,22.5,1,1.0,2025-01-13 23:23:06,1,10.0,2025-01-22 23:23:06,Basic,50,0,
4212,2025-03-11 21:55:02,Referral,Canada,8,24.0,0,,,0,,,,0,1,1744581302000000000
4213,2025-03-12 12:15:36,Ads,India,5,22.5,1,1.0,2025-03-13 12:15:36,0,,,,0,1,1746360936000000000
4214,2025-01-21 05:11:28,Organic,India,5,15.0,0,,,0,,,,0,0,
4215,2025-03-10 15:22:47,Ads,India,3,18.0,1,2.0,2025-03-12 15:22:47,0,,,,0,1,1743866567000000000
4216,2025-03-06 04:51:34,Organic,Canada,5,22.5,1,1.0,2025-03-07 04:51:34,0,,,,0,0,
4217,2025-02-05 21:16:21,Ads,India,5,30.0,1,3.0,2025-02-08 21:16:21,0,,,,0,1,1743110181000000000
4218,2025-01-31 19:20:37,Organic,USA,5,10.0,0,,,0,,,,0,0,
4219,2025-02-12 12:04:37,Organic,Germany,7,42.0,1,1.0,2025-02-13 12:04:37,0,,,,0,1,1741349077000000000
4220,2025-01-25 03:01:44,Referral,USA,7,21.0,1,3.0,2025-01-28 03:01:44,1,11.0,2025-02-05 03:01:44,Basic,50,0,
4221,2025-02-18 02:45:37,Referral,Canada,7,21.0,1,2.0,2025-02-20 02:45:37,1,8.0,2025-02-26 02:45:37,Pro,120,1,1744339537000000000
4222,2025-01-27 02:18:56,Organic,USA,4,18.0,1,3.0,2025-01-30 02:18:56,0,,,,0,1,1741054736000000000
4223,2025-02-04 23:16:12,Ads,UK,5,22.5,1,2.0,2025-02-06 23:16:12,0,,,,0,1,1743635772000000000
4224,2025-03-30 23:49:31,Ads,USA,9,27.0,1,1.0,2025-03-31 23:49:31,0,,,,0,1,1745624971000000000
4225,2025-01-28 15:23:49,Referral,India,5,15.0,0,,,0,,,,0,0,
4226,2025-02-06 03:11:21,Organic,Germany,4,16.0,0,,,0,,,,0,0,
4227,2025-02-26 04:20:42,Ads,USA,4,12.0,0,,,0,,,,0,1,1741926042000000000
4228,2025-03-09 05:15:51,Referral,India,9,54.0,1,2.0,2025-03-11 05:15:51,0,,,,0,0,
4229,2025-01-29 14:29:38,Organic,India,9,40.5,1,2.0,2025-01-31 14:29:38,0,,,,0,0,
4230,2025-03-12 18:31:23,Referral,India,6,36.0,1,1.0,2025-03-13 18:31:23,0,,,,0,1,1743100283000000000
4231,2025-02-14 07:55:21,Referral,UK,3,9.0,1,2.0,2025-02-16 07:55:21,1,8.0,2025-02-22 07:55:21,Basic,50,0,
4232,2025-02-11 05:42:24,Referral,India,7,31.5,1,1.0,2025-02-12 05:42:24,1,5.0,2025-02-16 05:42:24,Basic,50,0,
4233,2025-03-03 23:11:52,Organic,Canada,5,20.0,0,,,0,,,,0,0,
4234,2025-03-05 01:50:20,Organic,India,4,24.0,1,1.0,2025-03-06 01:50:20,0,,,,0,1,1746237020000000000
4235,2025-01-16 15:55:24,Referral,India,8,48.0,1,3.0,2025-01-19 15:55:24,0,,,,0,0,
4236,2025-03-20 03:50:08,Organic,UK,8,16.0,0,,,0,,,,0,1,1744429808000000000
4237,2025-03-12 21:13:06,Ads,USA,4,12.0,1,3.0,2025-03-15 21:13:06,0,,,,0,0,
4238,2025-02-09 00:47:35,Organic,Canada,3,18.0,1,2.0,2025-02-11 00:47:35,0,,,,0,1,1743814055000000000
4239,2025-02-19 09:36:13,Organic,USA,8,36.0,1,1.0,2025-02-20 09:36:13,1,10.0,2025-03-01 09:36:13,Basic,50,0,
4240,2025-03-11 20:18:42,Organic,India,8,36.0,1,3.0,2025-03-14 20:18:42,0,,,,0,1,1743452322000000000
4241,2025-01-11 01:36:47,Ads,USA,6,18.0,1,3.0,2025-01-14 01:36:47,1,12.0,2025-01-23 01:36:47,Basic,50,0,
4242,2025-03-10 21:58:04,Organic,India,7,42.0,1,2.0,2025-03-12 21:58:04,0,,,,0,1,1743544684000000000
4243,2025-03-23 03:15:31,Ads,India,7,42.0,1,3.0,2025-03-26 03:15:31,0,,,,0,1,1745550931000000000
4244,2025-02-20 21:18:40,Ads,India,4,18.0,1,3.0,2025-02-23 21:18:40,1,5.0,2025-02-25 21:18:40,Pro,120,1,1741727920000000000
4245,2025-02-17 02:33:48,Ads,UK,7,21.0,1,3.0,2025-02-20 02:33:48,0,,,,0,0,
4246,2025-03-21 12:19:49,Ads,India,3,18.0,1,3.0,2025-03-24 12:19:49,0,,,,0,1,1746015589000000000
4247,2025-01-31 20:08:16,Organic,India,7,21.0,1,1.0,2025-02-01 20:08:16,0,,,,0,0,
4248,2025-02-03 05:49:36,Organic,India,6,18.0,1,1.0,2025-02-04 05:49:36,1,7.0,2025-02-10 05:49:36,Basic,50,0,
4249,2025-01-16 20:21:17,Organic,India,2,8.0,0,,,0,,,,0,0,
4250,2025-03-05 22:02:47,Ads,India,5,20.0,0,,,0,,,,0,1,1745445767000000000
4251,2025-03-19 19:14:50,Ads,India,3,9.0,1,1.0,2025-03-20 19:14:50,1,8.0,2025-03-27 19:14:50,Pro,120,0,
4252,2025-01-09 16:19:31,Organic,India,6,18.0,1,2.0,2025-01-11 16:19:31,0,,,,0,0,
4253,2025-01-31 00:27:39,Organic,India,5,20.0,0,,,1,6.0,2025-02-06 00:27:39,Basic,50,1,1743294459000000000
4254,2025-03-26 18:01:04,Ads,India,5,22.5,1,3.0,2025-03-29 18:01:04,0,,,,0,1,1747850464000000000
4255,2025-02-18 05:17:13,Organic,Canada,6,18.0,1,1.0,2025-02-19 05:17:13,0,,,,0,0,
4256,2025-02-21 14:57:56,Referral,UK,6,18.0,0,,,0,,,,0,0,
4257,2025-03-28 07:18:08,Organic,USA,4,12.0,1,2.0,2025-03-30 07:18:08,0,,,,0,0,
4258,2025-03-27 03:38:39,Referral,Germany,4,12.0,1,2.0,2025-03-29 03:38:39,0,,,,0,0,
4259,2025-02-17 04:10:37,Organic,India,2,4.0,0,,,0,,,,0,0,
4260,2025-01-16 12:47:37,Organic,India,1,4.0,0,,,0,,,,0,0,
4261,2025-01-26 20:28:26,Organic,Canada,8,48.0,1,2.0,2025-01-28 20:28:26,0,,,,0,0,
4262,2025-03-12 12:57:25,Organic,USA,5,30.0,1,1.0,2025-03-13 12:57:25,0,,,,0,0,
4263,2025-01-06 14:55:57,Organic,Germany,8,24.0,0,,,0,,,,0,1,1737989757000000000
4264,2025-01-24 18:39:36,Organic,Germany,6,18.0,0,,,0,,,,0,1,1742323176000000000
4265,2025-01-27 09:06:16,Ads,India,7,21.0,0,,,0,,,,0,1,1741079176000000000
4266,2025-01-14 17:11:51,Organic,Germany,6,36.0,1,2.0,2025-01-16 17:11:51,0,,,,0,1,1738861911000000000
4267,2025-02-27 10:17:08,Ads,Germany,10,30.0,1,1.0,2025-02-28 10:17:08,0,,,,0,1,1745230628000000000
4268,2025-03-09 13:33:36,Organic,India,2,6.0,1,3.0,2025-03-12 13:33:36,1,10.0,2025-03-19 13:33:36,Pro,120,0,
4269,2025-01-28 16:41:59,Referral,Germany,7,31.5,1,2.0,2025-01-30 16:41:59,1,12.0,2025-02-09 16:41:59,Basic,50,1,1740501719000000000
4270,2025-01-18 08:55:48,Ads,India,1,6.0,1,3.0,2025-01-21 08:55:48,0,,,,0,1,1740905748000000000
4271,2025-03-15 05:31:30,Organic,UK,6,24.0,0,,,0,,,,0,1,1746250290000000000
4272,2025-02-17 13:03:54,Organic,India,3,9.0,1,3.0,2025-02-20 13:03:54,0,,,,0,0,
4273,2025-03-19 04:16:38,Organic,India,4,24.0,1,3.0,2025-03-22 04:16:38,1,5.0,2025-03-24 04:16:38,Pro,120,0,
4274,2025-01-28 21:03:50,Organic,USA,9,27.0,0,,,0,,,,0,1,1741986230000000000
4275,2025-02-28 10:36:24,Ads,India,3,18.0,1,2.0,2025-03-02 10:36:24,0,,,,0,1,1745231784000000000
4276,2025-01-19 11:01:58,Ads,UK,4,18.0,1,1.0,2025-01-20 11:01:58,1,11.0,2025-01-30 11:01:58,Pro,120,0,
4277,2025-03-09 13:26:36,Referral,USA,4,18.0,1,2.0,2025-03-11 13:26:36,0,,,,0,1,1744032396000000000
4278,2025-03-21 03:25:51,Ads,India,4,12.0,0,,,0,,,,0,1,1745119551000000000
4279,2025-02-24 00:42:50,Referral,India,3,9.0,0,,,1,10.0,2025-03-06 00:42:50,Basic,50,0,
4280,2025-02-01 06:49:54,Referral,USA,3,9.0,1,1.0,2025-02-02 06:49:54,0,,,,0,1,1740984594000000000
4281,2025-03-10 12:20:26,Referral,Canada,4,16.0,0,,,0,,,,0,0,
4282,2025-02-01 07:18:36,Organic,USA,4,24.0,1,1.0,2025-02-02 07:18:36,0,,,,0,1,1742109516000000000
4283,2025-03-26 03:01:18,Organic,USA,6,18.0,1,3.0,2025-03-29 03:01:18,0,,,,0,1,1746673278000000000
4284,2025-03-06 07:50:05,Organic,USA,8,16.0,0,,,1,10.0,2025-03-16 07:50:05,Pro,120,0,
4285,2025-02-26 17:47:24,Ads,India,8,32.0,0,,,0,,,,0,1,1743616044000000000
4286,2025-01-03 05:28:32,Organic,USA,6,18.0,1,3.0,2025-01-06 05:28:32,0,,,,0,1,1739251712000000000
4287,2025-03-01 16:13:27,Organic,Germany,7,42.0,1,2.0,2025-03-03 16:13:27,1,12.0,2025-03-13 16:13:27,Pro,120,0,
4288,2025-03-08 20:16:18,Organic,UK,3,9.0,1,1.0,2025-03-09 20:16:18,1,9.0,2025-03-17 20:16:18,Pro,120,1,1743884178000000000
4289,2025-02-12 23:46:19,Organic,USA,4,12.0,1,3.0,2025-02-15 23:46:19,1,12.0,2025-02-24 23:46:19,Basic,50,0,
4290,2025-03-11 13:16:55,Ads,USA,2,8.0,0,,,0,,,,0,0,
4291,2025-03-09 15:44:07,Organic,USA,8,36.0,1,2.0,2025-03-11 15:44:07,0,,,,0,0,
4292,2025-02-20 18:15:24,Ads,UK,4,12.0,1,1.0,2025-02-21 18:15:24,0,,,,0,1,1744654524000000000
4293,2025-02-26 18:29:08,Ads,USA,6,27.0,1,2.0,2025-02-28 18:29:08,1,10.0,2025-03-08 18:29:08,Basic,50,0,
4294,2025-01-18 22:23:40,Organic,UK,5,22.5,1,1.0,2025-01-19 22:23:40,0,,,,0,0,
4295,2025-01-25 00:38:35,Ads,India,6,12.0,0,,,0,,,,0,1,1740530315000000000
4296,2025-02-08 18:15:24,Ads,USA,7,31.5,1,2.0,2025-02-10 18:15:24,0,,,,0,1,1741284924000000000
4297,2025-02-08 17:20:47,Organic,Canada,3,18.0,1,2.0,2025-02-10 17:20:47,1,14.0,2025-02-22 17:20:47,Basic,50,0,
4298,2025-03-17 19:06:20,Organic,India,5,30.0,1,1.0,2025-03-18 19:06:20,0,,,,0,0,
4299,2025-03-23 03:28:25,Organic,Germany,0,0.0,1,3.0,2025-03-26 03:28:25,0,,,,0,1,1745551705000000000
4300,2025-02-15 03:26:19,Ads,India,4,16.0,0,,,0,,,,0,1,1742441179000000000
4301,2025-02-14 00:46:49,Ads,India,8,24.0,1,1.0,2025-02-15 00:46:49,0,,,,0,0,
4302,2025-02-04 07:35:32,Organic,USA,5,22.5,1,1.0,2025-02-05 07:35:32,0,,,,0,0,
4303,2025-03-19 19:14:15,Organic,UK,7,21.0,1,1.0,2025-03-20 19:14:15,0,,,,0,1,1743966855000000000
4304,2025-03-19 04:03:36,Organic,UK,4,12.0,1,3.0,2025-03-22 04:03:36,1,5.0,2025-03-24 04:03:36,Basic,50,0,
4305,2025-03-23 07:31:38,Referral,India,2,8.0,0,,,0,,,,0,0,
4306,2025-01-08 11:49:01,Organic,India,7,31.5,1,2.0,2025-01-10 11:49:01,0,,,,0,1,1739360941000000000
4307,2025-01-18 14:29:42,Referral,USA,4,16.0,0,,,0,,,,0,0,
4308,2025-02-08 12:54:53,Organic,India,8,48.0,1,2.0,2025-02-10 12:54:53,0,,,,0,1,1741611293000000000
4309,2025-03-28 21:15:24,Ads,USA,5,22.5,1,3.0,2025-03-31 21:15:24,1,7.0,2025-04-04 21:15:24,Basic,50,0,
4310,2025-03-14 16:54:06,Ads,USA,5,10.0,0,,,0,,,,0,1,1744649646000000000
4311,2025-02-16 06:40:22,Ads,USA,6,27.0,1,1.0,2025-02-17 06:40:22,0,,,,0,1,1740984022000000000
4312,2025-03-16 09:04:48,Organic,India,6,18.0,1,3.0,2025-03-19 09:04:48,0,,,,0,0,
4313,2025-01-14 21:50:38,Ads,India,6,27.0,1,2.0,2025-01-16 21:50:38,0,,,,0,0,
4314,2025-01-26 01:16:03,Organic,India,2,12.0,1,3.0,2025-01-29 01:16:03,0,,,,0,1,1739668563000000000
4315,2025-02-21 20:23:45,Organic,India,7,21.0,0,,,0,,,,0,0,
4316,2025-02-11 12:01:21,Ads,USA,9,54.0,1,1.0,2025-02-12 12:01:21,1,5.0,2025-02-16 12:01:21,Basic,50,0,
4317,2025-03-01 23:16:17,Referral,Canada,4,12.0,1,3.0,2025-03-04 23:16:17,1,5.0,2025-03-06 23:16:17,Basic,50,0,
4318,2025-03-03 02:58:11,Ads,India,1,6.0,1,3.0,2025-03-06 02:58:11,0,,,,0,1,1745549891000000000
4319,2025-02-21 00:31:25,Organic,India,4,12.0,0,,,0,,,,0,0,
4320,2025-03-17 21:29:04,Ads,India,6,27.0,1,3.0,2025-03-20 21:29:04,0,,,,0,0,
4321,2025-02-27 14:00:30,Ads,Canada,3,9.0,0,,,0,,,,0,1,1744552830000000000
4322,2025-01-28 14:18:11,Referral,India,7,42.0,1,2.0,2025-01-30 14:18:11,1,7.0,2025-02-04 14:18:11,Basic,50,1,1740579491000000000
4323,2025-01-25 06:06:28,Referral,Germany,5,30.0,1,3.0,2025-01-28 06:06:28,0,,,,0,1,1742018788000000000
4324,2025-01-31 17:46:22,Ads,India,6,18.0,1,1.0,2025-02-01 17:46:22,0,,,,0,1,1740851182000000000
4325,2025-02-18 16:02:35,Organic,India,9,27.0,0,,,0,,,,0,1,1744732955000000000
4326,2025-02-07 13:22:47,Ads,India,4,12.0,1,1.0,2025-02-08 13:22:47,1,12.0,2025-02-19 13:22:47,Basic,50,0,
4327,2025-02-28 13:27:47,Ads,USA,4,18.0,1,1.0,2025-03-01 13:27:47,0,,,,0,0,
4328,2025-02-04 13:21:36,Referral,USA,5,30.0,1,2.0,2025-02-06 13:21:36,1,10.0,2025-02-14 13:21:36,Pro,120,0,
4329,2025-01-06 01:33:45,Organic,USA,3,12.0,0,,,0,,,,0,1,1739669625000000000
4330,2025-02-08 04:58:26,Organic,India,11,33.0,1,3.0,2025-02-11 04:58:26,0,,,,0,0,
4331,2025-03-04 10:03:58,Organic,India,3,13.5,1,1.0,2025-03-05 10:03:58,0,,,,0,1,1745316238000000000
4332,2025-01-16 21:07:50,Ads,India,7,21.0,1,2.0,2025-01-18 21:07:50,0,,,,0,1,1738962470000000000
4333,2025-01-29 03:12:01,Referral,USA,8,36.0,1,3.0,2025-02-01 03:12:01,0,,,,0,0,
4334,2025-01-31 00:28:46,Organic,India,4,24.0,1,3.0,2025-02-03 00:28:46,0,,,,0,0,
4335,2025-03-19 19:01:48,Ads,UK,5,10.0,0,,,0,,,,0,1,1744398108000000000
4336,2025-02-16 12:11:20,Ads,India,5,30.0,1,3.0,2025-02-19 12:11:20,0,,,,0,0,
4337,2025-01-30 10:06:57,Ads,India,9,40.5,1,2.0,2025-02-01 10:06:57,0,,,,0,1,1741687617000000000
4338,2025-03-07 15:11:46,Organic,USA,1,6.0,1,3.0,2025-03-10 15:11:46,0,,,,0,0,
4339,2025-02-21 12:10:52,Referral,India,3,12.0,0,,,1,11.0,2025-03-04 12:10:52,Pro,120,0,
4340,2025-01-19 04:07:37,Organic,USA,7,21.0,1,1.0,2025-01-20 04:07:37,1,12.0,2025-01-31 04:07:37,Basic,50,0,
4341,2025-01-10 23:11:09,Ads,India,4,24.0,1,1.0,2025-01-11 23:11:09,0,,,,0,1,1740352269000000000
4342,2025-03-08 03:15:29,Organic,India,1,4.5,1,2.0,2025-03-10 03:15:29,0,,,,0,1,1743477329000000000
4343,2025-01-10 21:57:06,Organic,Germany,5,15.0,0,,,0,,,,0,1,1741643826000000000
4344,2025-02-28 12:54:13,Referral,India,7,42.0,1,1.0,2025-03-01 12:54:13,0,,,,0,0,
4345,2025-01-26 00:22:32,Organic,USA,9,27.0,1,2.0,2025-01-28 00:22:32,0,,,,0,1,1740010952000000000
4346,2025-03-03 21:45:28,Organic,Canada,7,31.5,1,2.0,2025-03-05 21:45:28,0,,,,0,0,
4347,2025-01-02 05:27:02,Ads,India,5,15.0,1,3.0,2025-01-05 05:27:02,0,,,,0,0,
4348,2025-02-02 09:32:11,Ads,Canada,6,27.0,1,2.0,2025-02-04 09:32:11,0,,,,0,0,
4349,2025-03-07 11:00:35,Ads,India,6,36.0,1,3.0,2025-03-10 11:00:35,0,,,,0,1,1744542035000000000
4350,2025-02-27 13:57:25,Organic,USA,7,31.5,1,1.0,2025-02-28 13:57:25,0,,,,0,0,
4351,2025-03-12 11:29:30,Organic,UK,6,18.0,1,3.0,2025-03-15 11:29:30,0,,,,0,1,1743074970000000000
4352,2025-02-07 03:03:16,Organic,Germany,3,12.0,0,,,0,,,,0,1,1742871796000000000
4353,2025-01-06 10:42:09,Organic,USA,8,24.0,1,3.0,2025-01-09 10:42:09,0,,,,0,1,1739961729000000000
4354,2025-02-04 12:45:16,Referral,USA,2,4.0,0,,,1,11.0,2025-02-15 12:45:16,Basic,50,1,1742129116000000000
4355,2025-01-02 20:50:45,Organic,USA,4,12.0,0,,,0,,,,0,0,
4356,2025-02-14 09:04:02,Organic,India,10,30.0,1,2.0,2025-02-16 09:04:02,0,,,,0,1,1741511042000000000
4357,2025-02-07 23:53:51,Organic,UK,2,8.0,0,,,0,,,,0,0,
4358,2025-02-21 03:28:29,Organic,India,10,60.0,1,3.0,2025-02-24 03:28:29,0,,,,0,0,
4359,2025-03-17 04:01:43,Ads,USA,4,8.0,0,,,0,,,,0,1,1745899303000000000
4360,2025-03-24 04:24:33,Ads,USA,3,18.0,1,1.0,2025-03-25 04:24:33,0,,,,0,1,1747715073000000000
4361,2025-03-17 17:00:24,Organic,Canada,4,16.0,0,,,0,,,,0,0,
4362,2025-01-08 22:00:29,Organic,USA,5,20.0,0,,,0,,,,0,1,1737928829000000000
4363,2025-03-03 18:35:55,Organic,UK,3,9.0,0,,,0,,,,0,0,
4364,2025-01-06 21:46:10,Ads,India,4,16.0,0,,,0,,,,0,0,
4365,2025-03-20 21:53:46,Ads,India,9,54.0,1,3.0,2025-03-23 21:53:46,1,12.0,2025-04-01 21:53:46,Pro,120,0,
4366,2025-03-22 19:17:20,Organic,USA,8,48.0,1,2.0,2025-03-24 19:17:20,0,,,,0,0,
4367,2025-01-21 06:46:14,Organic,USA,0,0.0,0,,,0,,,,0,0,
4368,2025-02-21 02:27:56,Ads,USA,2,4.0,0,,,0,,,,0,1,1742351276000000000
4369,2025-02-16 07:01:34,Referral,UK,9,54.0,1,1.0,2025-02-17 07:01:34,0,,,,0,0,
4370,2025-02-08 07:01:45,Referral,India,5,30.0,1,3.0,2025-02-11 07:01:45,0,,,,0,1,1742022105000000000
4371,2025-03-10 16:47:57,Organic,USA,7,21.0,1,1.0,2025-03-11 16:47:57,1,14.0,2025-03-24 16:47:57,Basic,50,0,
4372,2025-01-03 10:02:24,Organic,India,5,10.0,0,,,0,,,,0,0,
4373,2025-03-02 00:44:46,Organic,India,6,36.0,1,2.0,2025-03-04 00:44:46,0,,,,0,1,1742431486000000000
4374,2025-03-10 03:02:54,Ads,India,2,8.0,0,,,0,,,,0,1,1744513374000000000
4375,2025-03-29 16:34:32,Referral,UK,0,0.0,0,,,0,,,,0,1,1745858072000000000
4376,2025-02-02 16:51:34,Organic,USA,6,18.0,1,2.0,2025-02-04 16:51:34,1,7.0,2025-02-09 16:51:34,Basic,50,0,
4377,2025-01-16 18:08:23,Organic,India,3,13.5,1,1.0,2025-01-17 18:08:23,0,,,,0,0,
4378,2025-02-18 15:09:25,Organic,USA,2,6.0,1,1.0,2025-02-19 15:09:25,0,,,,0,0,
4379,2025-02-03 11:55:00,Organic,India,3,12.0,0,,,0,,,,0,1,1743162900000000000
4380,2025-02-24 00:20:05,Organic,Canada,3,9.0,1,3.0,2025-02-27 00:20:05,0,,,,0,0,
4381,2025-01-14 20:32:42,Ads,USA,7,42.0,1,3.0,2025-01-17 20:32:42,1,11.0,2025-01-25 20:32:42,Pro,120,1,1740861162000000000
4382,2025-01-13 02:36:01,Organic,India,7,21.0,0,,,0,,,,0,0,
4383,2025-03-19 06:07:31,Organic,Germany,8,36.0,1,3.0,2025-03-22 06:07:31,1,5.0,2025-03-24 06:07:31,Basic,50,0,
4384,2025-02-24 06:21:22,Ads,India,5,22.5,1,1.0,2025-02-25 06:21:22,0,,,,0,0,
4385,2025-03-13 17:17:32,Organic,UK,8,24.0,1,2.0,2025-03-15 17:17:32,0,,,,0,0,
4386,2025-03-17 11:55:52,Organic,USA,3,6.0,0,,,1,13.0,2025-03-30 11:55:52,Pro,120,0,
4387,2025-03-22 19:53:24,Organic,India,4,24.0,1,1.0,2025-03-23 19:53:24,0,,,,0,0,
4388,2025-01-21 14:21:25,Referral,UK,5,20.0,0,,,0,,,,0,1,1739802085000000000
4389,2025-01-22 23:05:01,Ads,India,2,12.0,1,1.0,2025-01-23 23:05:01,0,,,,0,0,
4390,2025-02-25 00:43:39,Organic,Canada,4,24.0,1,3.0,2025-02-28 00:43:39,1,8.0,2025-03-05 00:43:39,Basic,50,0,
4391,2025-03-25 00:03:55,Ads,India,4,12.0,1,3.0,2025-03-28 00:03:55,1,12.0,2025-04-06 00:03:55,Pro,120,0,
4392,2025-03-16 19:56:17,Organic,India,7,42.0,1,1.0,2025-03-17 19:56:17,0,,,,0,1,1746993377000000000
4393,2025-03-12 22:37:19,Ads,USA,5,22.5,1,2.0,2025-03-14 22:37:19,0,,,,0,1,1744583839000000000
4394,2025-01-08 19:00:18,Ads,India,5,30.0,1,1.0,2025-01-09 19:00:18,1,14.0,2025-01-22 19:00:18,Basic,50,0,
4395,2025-02-14 23:14:10,Referral,USA,9,40.5,1,2.0,2025-02-16 23:14:10,0,,,,0,1,1741389250000000000
4396,2025-01-07 23:34:51,Organic,Canada,4,12.0,0,,,0,,,,0,0,
4397,2025-02-26 17:40:59,Referral,UK,2,6.0,1,2.0,2025-02-28 17:40:59,0,,,,0,1,1744738859000000000
4398,2025-01-31 19:13:18,Referral,India,11,66.0,1,2.0,2025-02-02 19:13:18,0,,,,0,0,
4399,2025-03-18 11:31:52,Referral,UK,6,36.0,1,1.0,2025-03-19 11:31:52,0,,,,0,0,
4400,2025-03-06 12:14:54,Ads,Germany,7,21.0,1,2.0,2025-03-08 12:14:54,0,,,,0,1,1743336894000000000
4401,2025-03-02 12:22:46,Organic,India,4,16.0,0,,,1,5.0,2025-03-07 12:22:46,Basic,50,0,
4402,2025-01-26 05:23:51,Organic,USA,7,21.0,1,1.0,2025-01-27 05:23:51,0,,,,0,1,1742102631000000000
4403,2025-02-18 17:22:18,Organic,India,1,4.5,1,2.0,2025-02-20 17:22:18,1,12.0,2025-03-02 17:22:18,Basic,50,0,
4404,2025-01-09 07:50:07,Organic,Canada,3,6.0,0,,,0,,,,0,0,
4405,2025-01-30 09:02:23,Ads,UK,5,30.0,1,2.0,2025-02-01 09:02:23,1,9.0,2025-02-08 09:02:23,Basic,50,0,
4406,2025-01-04 21:51:53,Ads,Canada,2,4.0,0,,,0,,,,0,0,
4407,2025-02-15 07:42:50,Referral,Germany,5,15.0,1,1.0,2025-02-16 07:42:50,0,,,,0,0,
4408,2025-03-14 19:34:16,Organic,India,5,22.5,1,2.0,2025-03-16 19:34:16,0,,,,0,0,
4409,2025-01-04 19:20:21,Organic,India,5,10.0,0,,,0,,,,0,0,
4410,2025-01-26 05:45:07,Ads,India,5,20.0,0,,,0,,,,0,1,1742535907000000000
4411,2025-01-20 16:34:03,Organic,India,3,13.5,1,3.0,2025-01-23 16:34:03,0,,,,0,1,1742402043000000000
4412,2025-02-14 23:43:28,Organic,USA,7,31.5,1,2.0,2025-02-16 23:43:28,0,,,,0,0,
4413,2025-01-21 23:26:15,Referral,UK,5,15.0,1,3.0,2025-01-24 23:26:15,0,,,,0,1,1742340375000000000
4414,2025-03-16 20:44:22,Ads,India,5,30.0,1,3.0,2025-03-19 20:44:22,1,5.0,2025-03-21 20:44:22,Basic,50,0,
4415,2025-02-11 23:37:27,Organic,USA,4,12.0,1,1.0,2025-02-12 23:37:27,0,,,,0,1,1741045047000000000
4416,2025-03-19 20:07:55,Referral,UK,2,4.0,0,,,0,,,,0,1,1744315675000000000
4417,2025-02-11 20:20:52,Ads,India,9,27.0,1,3.0,2025-02-14 20:20:52,0,,,,0,1,1741292452000000000
4418,2025-03-02 02:42:14,Ads,India,6,12.0,0,,,0,,,,0,1,1742179334000000000
4419,2025-01-01 19:06:43,Referral,USA,6,24.0,0,,,0,,,,0,0,
4420,2025-03-12 20:16:55,Organic,USA,4,12.0,0,,,0,,,,0,1,1743797815000000000
4421,2025-01-10 08:22:24,Ads,Germany,4,12.0,1,3.0,2025-01-13 08:22:24,0,,,,0,1,1740558144000000000
4422,2025-01-09 15:58:56,Organic,India,7,31.5,1,3.0,2025-01-12 15:58:56,0,,,,0,1,1739635136000000000
4423,2025-03-08 05:03:42,Organic,UK,3,18.0,1,3.0,2025-03-11 05:03:42,1,14.0,2025-03-22 05:03:42,Basic,50,0,
4424,2025-01-09 02:18:59,Referral,USA,2,4.0,0,,,0,,,,0,1,1738203539000000000
4425,2025-01-03 20:10:04,Ads,India,4,12.0,0,,,0,,,,0,0,
4426,2025-03-22 06:01:45,Ads,India,6,36.0,1,2.0,2025-03-24 06:01:45,1,6.0,2025-03-28 06:01:45,Pro,120,1,1745042505000000000
4427,2025-03-06 04:23:23,Referral,India,3,13.5,1,3.0,2025-03-09 04:23:23,0,,,,0,1,1743913403000000000
4428,2025-01-01 04:48:17,Referral,India,4,18.0,1,3.0,2025-01-04 04:48:17,0,,,,0,0,
4429,2025-01-10 03:00:43,Referral,India,8,32.0,0,,,0,,,,0,1,1741057243000000000
4430,2025-02-12 07:17:54,Organic,USA,3,9.0,1,3.0,2025-02-15 07:17:54,0,,,,0,1,1741072674000000000
4431,2025-02-07 19:12:42,Organic,USA,7,31.5,1,1.0,2025-02-08 19:12:42,0,,,,0,1,1741461162000000000
4432,2025-02-25 02:56:46,Organic,USA,5,22.5,1,3.0,2025-02-28 02:56:46,1,11.0,2025-03-08 02:56:46,Basic,50,1,1745463406000000000
4433,2025-03-11 13:32:14,Organic,India,5,30.0,1,1.0,2025-03-12 13:32:14,0,,,,0,1,1745587934000000000
4434,2025-02-05 00:39:54,Organic,USA,10,20.0,0,,,0,,,,0,0,
4435,2025-03-12 21:00:45,Ads,USA,7,21.0,1,2.0,2025-03-14 21:00:45,1,11.0,2025-03-23 21:00:45,Pro,120,1,1746133245000000000
4436,2025-01-15 04:52:26,Ads,Germany,4,18.0,1,3.0,2025-01-18 04:52:26,1,6.0,2025-01-21 04:52:26,Pro,120,0,
4437,2025-02-03 08:05:04,Referral,Germany,4,8.0,0,,,0,,,,0,1,1743062704000000000
4438,2025-03-24 01:10:08,Ads,UK,5,22.5,1,1.0,2025-03-25 01:10:08,0,,,,0,1,1746493808000000000
4439,2025-03-08 13:56:53,Ads,UK,2,6.0,1,1.0,2025-03-09 13:56:53,0,,,,0,1,1743343013000000000
4440,2025-03-13 09:39:11,Organic,India,4,18.0,1,3.0,2025-03-16 09:39:11,0,,,,0,1,1746524351000000000
4441,2025-01-16 10:26:12,Organic,India,4,16.0,0,,,0,,,,0,1,1740911172000000000
4442,2025-03-30 21:43:35,Organic,Canada,3,13.5,1,2.0,2025-04-01 21:43:35,0,,,,0,1,1747172615000000000
4443,2025-03-07 05:50:25,Ads,USA,4,24.0,1,1.0,2025-03-08 05:50:25,0,,,,0,0,
4444,2025-02-24 11:11:47,Organic,USA,7,21.0,1,1.0,2025-02-25 11:11:47,0,,,,0,1,1744369907000000000
4445,2025-01-08 03:04:23,Ads,Canada,3,6.0,0,,,0,,,,0,1,1740366263000000000
4446,2025-03-26 21:31:55,Ads,USA,9,54.0,1,2.0,2025-03-28 21:31:55,0,,,,0,0,
4447,2025-02-24 10:01:09,Organic,India,6,12.0,0,,,0,,,,0,1,1743933669000000000
4448,2025-02-13 13:50:56,Organic,India,3,18.0,1,1.0,2025-02-14 13:50:56,0,,,,0,1,1740750656000000000
4449,2025-03-28 16:09:02,Organic,India,0,0.0,1,2.0,2025-03-30 16:09:02,0,,,,0,1,1746115742000000000
4450,2025-02-08 11:41:55,Organic,UK,4,18.0,1,3.0,2025-02-11 11:41:55,1,13.0,2025-02-21 11:41:55,Basic,50,1,1743853315000000000
4451,2025-03-08 19:35:12,Ads,USA,3,9.0,0,,,0,,,,0,1,1745350512000000000
4452,2025-03-07 17:21:53,Ads,Germany,3,9.0,0,,,0,,,,0,0,
4453,2025-03-02 09:11:32,Ads,UK,8,48.0,1,3.0,2025-03-05 09:11:32,0,,,,0,1,1743412292000000000
4454,2025-01-10 14:13:11,Referral,India,12,54.0,1,1.0,2025-01-11 14:13:11,1,6.0,2025-01-16 14:13:11,Basic,50,0,
4455,2025-02-14 05:21:27,Ads,India,3,18.0,1,2.0,2025-02-16 05:21:27,0,,,,0,1,1741065687000000000
4456,2025-03-18 23:52:26,Referral,USA,6,27.0,1,2.0,2025-03-20 23:52:26,0,,,,0,0,
4457,2025-02-02 22:37:54,Organic,Germany,7,31.5,1,2.0,2025-02-04 22:37:54,1,12.0,2025-02-14 22:37:54,Basic,50,0,
4458,2025-02-26 00:18:18,Ads,India,5,30.0,1,2.0,2025-02-28 00:18:18,1,9.0,2025-03-07 00:18:18,Basic,50,0,
4459,2025-02-20 20:59:24,Organic,Canada,3,9.0,0,,,0,,,,0,1,1744059564000000000
4460,2025-03-11 07:21:39,Organic,India,3,18.0,1,3.0,2025-03-14 07:21:39,0,,,,0,1,1744010499000000000
4461,2025-03-23 19:42:17,Organic,India,10,30.0,1,1.0,2025-03-24 19:42:17,0,,,,0,0,
4462,2025-03-24 11:09:41,Ads,Germany,4,16.0,0,,,0,,,,0,1,1747825781000000000
4463,2025-03-05 00:47:59,Organic,India,1,4.0,0,,,0,,,,0,1,1744073279000000000
4464,2025-01-05 08:39:54,Organic,UK,5,15.0,0,,,0,,,,0,1,1740645594000000000
4465,2025-02-14 21:20:50,Referral,India,4,12.0,1,1.0,2025-02-15 21:20:50,0,,,,0,0,
4466,2025-02-05 02:35:49,Referral,Canada,5,10.0,0,,,0,,,,0,1,1740710149000000000
4467,2025-01-18 14:37:46,Ads,Canada,6,24.0,0,,,0,,,,0,1,1740667066000000000
4468,2025-01-29 16:57:32,Ads,Canada,5,22.5,1,1.0,2025-01-30 16:57:32,1,13.0,2025-02-11 16:57:32,Basic,50,0,
4469,2025-03-16 03:44:14,Referral,India,5,15.0,1,2.0,2025-03-18 03:44:14,0,,,,0,1,1743651854000000000
4470,2025-03-17 17:05:56,Ads,India,5,30.0,1,2.0,2025-03-19 17:05:56,0,,,,0,1,1744563956000000000
4471,2025-01-10 01:27:57,Organic,USA,7,21.0,0,,,0,,,,0,1,1738546077000000000
4472,2025-02-26 17:53:45,Referral,India,7,42.0,1,3.0,2025-03-01 17:53:45,0,,,,0,1,1744048425000000000
4473,2025-03-23 19:22:12,Ads,USA,8,16.0,0,,,0,,,,0,0,
4474,2025-03-16 08:38:17,Organic,USA,3,9.0,0,,,0,,,,0,0,
4475,2025-02-14 23:13:00,Organic,India,7,21.0,1,3.0,2025-02-17 23:13:00,0,,,,0,1,1741389180000000000
4476,2025-03-04 10:53:24,Organic,UK,3,12.0,0,,,0,,,,0,1,1744541604000000000
4477,2025-02-11 18:59:53,Referral,Canada,4,8.0,0,,,0,,,,0,1,1742410793000000000
4478,2025-03-29 07:49:15,Organic,Germany,7,31.5,1,2.0,2025-03-31 07:49:15,0,,,,0,1,1748332155000000000
4479,2025-03-14 21:51:32,Referral,India,8,24.0,1,1.0,2025-03-15 21:51:32,0,,,,0,0,
4480,2025-03-09 02:49:06,Referral,India,7,21.0,1,3.0,2025-03-12 02:49:06,1,7.0,2025-03-16 02:49:06,Basic,50,0,
4481,2025-03-25 18:11:34,Ads,India,6,27.0,1,1.0,2025-03-26 18:11:34,0,,,,0,1,1747678294000000000
4482,2025-02-08 04:39:33,Ads,India,9,54.0,1,3.0,2025-02-11 04:39:33,0,,,,0,1,1740717573000000000
4483,2025-03-10 14:50:43,Organic,India,7,31.5,1,3.0,2025-03-13 14:50:43,1,12.0,2025-03-22 14:50:43,Basic,50,0,
4484,2025-02-05 15:49:37,Organic,Germany,4,16.0,0,,,0,,,,0,1,1743608977000000000
4485,2025-01-27 14:51:39,Organic,India,4,16.0,0,,,0,,,,0,0,
4486,2025-01-23 19:53:44,Ads,India,9,18.0,0,,,0,,,,0,1,1742759624000000000
4487,2025-03-21 02:29:04,Organic,India,6,18.0,0,,,0,,,,0,0,
4488,2025-01-16 11:08:12,Organic,India,3,12.0,0,,,0,,,,0,0,
4489,2025-03-06 10:15:40,Organic,India,6,36.0,1,3.0,2025-03-09 10:15:40,0,,,,0,1,1744625740000000000
4490,2025-03-12 00:30:50,Referral,USA,5,30.0,1,3.0,2025-03-15 00:30:50,0,,,,0,1,1746405050000000000
4491,2025-01-10 20:12:30,Organic,USA,6,18.0,1,2.0,2025-01-12 20:12:30,0,,,,0,1,1739304750000000000
4492,2025-03-01 08:06:21,Referral,India,1,4.5,1,1.0,2025-03-02 08:06:21,0,,,,0,0,
4493,2025-02-10 06:23:47,Organic,India,7,14.0,0,,,0,,,,0,1,1740810227000000000
4494,2025-03-23 13:30:56,Ads,USA,6,24.0,0,,,0,,,,0,0,
4495,2025-02-07 02:20:28,Organic,India,7,28.0,0,,,0,,,,0,1,1742091628000000000
4496,2025-01-02 22:34:07,Ads,India,6,18.0,0,,,0,,,,0,0,
4497,2025-01-28 00:14:39,Ads,Germany,2,6.0,0,,,0,,,,0,1,1740960879000000000
4498,2025-01-06 00:57:57,Organic,USA,7,21.0,0,,,0,,,,0,1,1738112277000000000
4499,2025-01-20 11:38:43,Ads,USA,6,24.0,0,,,0,,,,0,0,
4500,2025-03-21 04:57:40,Ads,Canada,4,16.0,0,,,0,,,,0,1,1744693060000000000
4501,2025-03-07 09:59:04,Ads,USA,4,24.0,1,3.0,2025-03-10 09:59:04,0,,,,0,1,1743933544000000000
4502,2025-02-18 13:44:16,Ads,Canada,4,18.0,1,3.0,2025-02-21 13:44:16,1,7.0,2025-02-25 13:44:16,Basic,50,0,
4503,2025-02-20 02:01:48,Organic,Germany,3,9.0,1,2.0,2025-02-22 02:01:48,0,,,,0,1,1744336908000000000
4504,2025-02-04 06:13:53,Ads,India,2,4.0,0,,,0,,,,0,1,1742192033000000000
4505,2025-01-19 07:17:00,Referral,Canada,3,18.0,1,2.0,2025-01-21 07:17:00,0,,,,0,1,1742282220000000000
4506,2025-01-10 02:24:21,Referral,India,7,42.0,1,2.0,2025-01-12 02:24:21,0,,,,0,0,
4507,2025-02-10 10:45:08,Referral,India,5,15.0,1,2.0,2025-02-12 10:45:08,0,,,,0,0,
4508,2025-03-22 11:11:54,Organic,Canada,4,8.0,0,,,0,,,,0,0,
4509,2025-02-02 17:43:50,Ads,Germany,4,24.0,1,3.0,2025-02-05 17:43:50,0,,,,0,1,1740764630000000000
4510,2025-02-19 03:00:02,Ads,UK,5,22.5,1,1.0,2025-02-20 03:00:02,0,,,,0,1,1742871602000000000
4511,2025-02-05 15:17:22,Organic,India,3,12.0,0,,,0,,,,0,1,1743261442000000000
4512,2025-03-19 03:36:09,Referral,USA,2,6.0,0,,,0,,,,0,1,1745033769000000000
4513,2025-02-01 23:14:41,Ads,USA,7,14.0,0,,,0,,,,0,1,1742685281000000000
4514,2025-03-17 16:17:35,Organic,India,5,10.0,0,,,0,,,,0,0,
4515,2025-01-02 11:01:00,Organic,Germany,4,12.0,1,1.0,2025-01-03 11:01:00,0,,,,0,1,1738839660000000000
4516,2025-03-04 20:33:54,Referral,India,2,6.0,1,1.0,2025-03-05 20:33:54,1,11.0,2025-03-15 20:33:54,Basic,50,1,1745440434000000000
4517,2025-03-11 01:57:13,Organic,India,4,16.0,0,,,0,,,,0,1,1744336633000000000
4518,2025-02-20 01:20:48,Organic,India,7,21.0,1,2.0,2025-02-22 01:20:48,0,,,,0,1,1744334448000000000
4519,2025-03-20 21:21:24,Organic,India,5,22.5,1,1.0,2025-03-21 21:21:24,0,,,,0,0,
4520,2025-02-02 08:47:41,Organic,UK,6,18.0,0,,,0,,,,0,1,1740991661000000000
4521,2025-03-21 20:07:26,Referral,India,7,28.0,0,,,0,,,,0,1,1746043646000000000
4522,2025-02-05 14:44:59,Organic,UK,6,18.0,1,2.0,2025-02-07 14:44:59,0,,,,0,1,1741531499000000000
4523,2025-02-02 22:03:00,Ads,India,8,24.0,1,3.0,2025-02-05 22:03:00,0,,,,0,0,
4524,2025-03-20 05:24:59,Referral,USA,8,36.0,1,2.0,2025-03-22 05:24:59,0,,,,0,0,
4525,2025-01-31 08:12:58,Ads,UK,8,24.0,1,1.0,2025-02-01 08:12:58,1,14.0,2025-02-14 08:12:58,Pro,120,0,
4526,2025-02-23 02:24:38,Organic,India,5,22.5,1,2.0,2025-02-25 02:24:38,0,,,,0,1,1743906278000000000
4527,2025-03-20 05:45:22,Ads,USA,4,12.0,0,,,0,,,,0,1,1746078322000000000
4528,2025-02-28 15:15:12,Organic,UK,5,30.0,1,2.0,2025-03-02 15:15:12,1,13.0,2025-03-13 15:15:12,Basic,50,0,
4529,2025-01-20 08:39:55,Organic,USA,5,30.0,1,1.0,2025-01-21 08:39:55,0,,,,0,0,
4530,2025-02-17 09:11:26,Ads,USA,6,36.0,1,2.0,2025-02-19 09:11:26,1,7.0,2025-02-24 09:11:26,Pro,120,0,
4531,2025-01-27 02:08:23,Referral,Canada,6,18.0,1,3.0,2025-01-30 02:08:23,0,,,,0,1,1741226903000000000
4532,2025-03-24 20:43:40,Ads,Germany,3,9.0,1,1.0,2025-03-25 20:43:40,0,,,,0,1,1744577020000000000
4533,2025-02-04 00:29:22,Referral,India,6,12.0,0,,,0,,,,0,1,1741998562000000000
4534,2025-01-07 12:07:40,Ads,UK,6,12.0,0,,,0,,,,0,0,
4535,2025-03-03 08:35:58,Ads,India,4,24.0,1,2.0,2025-03-05 08:35:58,1,9.0,2025-03-12 08:35:58,Basic,50,0,
4536,2025-01-18 10:22:25,Referral,India,2,9.0,1,3.0,2025-01-21 10:22:25,0,,,,0,0,
4537,2025-01-31 15:36:42,Organic,India,7,31.5,1,2.0,2025-02-02 15:36:42,1,11.0,2025-02-11 15:36:42,Basic,50,0,
4538,2025-01-14 19:22:11,Organic,Germany,3,12.0,0,,,0,,,,0,1,1738610531000000000
4539,2025-03-11 00:09:22,Ads,USA,5,15.0,0,,,0,,,,0,1,1744416562000000000
4540,2025-02-26 14:04:44,Ads,India,3,12.0,0,,,0,,,,0,1,1741874684000000000
4541,2025-03-24 13:30:56,Organic,India,6,18.0,1,3.0,2025-03-27 13:30:56,0,,,,0,0,
4542,2025-01-11 02:05:22,Organic,Germany,8,32.0,0,,,0,,,,0,0,
4543,2025-03-12 00:25:31,Organic,India,4,24.0,1,2.0,2025-03-14 00:25:31,0,,,,0,1,1743726331000000000
4544,2025-03-24 13:57:37,Ads,India,2,6.0,1,3.0,2025-03-27 13:57:37,0,,,,0,0,
4545,2025-01-18 20:24:07,Referral,Canada,9,27.0,1,3.0,2025-01-21 20:24:07,0,,,,0,1,1741638247000000000
4546,2025-03-21 18:05:09,Referral,USA,6,18.0,1,3.0,2025-03-24 18:05:09,0,,,,0,0,
4547,2025-02-20 14:30:16,Ads,India,6,27.0,1,1.0,2025-02-21 14:30:16,1,12.0,2025-03-04 14:30:16,Pro,120,1,1741789816000000000
4548,2025-03-16 20:27:03,Referral,USA,6,36.0,1,2.0,2025-03-18 20:27:03,0,,,,0,0,
4549,2025-03-17 13:15:37,Organic,Germany,3,13.5,1,2.0,2025-03-19 13:15:37,0,,,,0,1,1745327737000000000
4550,2025-01-26 06:05:06,Organic,Germany,3,9.0,0,,,0,,,,0,0,
4551,2025-01-07 23:17:56,Organic,India,5,20.0,0,,,0,,,,0,1,1738019876000000000
4552,2025-01-18 08:42:14,Ads,India,5,22.5,1,2.0,2025-01-20 08:42:14,0,,,,0,0,
4553,2025-01-31 03:34:44,Organic,India,2,6.0,0,,,0,,,,0,1,1741664084000000000
4554,2025-03-16 13:17:59,Ads,USA,2,6.0,1,3.0,2025-03-19 13:17:59,0,,,,0,1,1745241479000000000
4555,2025-01-20 17:40:43,Ads,UK,6,12.0,0,,,0,,,,0,1,1742319643000000000
4556,2025-02-19 11:24:52,Organic,India,6,12.0,0,,,0,,,,0,1,1742729092000000000
4557,2025-02-16 13:28:48,Referral,UK,6,27.0,1,1.0,2025-02-17 13:28:48,0,,,,0,1,1741699728000000000
4558,2025-01-03 18:36:19,Ads,UK,9,40.5,1,1.0,2025-01-04 18:36:19,0,,,,0,1,1738434979000000000
4559,2025-02-04 10:33:25,Organic,UK,5,15.0,1,3.0,2025-02-07 10:33:25,1,7.0,2025-02-11 10:33:25,Basic,50,0,
4560,2025-03-01 00:25:54,Organic,Germany,4,24.0,1,3.0,2025-03-04 00:25:54,1,6.0,2025-03-07 00:25:54,Basic,50,0,
4561,2025-03-17 05:05:02,Ads,USA,3,6.0,0,,,0,,,,0,1,1745730302000000000
4562,2025-02-26 13:57:19,Organic,India,9,36.0,0,,,1,13.0,2025-03-11 13:57:19,Pro,120,0,
4563,2025-03-02 12:40:58,Organic,UK,4,24.0,1,1.0,2025-03-03 12:40:58,0,,,,0,0,
4564,2025-03-04 05:04:52,Ads,Canada,8,36.0,1,1.0,2025-03-05 05:04:52,0,,,,0,0,
4565,2025-03-14 19:00:49,Referral,India,6,18.0,1,1.0,2025-03-15 19:00:49,1,12.0,2025-03-26 19:00:49,Basic,50,1,1745866849000000000
4566,2025-03-13 14:07:06,Organic,Canada,9,36.0,0,,,0,,,,0,1,1745330826000000000
4567,2025-01-10 02:55:40,Referral,India,11,33.0,0,,,0,,,,0,1,1739760940000000000
4568,2025-03-13 08:13:34,Referral,India,2,6.0,0,,,0,,,,0,1,1746260014000000000
4569,2025-02-11 04:28:59,Organic,India,4,18.0,1,2.0,2025-02-13 04:28:59,0,,,,0,1,1742444939000000000
4570,2025-02-13 08:33:57,Ads,Germany,5,15.0,1,1.0,2025-02-14 08:33:57,0,,,,0,1,1744446837000000000
4571,2025-03-28 19:10:12,Organic,USA,7,31.5,1,1.0,2025-03-29 19:10:12,0,,,,0,0,
4572,2025-03-27 11:20:21,Organic,India,4,18.0,1,3.0,2025-03-30 11:20:21,0,,,,0,1,1747912821000000000
4573,2025-03-13 22:41:14,Ads,Germany,4,24.0,1,2.0,2025-03-15 22:41:14,1,9.0,2025-03-22 22:41:14,Basic,50,0,
4574,2025-01-25 13:47:18,Ads,UK,3,18.0,1,3.0,2025-01-28 13:47:18,0,,,,0,1,1740750438000000000
4575,2025-03-30 04:23:55,Organic,Canada,10,60.0,1,2.0,2025-04-01 04:23:55,0,,,,0,0,
4576,2025-02-24 16:51:16,Referral,India,4,16.0,0,,,0,,,,0,1,1744217476000000000
4577,2025-03-03 17:39:28,Ads,India,4,8.0,0,,,0,,,,0,1,1744047568000000000
4578,2025-02-23 02:38:47,Referral,USA,4,18.0,1,2.0,2025-02-25 02:38:47,0,,,,0,1,1745375927000000000
4579,2025-01-19 17:42:43,Organic,UK,6,36.0,1,2.0,2025-01-21 17:42:43,0,,,,0,1,1739986963000000000
4580,2025-01-07 19:59:41,Referral,USA,3,6.0,0,,,0,,,,0,0,
4581,2025-03-04 13:00:41,Organic,USA,7,42.0,1,3.0,2025-03-07 13:00:41,0,,,,0,0,
4582,2025-02-03 22:30:35,Organic,UK,8,24.0,1,3.0,2025-02-06 22:30:35,1,9.0,2025-02-12 22:30:35,Pro,120,0,
4583,2025-02-12 15:18:29,Ads,India,7,31.5,1,2.0,2025-02-14 15:18:29,1,5.0,2025-02-17 15:18:29,Basic,50,0,
4584,2025-01-18 19:40:00,Ads,UK,3,9.0,0,,,0,,,,0,1,1740685200000000000
4585,2025-03-28 09:38:26,Ads,India,5,30.0,1,3.0,2025-03-31 09:38:26,0,,,,0,1,1748079506000000000
4586,2025-02-28 20:10:01,Organic,India,4,12.0,0,,,0,,,,0,0,
4587,2025-01-26 18:45:03,Organic,India,4,18.0,1,2.0,2025-01-28 18:45:03,0,,,,0,0,
4588,2025-02-18 23:48:59,Ads,UK,2,8.0,0,,,0,,,,0,1,1743378539000000000
4589,2025-02-05 12:59:31,Organic,Canada,5,20.0,0,,,0,,,,0,0,
4590,2025-01-14 05:40:47,Ads,India,3,9.0,1,1.0,2025-01-15 05:40:47,0,,,,0,1,1738388447000000000
4591,2025-03-26 08:16:05,Organic,India,8,24.0,1,2.0,2025-03-28 08:16:05,0,,,,0,0,
4592,2025-02-11 19:14:06,Referral,India,2,6.0,1,3.0,2025-02-14 19:14:06,1,7.0,2025-02-18 19:14:06,Basic,50,0,
4593,2025-03-24 19:53:26,Ads,Germany,6,27.0,1,3.0,2025-03-27 19:53:26,0,,,,0,1,1744314806000000000
4594,2025-01-17 09:35:53,Ads,UK,7,21.0,1,2.0,2025-01-19 09:35:53,0,,,,0,1,1738488953000000000
4595,2025-02-28 20:19:47,Referral,Germany,2,9.0,1,2.0,2025-03-02 20:19:47,0,,,,0,0,
4596,2025-02-01 04:24:05,Ads,Canada,5,15.0,1,3.0,2025-02-04 04:24:05,0,,,,0,1,1740803045000000000
4597,2025-02-17 17:03:06,Organic,India,7,31.5,1,2.0,2025-02-19 17:03:06,0,,,,0,0,
4598,2025-01-05 21:01:20,Organic,India,5,15.0,1,2.0,2025-01-07 21:01:20,0,,,,0,0,
4599,2025-01-11 12:34:05,Ads,USA,3,13.5,1,3.0,2025-01-14 12:34:05,0,,,,0,1,1738758845000000000
4600,2025-01-04 22:46:47,Organic,India,3,18.0,1,2.0,2025-01-06 22:46:47,1,12.0,2025-01-16 22:46:47,Pro,120,1,1740091607000000000
4601,2025-03-30 00:23:50,Ads,India,4,12.0,0,,,0,,,,0,0,
4602,2025-03-30 05:30:54,Organic,India,8,32.0,0,,,0,,,,0,1,1746336654000000000
4603,2025-01-15 05:52:26,Organic,UK,7,42.0,1,1.0,2025-01-16 05:52:26,0,,,,0,1,1739771546000000000
4604,2025-03-17 01:18:02,Ads,USA,4,12.0,0,,,0,,,,0,1,1745889482000000000
4605,2025-02-08 01:49:51,Referral,India,6,27.0,1,1.0,2025-02-09 01:49:51,1,7.0,2025-02-15 01:49:51,Basic,50,0,
4606,2025-01-07 20:37:12,Ads,USA,8,48.0,1,2.0,2025-01-09 20:37:12,0,,,,0,0,
4607,2025-02-16 17:25:06,Referral,India,4,8.0,0,,,0,,,,0,1,1744392306000000000
4608,2025-02-25 00:53:05,Referral,UK,7,28.0,0,,,0,,,,0,0,
4609,2025-02-25 00:48:16,Organic,UK,4,12.0,1,2.0,2025-02-27 00:48:16,1,13.0,2025-03-10 00:48:16,Pro,120,0,
4610,2025-01-18 00:56:18,Organic,India,5,30.0,1,2.0,2025-01-20 00:56:18,1,9.0,2025-01-27 00:56:18,Basic,50,0,
4611,2025-01-14 10:49:49,Ads,USA,5,30.0,1,1.0,2025-01-15 10:49:49,1,14.0,2025-01-28 10:49:49,Basic,50,0,
4612,2025-02-14 19:07:06,Referral,USA,9,54.0,1,3.0,2025-02-17 19:07:06,1,11.0,2025-02-25 19:07:06,Basic,50,0,
4613,2025-03-08 07:46:25,Ads,India,8,36.0,1,1.0,2025-03-09 07:46:25,0,,,,0,0,
4614,2025-01-05 19:04:59,Referral,India,3,13.5,1,3.0,2025-01-08 19:04:59,1,14.0,2025-01-19 19:04:59,Basic,50,0,
4615,2025-03-08 23:05:22,Organic,Germany,4,18.0,1,3.0,2025-03-11 23:05:22,0,,,,0,1,1744067122000000000
4616,2025-01-28 13:31:26,Organic,India,2,12.0,1,1.0,2025-01-29 13:31:26,0,,,,0,1,1740403886000000000
4617,2025-02-12 13:09:18,Ads,USA,0,0.0,0,,,0,,,,0,1,1742389758000000000
4618,2025-03-19 16:44:30,Organic,Canada,3,13.5,1,3.0,2025-03-22 16:44:30,0,,,,0,0,
4619,2025-03-04 19:12:03,Organic,India,4,18.0,1,2.0,2025-03-06 19:12:03,0,,,,0,0,
4620,2025-02-18 04:05:00,Organic,India,5,22.5,1,2.0,2025-02-20 04:05:00,0,,,,0,0,
4621,2025-03-04 10:10:55,Organic,Canada,7,31.5,1,2.0,2025-03-06 10:10:55,0,,,,0,0,
4622,2025-01-02 10:50:38,Ads,India,4,24.0,1,3.0,2025-01-05 10:50:38,0,,,,0,1,1738839038000000000
4623,2025-02-13 15:16:23,Referral,UK,6,18.0,1,3.0,2025-02-16 15:16:23,0,,,,0,1,1743174983000000000
4624,2025-01-23 04:30:43,Referral,UK,2,6.0,0,,,0,,,,0,0,
4625,2025-03-02 09:13:16,Ads,UK,6,36.0,1,2.0,2025-03-04 09:13:16,1,10.0,2025-03-12 09:13:16,Pro,120,1,1744708396000000000
4626,2025-03-24 00:18:24,Organic,Germany,6,12.0,0,,,0,,,,0,1,1745799504000000000
4627,2025-03-17 21:06:24,Ads,Canada,6,27.0,1,2.0,2025-03-19 21:06:24,0,,,,0,1,1746392784000000000
4628,2025-03-04 22:04:32,Organic,UK,7,42.0,1,3.0,2025-03-07 22:04:32,0,,,,0,0,
4629,2025-03-19 13:02:24,Organic,Canada,4,12.0,0,,,0,,,,0,0,
4630,2025-01-26 10:56:31,Organic,Germany,3,18.0,1,3.0,2025-01-29 10:56:31,0,,,,0,0,
4631,2025-01-08 08:35:19,Referral,Germany,0,0.0,0,,,0,,,,0,1,1739608519000000000
4632,2025-03-09 05:14:38,Referral,UK,4,24.0,1,1.0,2025-03-10 05:14:38,1,5.0,2025-03-14 05:14:38,Basic,50,1,1743916478000000000
4633,2025-02-02 10:10:45,Ads,India,4,12.0,1,1.0,2025-02-03 10:10:45,0,,,,0,1,1741428645000000000
4634,2025-01-10 08:30:58,Ads,UK,3,9.0,1,3.0,2025-01-13 08:30:58,0,,,,0,0,
4635,2025-02-22 08:47:54,Organic,India,4,18.0,1,2.0,2025-02-24 08:47:54,0,,,,0,0,
4636,2025-03-16 05:25:24,Ads,India,6,27.0,1,2.0,2025-03-18 05:25:24,1,9.0,2025-03-25 05:25:24,Basic,50,1,1744781124000000000
4637,2025-02-03 03:35:40,Ads,India,6,18.0,0,,,0,,,,0,0,
4638,2025-02-11 06:07:42,Organic,Germany,4,12.0,0,,,0,,,,0,1,1742450862000000000
4639,2025-03-21 03:56:29,Organic,India,2,12.0,1,1.0,2025-03-22 03:56:29,0,,,,0,0,
4640,2025-01-03 02:32:28,Referral,UK,7,42.0,1,1.0,2025-01-04 02:32:28,0,,,,0,1,1740018748000000000
4641,2025-01-30 21:26:54,Ads,USA,1,3.0,1,3.0,2025-02-02 21:26:54,0,,,,0,1,1739568414000000000
4642,2025-03-21 22:17:26,Referral,India,3,18.0,1,1.0,2025-03-22 22:17:26,1,6.0,2025-03-27 22:17:26,Pro,120,1,1746829046000000000
4643,2025-03-18 10:51:59,Referral,USA,5,22.5,1,2.0,2025-03-20 10:51:59,0,,,,0,0,
4644,2025-02-13 15:04:17,Referral,UK,2,12.0,1,1.0,2025-02-14 15:04:17,0,,,,0,1,1742483057000000000
4645,2025-01-14 23:12:31,Organic,Canada,5,15.0,1,3.0,2025-01-17 23:12:31,0,,,,0,1,1741129951000000000
4646,2025-03-17 17:02:13,Organic,India,5,30.0,1,2.0,2025-03-19 17:02:13,0,,,,0,1,1745427733000000000
4647,2025-01-12 00:54:52,Organic,India,4,8.0,0,,,0,,,,0,1,1739148892000000000
4648,2025-03-04 06:23:17,Organic,UK,5,15.0,1,2.0,2025-03-06 06:23:17,1,5.0,2025-03-09 06:23:17,Basic,50,0,
4649,2025-01-03 12:29:30,Ads,India,9,36.0,0,,,0,,,,0,0,
4650,2025-02-17 10:51:46,Ads,India,3,6.0,0,,,0,,,,0,1,1741085506000000000
4651,2025-02-25 23:35:17,Ads,India,12,48.0,0,,,0,,,,0,1,1744414517000000000
4652,2025-03-22 15:52:09,Organic,UK,5,10.0,0,,,0,,,,0,0,
4653,2025-03-25 17:58:23,Referral,India,0,0.0,0,,,0,,,,0,1,1748023103000000000
4654,2025-01-29 05:00:45,Organic,USA,1,2.0,0,,,0,,,,0,0,
4655,2025-03-06 07:22:55,Organic,Germany,4,18.0,1,1.0,2025-03-07 07:22:55,0,,,,0,1,1744183375000000000
4656,2025-03-13 12:06:35,Ads,UK,8,24.0,0,,,0,,,,0,0,
4657,2025-03-26 15:33:21,Ads,India,9,54.0,1,3.0,2025-03-29 15:33:21,0,,,,0,0,
4658,2025-03-10 09:43:04,Organic,USA,2,4.0,0,,,0,,,,0,1,1745574184000000000
4659,2025-03-12 09:29:59,Organic,India,7,21.0,1,3.0,2025-03-15 09:29:59,1,12.0,2025-03-24 09:29:59,Basic,50,1,1746869399000000000
4660,2025-02-01 06:48:02,Ads,India,7,31.5,1,1.0,2025-02-02 06:48:02,1,7.0,2025-02-08 06:48:02,Basic,50,1,1741330082000000000
4661,2025-03-27 12:44:39,Organic,India,5,22.5,1,2.0,2025-03-29 12:44:39,1,13.0,2025-04-09 12:44:39,Basic,50,0,
4662,2025-03-03 08:38:53,Organic,India,10,60.0,1,2.0,2025-03-05 08:38:53,0,,,,0,1,1744101533000000000
4663,2025-01-21 17:13:28,Ads,USA,7,14.0,0,,,0,,,,0,0,
4664,2025-01-22 03:22:05,Organic,Germany,6,18.0,1,3.0,2025-01-25 03:22:05,0,,,,0,0,
4665,2025-02-22 05:37:50,Organic,Germany,5,20.0,0,,,0,,,,0,0,
4666,2025-01-16 11:48:50,Organic,India,7,21.0,1,1.0,2025-01-17 11:48:50,0,,,,0,1,1741434530000000000
4667,2025-03-27 20:31:14,Referral,USA,6,27.0,1,1.0,2025-03-28 20:31:14,0,,,,0,1,1745785874000000000
4668,2025-03-13 04:45:37,Referral,India,7,21.0,1,2.0,2025-03-15 04:45:37,1,6.0,2025-03-19 04:45:37,Pro,120,0,
4669,2025-02-21 16:49:11,Organic,USA,5,10.0,0,,,0,,,,0,0,
4670,2025-01-26 06:05:13,Organic,India,8,24.0,1,3.0,2025-01-29 06:05:13,0,,,,0,0,
4671,2025-01-18 02:46:08,Organic,Germany,7,21.0,1,2.0,2025-01-20 02:46:08,0,,,,0,1,1741488368000000000
4672,2025-03-24 01:17:58,Organic,Canada,10,45.0,1,2.0,2025-03-26 01:17:58,0,,,,0,1,1744766278000000000
4673,2025-01-19 02:46:53,Ads,India,7,21.0,1,3.0,2025-01-22 02:46:53,0,,,,0,0,
4674,2025-02-01 23:36:38,Ads,UK,4,16.0,0,,,1,13.0,2025-02-14 23:36:38,Pro,120,1,1741995398000000000
4675,2025-03-01 07:31:14,Organic,USA,3,9.0,1,2.0,2025-03-03 07:31:14,0,,,,0,1,1745393474000000000
4676,2025-03-18 14:57:04,Organic,USA,4,16.0,0,,,0,,,,0,1,1747321024000000000
4677,2025-01-08 23:09:12,Organic,USA,5,30.0,1,1.0,2025-01-09 23:09:12,0,,,,0,0,
4678,2025-01-05 15:56:20,Organic,UK,7,42.0,1,1.0,2025-01-06 15:56:20,1,9.0,2025-01-14 15:56:20,Basic,50,0,
4679,2025-01-13 00:25:36,Organic,Canada,3,9.0,1,1.0,2025-01-14 00:25:36,0,,,,0,1,1738887936000000000
4680,2025-02-03 07:32:30,Ads,UK,10,45.0,1,1.0,2025-02-04 07:32:30,0,,,,0,1,1743319950000000000
4681,2025-01-14 12:42:12,Ads,USA,6,24.0,0,,,0,,,,0,1,1741092132000000000
4682,2025-03-29 11:14:20,Ads,Canada,7,42.0,1,1.0,2025-03-30 11:14:20,0,,,,0,1,1747739660000000000
4683,2025-03-15 07:29:43,Organic,Germany,5,15.0,1,3.0,2025-03-18 07:29:43,1,12.0,2025-03-27 07:29:43,Basic,50,0,
4684,2025-03-18 18:14:31,Ads,India,8,36.0,1,1.0,2025-03-19 18:14:31,0,,,,0,0,
4685,2025-03-08 20:13:56,Organic,India,7,31.5,1,3.0,2025-03-11 20:13:56,0,,,,0,1,1743538436000000000
4686,2025-03-22 05:44:27,Organic,UK,10,60.0,1,1.0,2025-03-23 05:44:27,0,,,,0,1,1747374267000000000
4687,2025-01-17 18:31:27,Ads,Germany,8,16.0,0,,,0,,,,0,1,1740767487000000000
4688,2025-01-30 07:12:08,Organic,India,7,14.0,0,,,0,,,,0,1,1740208328000000000
4689,2025-01-25 09:42:22,Ads,USA,5,10.0,0,,,0,,,,0,1,1739439742000000000
4690,2025-03-22 02:54:56,Ads,India,5,20.0,0,,,1,12.0,2025-04-03 02:54:56,Basic,50,0,
4691,2025-01-11 20:27:15,Referral,UK,8,48.0,1,2.0,2025-01-13 20:27:15,0,,,,0,1,1739478435000000000
4692,2025-02-10 12:57:06,Referral,Germany,4,8.0,0,,,0,,,,0,1,1741697826000000000
4693,2025-01-17 01:11:29,Organic,USA,4,16.0,0,,,0,,,,0,0,
4694,2025-02-14 04:02:06,Referral,USA,3,9.0,0,,,0,,,,0,1,1744603326000000000
4695,2025-02-05 11:56:23,Ads,Germany,4,12.0,1,2.0,2025-02-07 11:56:23,1,10.0,2025-02-15 11:56:23,Pro,120,0,
4696,2025-02-02 22:37:10,Ads,India,5,10.0,0,,,0,,,,0,1,1742942230000000000
4697,2025-03-06 14:34:48,Organic,Canada,5,15.0,1,3.0,2025-03-09 14:34:48,0,,,,0,1,1744900488000000000
4698,2025-01-25 12:27:13,Referral,India,3,13.5,1,3.0,2025-01-28 12:27:13,0,,,,0,1,1739363233000000000
4699,2025-03-15 10:40:45,Organic,USA,7,21.0,1,1.0,2025-03-16 10:40:45,1,5.0,2025-03-20 10:40:45,Pro,120,0,
4700,2025-02-21 13:53:17,Referral,USA,4,12.0,0,,,0,,,,0,0,
4701,2025-03-06 06:38:55,Organic,USA,2,4.0,0,,,0,,,,0,0,
4702,2025-02-12 13:50:21,Ads,Germany,2,4.0,0,,,0,,,,0,1,1744379421000000000
4703,2025-02-22 17:46:06,Organic,Germany,4,16.0,0,,,0,,,,0,1,1742492766000000000
4704,2025-03-19 09:14:13,Organic,Canada,2,12.0,1,2.0,2025-03-21 09:14:13,1,13.0,2025-04-01 09:14:13,Basic,50,0,
4705,2025-03-14 01:43:38,Organic,India,7,42.0,1,3.0,2025-03-17 01:43:38,1,10.0,2025-03-24 01:43:38,Basic,50,0,
4706,2025-02-27 21:02:26,Organic,India,7,31.5,1,2.0,2025-03-01 21:02:26,0,,,,0,0,
4707,2025-01-16 00:33:11,Organic,USA,5,22.5,1,1.0,2025-01-17 00:33:11,0,,,,0,0,
4708,2025-03-22 16:25:38,Organic,Germany,3,9.0,0,,,0,,,,0,1,1746635138000000000
4709,2025-03-03 03:59:09,Ads,USA,9,40.5,1,3.0,2025-03-06 03:59:09,0,,,,0,0,
4710,2025-03-21 06:24:59,Referral,Germany,6,12.0,0,,,0,,,,0,0,
4711,2025-02-13 04:30:04,Ads,Germany,7,21.0,0,,,0,,,,0,0,
4712,2025-01-21 23:56:28,Organic,USA,6,18.0,0,,,0,,,,0,1,1739750188000000000
4713,2025-01-25 09:22:39,Organic,Canada,5,20.0,0,,,1,13.0,2025-02-07 09:22:39,Basic,50,0,
4714,2025-01-03 12:40:01,Organic,Germany,7,42.0,1,3.0,2025-01-06 12:40:01,0,,,,0,1,1737636001000000000
4715,2025-01-12 09:38:52,Referral,Canada,4,24.0,1,1.0,2025-01-13 09:38:52,0,,,,0,1,1738143532000000000
4716,2025-01-02 20:14:52,Referral,UK,3,18.0,1,2.0,2025-01-04 20:14:52,0,,,,0,0,
4717,2025-03-08 04:55:46,Organic,Canada,8,36.0,1,1.0,2025-03-09 04:55:46,0,,,,0,0,
4718,2025-02-24 07:04:26,Organic,India,9,40.5,1,2.0,2025-02-26 07:04:26,0,,,,0,1,1742627066000000000
4719,2025-03-29 07:53:09,Referral,USA,1,4.5,1,3.0,2025-04-01 07:53:09,0,,,,0,0,
4720,2025-02-06 15:55:59,Referral,India,2,8.0,0,,,0,,,,0,1,1741881359000000000
4721,2025-01-06 08:52:17,Referral,India,2,6.0,1,3.0,2025-01-09 08:52:17,1,6.0,2025-01-12 08:52:17,Basic,50,0,
4722,2025-02-04 07:26:31,Referral,Canada,2,4.0,0,,,0,,,,0,1,1742628391000000000
4723,2025-03-21 17:04:16,Organic,USA,2,8.0,0,,,0,,,,0,1,1744823056000000000
4724,2025-02-01 00:46:46,Organic,India,2,6.0,1,1.0,2025-02-02 00:46:46,0,,,,0,1,1740185206000000000
4725,2025-01-14 19:08:17,Organic,India,3,18.0,1,1.0,2025-01-15 19:08:17,1,13.0,2025-01-27 19:08:17,Basic,50,0,
4726,2025-03-18 21:23:53,Organic,Germany,7,21.0,1,1.0,2025-03-19 21:23:53,1,7.0,2025-03-25 21:23:53,Pro,120,0,
4727,2025-01-03 04:09:31,Organic,Canada,4,24.0,1,2.0,2025-01-05 04:09:31,0,,,,0,0,
4728,2025-01-03 17:53:19,Ads,India,2,8.0,0,,,0,,,,0,1,1740678799000000000
4729,2025-03-26 09:03:33,Organic,Germany,2,4.0,0,,,0,,,,0,0,
4730,2025-03-11 11:44:59,Organic,India,2,4.0,0,,,0,,,,0,0,
4731,2025-02-03 01:41:21,Organic,UK,4,12.0,1,3.0,2025-02-06 01:41:21,0,,,,0,1,1742262081000000000
4732,2025-02-01 15:01:21,Organic,UK,7,31.5,1,2.0,2025-02-03 15:01:21,0,,,,0,1,1743519681000000000
4733,2025-02-25 22:59:37,Organic,Germany,0,0.0,0,,,0,,,,0,1,1742770777000000000
4734,2025-01-27 07:45:16,Referral,Canada,4,16.0,0,,,0,,,,0,0,
4735,2025-02-11 16:43:35,Referral,India,2,9.0,1,2.0,2025-02-13 16:43:35,0,,,,0,0,
4736,2025-01-19 07:46:54,Organic,USA,5,22.5,1,3.0,2025-01-22 07:46:54,1,7.0,2025-01-26 07:46:54,Pro,120,1,1742111214000000000
4737,2025-01-09 16:45:18,Ads,India,5,15.0,1,1.0,2025-01-10 16:45:18,0,,,,0,1,1739637918000000000
4738,2025-01-06 22:35:13,Organic,USA,5,15.0,1,1.0,2025-01-07 22:35:13,1,14.0,2025-01-20 22:35:13,Basic,50,0,
4739,2025-03-26 21:16:22,Ads,USA,9,40.5,1,3.0,2025-03-29 21:16:22,0,,,,0,1,1747775782000000000
4740,2025-02-15 12:06:26,Organic,India,6,36.0,1,3.0,2025-02-18 12:06:26,0,,,,0,0,
4741,2025-02-07 04:50:15,Organic,USA,4,12.0,0,,,0,,,,0,1,1742100615000000000
4742,2025-03-16 12:55:50,Referral,India,6,12.0,0,,,0,,,,0,1,1744376150000000000
4743,2025-03-16 06:01:49,Organic,USA,5,30.0,1,3.0,2025-03-19 06:01:49,0,,,,0,1,1744869709000000000
4744,2025-02-10 01:23:09,Organic,UK,4,24.0,1,2.0,2025-02-12 01:23:09,0,,,,0,1,1744248189000000000
4745,2025-01-27 23:50:14,Organic,USA,6,27.0,1,3.0,2025-01-30 23:50:14,0,,,,0,1,1741477814000000000
4746,2025-01-27 23:17:09,Organic,Germany,4,12.0,0,,,0,,,,0,0,
4747,2025-02-28 19:37:00,Organic,India,6,27.0,1,1.0,2025-03-01 19:37:00,0,,,,0,0,
4748,2025-03-02 22:57:42,Referral,USA,8,24.0,1,2.0,2025-03-04 22:57:42,0,,,,0,1,1743807462000000000
4749,2025-01-22 13:37:42,Ads,USA,8,48.0,1,1.0,2025-01-23 13:37:42,0,,,,0,0,
4750,2025-03-12 13:40:16,Ads,India,5,30.0,1,2.0,2025-03-14 13:40:16,0,,,,0,1,1746884416000000000
4751,2025-01-08 13:43:44,Organic,India,3,12.0,0,,,0,,,,0,1,1739022224000000000
4752,2025-01-27 01:06:37,Organic,Germany,4,18.0,1,2.0,2025-01-29 01:06:37,0,,,,0,0,
4753,2025-01-24 03:21:24,Organic,USA,1,2.0,0,,,0,,,,0,1,1739935284000000000
4754,2025-01-24 04:01:16,Organic,USA,3,18.0,1,1.0,2025-01-25 04:01:16,0,,,,0,0,
4755,2025-03-28 08:51:30,Ads,USA,5,22.5,1,1.0,2025-03-29 08:51:30,0,,,,0,1,1747903890000000000
4756,2025-01-20 11:55:32,Organic,Canada,1,4.0,0,,,1,12.0,2025-02-01 11:55:32,Basic,50,0,
4757,2025-01-06 06:13:38,Referral,India,4,12.0,1,1.0,2025-01-07 06:13:38,0,,,,0,1,1737526418000000000
4758,2025-03-08 06:24:56,Organic,Canada,4,18.0,1,2.0,2025-03-10 06:24:56,0,,,,0,1,1742883896000000000
4759,2025-01-18 01:02:22,Organic,India,5,30.0,1,1.0,2025-01-19 01:02:22,1,9.0,2025-01-27 01:02:22,Basic,50,0,
4760,2025-02-21 18:30:14,Organic,USA,9,36.0,0,,,0,,,,0,1,1742149814000000000
4761,2025-02-26 05:07:34,Organic,India,6,18.0,1,1.0,2025-02-27 05:07:34,0,,,,0,0,
4762,2025-03-26 11:06:07,Organic,Canada,8,24.0,1,3.0,2025-03-29 11:06:07,0,,,,0,0,
4763,2025-01-07 12:17:01,Organic,UK,6,18.0,1,3.0,2025-01-10 12:17:01,0,,,,0,1,1737893821000000000
4764,2025-02-10 20:30:01,Organic,USA,9,40.5,1,2.0,2025-02-12 20:30:01,0,,,,0,0,
4765,2025-02-25 15:36:03,Ads,India,4,12.0,1,1.0,2025-02-26 15:36:03,1,14.0,2025-03-11 15:36:03,Basic,50,0,
4766,2025-03-28 08:18:15,Ads,USA,8,24.0,1,1.0,2025-03-29 08:18:15,0,,,,0,1,1747901895000000000
4767,2025-03-14 17:47:31,Organic,India,5,30.0,1,1.0,2025-03-15 17:47:31,0,,,,0,1,1745603251000000000
4768,2025-01-19 11:54:59,Organic,USA,2,6.0,1,2.0,2025-01-21 11:54:59,0,,,,0,0,
4769,2025-02-18 13:07:43,Ads,Canada,5,20.0,0,,,0,,,,0,1,1743944863000000000
4770,2025-02-14 03:13:53,Referral,UK,11,33.0,1,3.0,2025-02-17 03:13:53,0,,,,0,0,
4771,2025-03-26 08:57:49,Ads,India,8,36.0,1,1.0,2025-03-27 08:57:49,0,,,,0,1,1748077069000000000
4772,2025-01-15 00:32:49,Organic,Germany,8,48.0,1,2.0,2025-01-17 00:32:49,0,,,,0,0,
4773,2025-02-22 19:01:47,Ads,Germany,6,18.0,1,1.0,2025-02-23 19:01:47,0,,,,0,1,1743793307000000000
4774,2025-01-14 20:11:25,Ads,USA,3,18.0,1,2.0,2025-01-16 20:11:25,0,,,,0,1,1741205485000000000
4775,2025-01-14 09:08:03,Organic,USA,1,6.0,1,2.0,2025-01-16 09:08:03,1,8.0,2025-01-22 09:08:03,Basic,50,0,
4776,2025-01-23 20:25:24,Referral,Germany,6,27.0,1,1.0,2025-01-24 20:25:24,1,7.0,2025-01-30 20:25:24,Pro,120,1,1740601524000000000
4777,2025-03-02 20:27:03,Organic,USA,6,24.0,0,,,0,,,,0,0,
4778,2025-02-15 02:49:50,Referral,USA,7,42.0,1,1.0,2025-02-16 02:49:50,0,,,,0,0,
4779,2025-03-27 11:42:13,Ads,UK,4,12.0,1,2.0,2025-03-29 11:42:13,0,,,,0,0,
4780,2025-02-09 05:14:05,Ads,India,8,16.0,0,,,0,,,,0,0,
4781,2025-02-01 17:56:14,Ads,Canada,9,40.5,1,2.0,2025-02-03 17:56:14,0,,,,0,1,1741370174000000000
4782,2025-02-10 10:01:39,Organic,USA,5,22.5,1,1.0,2025-02-11 10:01:39,1,13.0,2025-02-23 10:01:39,Basic,50,0,
4783,2025-01-15 19:19:40,Ads,USA,5,22.5,1,1.0,2025-01-16 19:19:40,0,,,,0,1,1741115980000000000
4784,2025-02-08 13:52:58,Referral,India,8,24.0,1,1.0,2025-02-09 13:52:58,0,,,,0,1,1742133178000000000
4785,2025-02-22 10:40:11,Ads,India,2,8.0,0,,,0,,,,0,1,1742121611000000000
4786,2025-01-30 21:49:42,Referral,USA,5,15.0,1,3.0,2025-02-02 21:49:42,0,,,,0,1,1740260982000000000
4787,2025-01-21 22:18:06,Referral,USA,5,30.0,1,2.0,2025-01-23 22:18:06,1,10.0,2025-01-31 22:18:06,Basic,50,0,
4788,2025-02-23 05:42:37,Referral,UK,3,13.5,1,2.0,2025-02-25 05:42:37,0,,,,0,1,1745214157000000000
4789,2025-02-26 07:28:33,Ads,India,5,20.0,0,,,0,,,,0,1,1744010913000000000
4790,2025-02-20 11:58:09,Ads,India,4,8.0,0,,,0,,,,0,1,1742903889000000000
4791,2025-03-17 04:26:31,Organic,USA,7,21.0,0,,,0,,,,0,1,1744518391000000000
4792,2025-02-02 09:12:01,Ads,USA,4,12.0,1,2.0,2025-02-04 09:12:01,1,12.0,2025-02-14 09:12:01,Basic,50,1,1742289121000000000
4793,2025-02-20 15:02:22,Organic,India,5,20.0,0,,,0,,,,0,0,
4794,2025-03-21 10:04:58,Organic,India,2,12.0,1,2.0,2025-03-23 10:04:58,0,,,,0,0,
4795,2025-01-04 02:46:00,Organic,Germany,3,13.5,1,2.0,2025-01-06 02:46:00,0,,,,0,0,
4796,2025-01-30 17:52:11,Referral,India,5,15.0,1,2.0,2025-02-01 17:52:11,0,,,,0,1,1743357131000000000
4797,2025-01-06 02:45:04,Referral,Canada,7,21.0,1,1.0,2025-01-07 02:45:04,0,,,,0,1,1741056304000000000
4798,2025-02-28 16:26:54,Ads,India,6,27.0,1,3.0,2025-03-03 16:26:54,0,,,,0,1,1744993614000000000
4799,2025-02-28 22:39:52,Organic,UK,6,36.0,1,1.0,2025-03-01 22:39:52,0,,,,0,1,1745015992000000000
4800,2025-01-07 16:42:06,Ads,India,4,24.0,1,3.0,2025-01-10 16:42:06,0,,,,0,0,
4801,2025-03-18 12:43:28,Ads,Canada,8,36.0,1,2.0,2025-03-20 12:43:28,1,11.0,2025-03-29 12:43:28,Pro,120,0,
4802,2025-03-09 18:44:09,Organic,India,3,12.0,0,,,0,,,,0,0,
4803,2025-03-29 19:41:16,Organic,India,6,27.0,1,2.0,2025-03-31 19:41:16,1,9.0,2025-04-07 19:41:16,Basic,50,1,1748374876000000000
4804,2025-01-10 16:36:33,Organic,India,4,12.0,1,1.0,2025-01-11 16:36:33,0,,,,0,1,1740674193000000000
4805,2025-02-08 17:18:23,Ads,Canada,5,20.0,0,,,0,,,,0,1,1744046303000000000
4806,2025-03-25 22:55:17,Ads,Canada,3,13.5,1,2.0,2025-03-27 22:55:17,0,,,,0,1,1745103317000000000
4807,2025-03-01 10:15:44,Organic,India,7,31.5,1,1.0,2025-03-02 10:15:44,0,,,,0,1,1744971344000000000
4808,2025-01-10 10:13:42,Referral,India,7,42.0,1,3.0,2025-01-13 10:13:42,0,,,,0,1,1738318422000000000
4809,2025-03-03 09:43:51,Organic,UK,10,45.0,1,1.0,2025-03-04 09:43:51,0,,,,0,1,1743500631000000000
4810,2025-03-13 23:22:25,Organic,Canada,9,40.5,1,3.0,2025-03-16 23:22:25,0,,,,0,0,
4811,2025-01-09 12:09:43,Organic,USA,4,12.0,0,,,0,,,,0,0,
4812,2025-01-27 04:43:49,Organic,Germany,4,12.0,1,2.0,2025-01-29 04:43:49,0,,,,0,0,
4813,2025-02-06 07:03:32,Organic,India,10,45.0,1,1.0,2025-02-07 07:03:32,0,,,,0,1,1741244612000000000
4814,2025-02-19 11:31:55,Organic,India,6,27.0,1,3.0,2025-02-22 11:31:55,0,,,,0,1,1742038315000000000
4815,2025-02-03 06:58:00,Ads,India,4,8.0,0,,,0,,,,0,1,1743317880000000000
4816,2025-02-04 00:18:07,Organic,UK,8,48.0,1,1.0,2025-02-05 00:18:07,0,,,,0,0,
4817,2025-03-01 15:30:35,Ads,USA,4,18.0,1,1.0,2025-03-02 15:30:35,1,13.0,2025-03-14 15:30:35,Basic,50,1,1743435035000000000
4818,2025-01-17 09:34:02,Ads,India,9,27.0,0,,,0,,,,0,1,1740303242000000000
4819,2025-01-27 23:34:16,Organic,India,2,6.0,1,2.0,2025-01-29 23:34:16,0,,,,0,1,1741908856000000000
4820,2025-02-12 16:43:44,Ads,USA,7,31.5,1,2.0,2025-02-14 16:43:44,0,,,,0,1,1743266624000000000
4821,2025-02-20 21:17:30,Organic,India,2,4.0,0,,,0,,,,0,1,1743369450000000000
4822,2025-02-12 20:26:58,Referral,India,8,24.0,1,3.0,2025-02-15 20:26:58,1,13.0,2025-02-25 20:26:58,Pro,120,0,
4823,2025-01-27 09:46:48,Referral,Germany,8,24.0,1,1.0,2025-01-28 09:46:48,0,,,,0,0,
4824,2025-02-15 11:40:10,Organic,India,2,8.0,0,,,0,,,,0,1,1741520410000000000
4825,2025-03-07 07:11:29,Referral,India,5,30.0,1,2.0,2025-03-09 07:11:29,0,,,,0,1,1745133089000000000
4826,2025-02-12 03:36:11,Ads,UK,6,18.0,1,2.0,2025-02-14 03:36:11,0,,,,0,0,
4827,2025-03-16 09:34:59,Referral,Canada,4,12.0,1,3.0,2025-03-19 09:34:59,1,10.0,2025-03-26 09:34:59,Basic,50,0,
4828,2025-02-17 05:10:41,Ads,USA,5,30.0,1,1.0,2025-02-18 05:10:41,1,11.0,2025-02-28 05:10:41,Basic,50,1,1744261841000000000
4829,2025-03-03 23:53:50,Organic,India,4,24.0,1,1.0,2025-03-04 23:53:50,1,8.0,2025-03-11 23:53:50,Pro,120,1,1745366030000000000
4830,2025-03-20 10:06:42,Referral,Canada,1,3.0,0,,,0,,,,0,1,1744366002000000000
4831,2025-01-12 02:50:52,Organic,USA,2,6.0,0,,,0,,,,0,1,1740106252000000000
4832,2025-01-26 07:52:50,Organic,India,3,9.0,1,3.0,2025-01-29 07:52:50,0,,,,0,1,1741247570000000000
4833,2025-03-28 11:55:28,Organic,USA,6,36.0,1,2.0,2025-03-30 11:55:28,0,,,,0,1,1748260528000000000
4834,2025-01-18 22:08:05,Organic,UK,4,24.0,1,1.0,2025-01-19 22:08:05,0,,,,0,1,1741903685000000000
4835,2025-01-19 03:22:23,Ads,USA,6,27.0,1,3.0,2025-01-22 03:22:23,0,,,,0,1,1741490543000000000
4836,2025-02-08 11:44:55,Ads,Germany,10,30.0,1,2.0,2025-02-10 11:44:55,1,12.0,2025-02-20 11:44:55,Basic,50,0,
4837,2025-03-01 01:05:15,Referral,USA,6,24.0,0,,,0,,,,0,1,1742432715000000000
4838,2025-03-07 05:12:18,Organic,Canada,7,42.0,1,3.0,2025-03-10 05:12:18,0,,,,0,1,1742620338000000000
4839,2025-03-11 12:57:08,Referral,USA,7,42.0,1,1.0,2025-03-12 12:57:08,0,,,,0,1,1746795428000000000
4840,2025-02-09 04:29:04,Referral,India,10,30.0,1,3.0,2025-02-12 04:29:04,1,9.0,2025-02-18 04:29:04,Basic,50,1,1741148944000000000
4841,2025-03-15 04:38:17,Organic,USA,6,12.0,0,,,0,,,,0,0,
4842,2025-03-05 10:28:38,Organic,India,6,36.0,1,2.0,2025-03-07 10:28:38,1,10.0,2025-03-15 10:28:38,Pro,120,1,1745231318000000000
4843,2025-03-22 20:32:25,Referral,India,7,21.0,1,1.0,2025-03-23 20:32:25,1,11.0,2025-04-02 20:32:25,Pro,120,0,
4844,2025-01-09 17:53:32,Ads,UK,5,22.5,1,2.0,2025-01-11 17:53:32,0,,,,0,1,1740160412000000000
4845,2025-02-16 05:35:28,Ads,UK,10,45.0,1,3.0,2025-02-19 05:35:28,0,,,,0,1,1743917728000000000
4846,2025-01-25 00:47:55,Ads,India,5,15.0,0,,,0,,,,0,1,1742431675000000000
4847,2025-01-25 18:58:32,Organic,USA,6,18.0,1,2.0,2025-01-27 18:58:32,1,13.0,2025-02-07 18:58:32,Basic,50,0,
4848,2025-02-06 09:25:11,Organic,India,2,9.0,1,2.0,2025-02-08 09:25:11,1,7.0,2025-02-13 09:25:11,Basic,50,0,
4849,2025-01-04 07:20:22,Ads,Canada,7,42.0,1,3.0,2025-01-07 07:20:22,0,,,,0,1,1740036022000000000
4850,2025-01-23 17:14:49,Organic,India,5,20.0,0,,,0,,,,0,1,1741713289000000000
4851,2025-01-23 01:41:02,Ads,UK,6,18.0,1,3.0,2025-01-26 01:41:02,0,,,,0,1,1741570862000000000
4852,2025-02-16 14:26:30,Referral,USA,3,13.5,1,1.0,2025-02-17 14:26:30,1,8.0,2025-02-24 14:26:30,Basic,50,1,1743863190000000000
4853,2025-01-17 03:53:56,Ads,USA,5,15.0,1,1.0,2025-01-18 03:53:56,0,,,,0,0,
4854,2025-01-08 17:25:40,Referral,India,5,15.0,1,1.0,2025-01-09 17:25:40,0,,,,0,0,
4855,2025-01-26 09:54:50,Organic,USA,12,36.0,1,3.0,2025-01-29 09:54:50,1,8.0,2025-02-03 09:54:50,Basic,50,0,
4856,2025-01-19 09:10:36,Ads,Canada,8,32.0,0,,,0,,,,0,1,1741338636000000000
4857,2025-02-27 23:48:52,Ads,UK,5,15.0,1,3.0,2025-03-02 23:48:52,1,5.0,2025-03-04 23:48:52,Pro,120,1,1742946532000000000
4858,2025-03-01 20:08:00,Referral,UK,1,4.0,0,,,0,,,,0,0,
4859,2025-02-24 11:10:15,Ads,UK,4,12.0,1,1.0,2025-02-25 11:10:15,0,,,,0,1,1744715415000000000
4860,2025-03-05 05:45:15,Organic,India,6,18.0,0,,,0,,,,0,1,1742795115000000000
4861,2025-02-04 12:26:50,Referral,India,5,30.0,1,3.0,2025-02-07 12:26:50,0,,,,0,0,
4862,2025-03-19 05:56:32,Ads,Canada,7,21.0,1,1.0,2025-03-20 05:56:32,1,6.0,2025-03-25 05:56:32,Basic,50,1,1746165392000000000
4863,2025-01-17 06:05:55,Organic,Canada,2,6.0,0,,,0,,,,0,1,1738476355000000000
4864,2025-03-10 00:49:50,Ads,UK,8,24.0,1,2.0,2025-03-12 00:49:50,1,10.0,2025-03-20 00:49:50,Pro,120,0,
4865,2025-01-31 23:11:20,Referral,USA,6,27.0,1,2.0,2025-02-02 23:11:20,0,,,,0,0,
4866,2025-02-28 12:28:13,Ads,India,3,18.0,1,2.0,2025-03-02 12:28:13,1,6.0,2025-03-06 12:28:13,Basic,50,0,
4867,2025-03-11 02:13:28,Organic,India,3,18.0,1,3.0,2025-03-14 02:13:28,0,,,,0,1,1743732808000000000
4868,2025-02-09 15:08:03,Referral,UK,5,15.0,1,3.0,2025-02-12 15:08:03,0,,,,0,1,1741619283000000000
4869,2025-01-29 12:38:42,Ads,Germany,4,12.0,1,2.0,2025-01-31 12:38:42,0,,,,0,1,1739882322000000000
4870,2025-03-17 22:04:02,Ads,USA,5,15.0,1,3.0,2025-03-20 22:04:02,0,,,,0,1,1745877842000000000
4871,2025-03-20 02:23:07,Organic,India,3,13.5,1,2.0,2025-03-22 02:23:07,1,14.0,2025-04-03 02:23:07,Basic,50,0,
4872,2025-03-12 13:22:44,Organic,India,5,30.0,1,3.0,2025-03-15 13:22:44,1,7.0,2025-03-19 13:22:44,Basic,50,0,
4873,2025-03-07 04:06:01,Ads,India,3,9.0,1,3.0,2025-03-10 04:06:01,0,,,,0,1,1744776361000000000
4874,2025-03-06 05:56:32,Referral,USA,6,27.0,1,2.0,2025-03-08 05:56:32,0,,,,0,1,1743918992000000000
4875,2025-02-03 13:51:32,Organic,Germany,4,18.0,1,2.0,2025-02-05 13:51:32,0,,,,0,1,1741873892000000000
4876,2025-01-27 01:03:49,Organic,Canada,2,8.0,0,,,0,,,,0,1,1740099829000000000
4877,2025-03-27 14:03:27,Organic,Canada,4,16.0,0,,,0,,,,0,1,1746021807000000000
4878,2025-01-18 14:55:34,Ads,USA,7,21.0,1,2.0,2025-01-20 14:55:34,0,,,,0,1,1739285734000000000
4879,2025-01-20 22:35:07,Organic,USA,9,54.0,1,1.0,2025-01-21 22:35:07,0,,,,0,0,
4880,2025-01-30 02:52:47,Organic,Germany,7,21.0,1,3.0,2025-02-02 02:52:47,0,,,,0,1,1741143167000000000
4881,2025-02-24 02:38:32,Organic,USA,9,54.0,1,3.0,2025-02-27 02:38:32,0,,,,0,0,
4882,2025-03-09 12:34:42,Ads,Germany,2,9.0,1,2.0,2025-03-11 12:34:42,0,,,,0,1,1745584482000000000
4883,2025-02-03 05:22:54,Organic,UK,8,48.0,1,3.0,2025-02-06 05:22:54,0,,,,0,0,
4884,2025-03-21 15:53:19,Organic,India,5,22.5,1,3.0,2025-03-24 15:53:19,0,,,,0,0,
4885,2025-03-22 02:46:23,Referral,USA,7,31.5,1,3.0,2025-03-25 02:46:23,1,6.0,2025-03-28 02:46:23,Basic,50,0,
4886,2025-03-17 13:02:05,Organic,India,3,13.5,1,1.0,2025-03-18 13:02:05,0,,,,0,1,1746363725000000000
4887,2025-03-04 02:33:06,Organic,India,3,9.0,1,1.0,2025-03-05 02:33:06,0,,,,0,1,1743042786000000000
4888,2025-02-03 10:28:59,Referral,India,11,33.0,0,,,0,,,,0,1,1741256939000000000
4889,2025-02-16 03:18:00,Organic,Canada,5,15.0,1,3.0,2025-02-19 03:18:00,1,14.0,2025-03-02 03:18:00,Basic,50,1,1743045480000000000
4890,2025-03-20 05:34:51,Ads,UK,4,18.0,1,1.0,2025-03-21 05:34:51,0,,,,0,1,1747028091000000000
4891,2025-03-18 07:05:42,Organic,India,7,31.5,1,2.0,2025-03-20 07:05:42,0,,,,0,1,1744700742000000000
4892,2025-01-24 16:02:20,Ads,India,8,24.0,1,2.0,2025-01-26 16:02:20,1,11.0,2025-02-04 16:02:20,Basic,50,1,1741104140000000000
4893,2025-01-25 07:10:09,Organic,USA,1,4.0,0,,,0,,,,0,1,1742368209000000000
4894,2025-03-06 00:46:28,Referral,USA,5,15.0,1,3.0,2025-03-09 00:46:28,0,,,,0,1,1745196388000000000
4895,2025-03-28 05:55:47,Organic,USA,4,18.0,1,2.0,2025-03-30 05:55:47,0,,,,0,1,1747893347000000000
4896,2025-02-06 17:13:02,Organic,UK,4,12.0,1,3.0,2025-02-09 17:13:02,0,,,,0,1,1742404382000000000
4897,2025-02-14 22:17:37,Ads,USA,2,4.0,0,,,0,,,,0,1,1741645057000000000
4898,2025-02-22 12:31:11,Referral,India,7,42.0,1,2.0,2025-02-24 12:31:11,1,8.0,2025-03-02 12:31:11,Basic,50,0,
4899,2025-01-04 08:57:44,Organic,USA,9,27.0,1,3.0,2025-01-07 08:57:44,1,5.0,2025-01-09 08:57:44,Basic,50,0,
4900,2025-02-24 20:30:00,Referral,India,13,78.0,1,3.0,2025-02-27 20:30:00,0,,,,0,1,1742329800000000000
4901,2025-01-31 22:43:49,Organic,India,6,18.0,1,1.0,2025-02-01 22:43:49,0,,,,0,1,1742337829000000000
4902,2025-03-20 11:26:02,Ads,India,7,21.0,1,2.0,2025-03-22 11:26:02,0,,,,0,0,
4903,2025-01-02 08:56:21,Organic,USA,4,24.0,1,3.0,2025-01-05 08:56:21,0,,,,0,0,
4904,2025-03-04 03:53:27,Ads,Canada,4,24.0,1,2.0,2025-03-06 03:53:27,0,,,,0,1,1744343607000000000
4905,2025-03-03 02:00:53,Organic,UK,5,15.0,1,2.0,2025-03-05 02:00:53,0,,,,0,1,1743472853000000000
4906,2025-02-14 14:04:16,Organic,UK,2,8.0,0,,,0,,,,0,0,
4907,2025-03-07 13:17:23,Organic,USA,4,8.0,0,,,0,,,,0,1,1744895843000000000
4908,2025-01-04 22:02:20,Organic,India,2,6.0,1,2.0,2025-01-06 22:02:20,1,8.0,2025-01-12 22:02:20,Basic,50,1,1739397740000000000
4909,2025-01-06 19:19:50,Referral,India,6,36.0,1,3.0,2025-01-09 19:19:50,0,,,,0,1,1738955990000000000
4910,2025-01-17 10:00:12,Referral,Canada,8,36.0,1,2.0,2025-01-19 10:00:12,1,8.0,2025-01-25 10:00:12,Basic,50,0,
4911,2025-02-08 21:28:12,Ads,India,4,18.0,1,2.0,2025-02-10 21:28:12,0,,,,0,0,
4912,2025-01-19 20:52:49,Organic,USA,3,13.5,1,3.0,2025-01-22 20:52:49,0,,,,0,0,
4913,2025-01-11 02:18:48,Organic,India,1,4.5,1,2.0,2025-01-13 02:18:48,0,,,,0,1,1738981128000000000
4914,2025-02-25 15:57:59,Ads,Germany,6,36.0,1,3.0,2025-02-28 15:57:59,0,,,,0,0,
4915,2025-03-04 02:16:38,Referral,Germany,7,21.0,1,3.0,2025-03-07 02:16:38,0,,,,0,0,
4916,2025-02-06 00:04:51,Organic,India,7,31.5,1,3.0,2025-02-09 00:04:51,0,,,,0,0,
4917,2025-01-16 17:14:57,Referral,UK,1,3.0,1,3.0,2025-01-19 17:14:57,0,,,,0,0,
4918,2025-02-08 04:45:54,Referral,India,5,20.0,0,,,0,,,,0,1,1742791554000000000
4919,2025-02-28 08:53:47,Referral,USA,5,30.0,1,3.0,2025-03-03 08:53:47,0,,,,0,1,1742374427000000000
4920,2025-01-15 23:31:55,Organic,India,3,9.0,0,,,0,,,,0,1,1738539115000000000
4921,2025-03-12 10:59:55,Organic,India,0,0.0,0,,,0,,,,0,1,1743591595000000000
4922,2025-01-30 19:25:08,Organic,India,3,18.0,1,3.0,2025-02-02 19:25:08,0,,,,0,1,1742844308000000000
4923,2025-01-28 12:03:39,Ads,Germany,4,12.0,0,,,0,,,,0,1,1742731419000000000
4924,2025-01-16 17:18:31,Organic,Canada,9,27.0,1,2.0,2025-01-18 17:18:31,0,,,,0,0,
4925,2025-03-09 11:17:09,Organic,India,4,12.0,0,,,0,,,,0,1,1742987829000000000
4926,2025-02-22 04:59:44,Ads,USA,2,4.0,0,,,0,,,,0,1,1743829184000000000
4927,2025-03-18 17:01:23,Organic,India,4,12.0,1,1.0,2025-03-19 17:01:23,1,7.0,2025-03-25 17:01:23,Basic,50,0,
4928,2025-03-09 10:55:16,Organic,India,7,21.0,1,2.0,2025-03-11 10:55:16,0,,,,0,1,1743072916000000000
4929,2025-01-15 22:11:07,Ads,Canada,10,60.0,1,2.0,2025-01-17 22:11:07,0,,,,0,0,
4930,2025-01-02 21:34:34,Ads,India,5,22.5,1,3.0,2025-01-05 21:34:34,0,,,,0,0,
4931,2025-01-30 18:01:06,Ads,USA,8,24.0,1,1.0,2025-01-31 18:01:06,0,,,,0,0,
4932,2025-02-12 07:19:40,Organic,USA,1,3.0,1,3.0,2025-02-15 07:19:40,1,13.0,2025-02-25 07:19:40,Basic,50,1,1744355980000000000
4933,2025-03-14 03:30:00,Ads,India,4,18.0,1,2.0,2025-03-16 03:30:00,0,,,,0,1,1745379000000000000
4934,2025-02-21 21:18:40,Ads,USA,7,28.0,0,,,0,,,,0,1,1743628720000000000
4935,2025-01-10 03:37:25,Organic,Germany,5,22.5,1,3.0,2025-01-13 03:37:25,0,,,,0,1,1738467445000000000
4936,2025-02-08 01:04:53,Ads,UK,7,21.0,1,1.0,2025-02-09 01:04:53,0,,,,0,1,1741309493000000000
4937,2025-01-12 18:38:01,Organic,India,3,9.0,1,3.0,2025-01-15 18:38:01,0,,,,0,0,
4938,2025-02-11 14:33:24,Organic,Canada,3,9.0,0,,,1,5.0,2025-02-16 14:33:24,Pro,120,1,1744209204000000000
4939,2025-01-01 17:21:47,Organic,Germany,4,18.0,1,3.0,2025-01-04 17:21:47,0,,,,0,0,
4940,2025-01-13 19:08:30,Organic,India,6,36.0,1,2.0,2025-01-15 19:08:30,1,7.0,2025-01-20 19:08:30,Basic,50,0,
4941,2025-03-16 08:37:08,Organic,India,6,18.0,1,3.0,2025-03-19 08:37:08,0,,,,0,1,1744879028000000000
4942,2025-01-28 01:32:57,Referral,India,6,18.0,1,3.0,2025-01-31 01:32:57,1,9.0,2025-02-06 01:32:57,Basic,50,0,
4943,2025-02-20 18:42:53,Organic,India,8,36.0,1,2.0,2025-02-22 18:42:53,1,7.0,2025-02-27 18:42:53,Basic,50,1,1742150573000000000
4944,2025-03-24 05:54:20,Referral,UK,5,15.0,0,,,0,,,,0,0,
4945,2025-01-10 08:02:44,Ads,India,5,10.0,0,,,1,5.0,2025-01-15 08:02:44,Basic,50,1,1740816164000000000
4946,2025-02-15 08:35:49,Organic,India,6,18.0,1,2.0,2025-02-17 08:35:49,0,,,,0,1,1744101349000000000
4947,2025-03-11 23:51:51,Organic,India,5,30.0,1,3.0,2025-03-14 23:51:51,1,5.0,2025-03-16 23:51:51,Basic,50,1,1746489111000000000
4948,2025-01-19 15:04:33,Ads,USA,5,15.0,1,3.0,2025-01-22 15:04:33,1,13.0,2025-02-01 15:04:33,Basic,50,0,
4949,2025-03-28 23:14:29,Ads,USA,4,12.0,1,2.0,2025-03-30 23:14:29,0,,,,0,1,1745018069000000000
4950,2025-01-20 19:32:32,Organic,UK,5,22.5,1,2.0,2025-01-22 19:32:32,0,,,,0,0,
4951,2025-03-07 16:37:55,Organic,India,7,42.0,1,2.0,2025-03-09 16:37:55,0,,,,0,1,1743525475000000000
4952,2025-03-20 13:24:29,Ads,USA,3,6.0,0,,,0,,,,0,1,1747401869000000000
4953,2025-03-18 05:18:01,Organic,India,7,21.0,0,,,0,,,,0,1,1744348681000000000
4954,2025-01-09 12:59:14,Referral,Germany,8,24.0,1,3.0,2025-01-12 12:59:14,0,,,,0,1,1738069154000000000
4955,2025-02-03 15:47:36,Ads,India,4,12.0,1,1.0,2025-02-04 15:47:36,0,,,,0,0,
4956,2025-01-09 04:26:13,Organic,India,5,30.0,1,2.0,2025-01-11 04:26:13,0,,,,0,1,1740371173000000000
4957,2025-03-23 13:33:04,Organic,India,7,21.0,1,3.0,2025-03-26 13:33:04,1,8.0,2025-03-31 13:33:04,Basic,50,1,1745069584000000000
4958,2025-03-29 22:30:35,Organic,India,2,9.0,1,2.0,2025-03-31 22:30:35,0,,,,0,1,1748039435000000000
4959,2025-03-10 16:24:21,Referral,India,5,15.0,1,1.0,2025-03-11 16:24:21,0,,,,0,1,1743524661000000000
4960,2025-02-22 04:56:19,Organic,USA,3,13.5,1,2.0,2025-02-24 04:56:19,0,,,,0,1,1742360179000000000
4961,2025-01-08 20:44:07,Organic,Canada,7,21.0,1,2.0,2025-01-10 20:44:07,0,,,,0,0,
4962,2025-01-13 06:50:04,Ads,India,4,18.0,1,1.0,2025-01-14 06:50:04,1,7.0,2025-01-20 06:50:04,Basic,50,1,1738997404000000000
4963,2025-03-01 21:03:38,Organic,USA,1,3.0,0,,,0,,,,0,1,1743541418000000000
4964,2025-02-04 11:50:48,Organic,UK,9,27.0,1,3.0,2025-02-07 11:50:48,0,,,,0,1,1740743448000000000
4965,2025-01-31 06:06:27,Referral,India,6,27.0,1,3.0,2025-02-03 06:06:27,1,7.0,2025-02-07 06:06:27,Basic,50,0,
4966,2025-02-01 20:58:33,Organic,India,1,3.0,0,,,0,,,,0,1,1743022713000000000
4967,2025-03-14 06:52:43,Referral,India,3,9.0,1,3.0,2025-03-17 06:52:43,0,,,,0,1,1746859963000000000
4968,2025-02-27 19:45:29,Referral,Canada,2,4.0,0,,,0,,,,0,1,1745091929000000000
4969,2025-03-29 12:58:13,Organic,Canada,3,9.0,1,2.0,2025-03-31 12:58:13,0,,,,0,1,1747573093000000000
4970,2025-01-30 08:13:52,Organic,India,10,40.0,0,,,0,,,,0,1,1743322432000000000
4971,2025-03-07 11:13:23,Organic,India,3,13.5,1,1.0,2025-03-08 11:13:23,0,,,,0,1,1745838803000000000
4972,2025-01-28 12:48:27,Ads,UK,1,4.5,1,2.0,2025-01-30 12:48:27,1,6.0,2025-02-03 12:48:27,Basic,50,1,1740746907000000000
4973,2025-03-22 21:50:07,Organic,USA,0,0.0,1,2.0,2025-03-24 21:50:07,0,,,,0,0,
4974,2025-03-13 10:32:14,Referral,UK,4,16.0,0,,,0,,,,0,1,1746700334000000000
4975,2025-02-22 11:04:48,Ads,India,5,22.5,1,1.0,2025-02-23 11:04:48,0,,,,0,0,
4976,2025-03-29 17:29:11,Organic,Germany,4,12.0,1,2.0,2025-03-31 17:29:11,1,9.0,2025-04-07 17:29:11,Pro,120,0,
4977,2025-02-02 18:05:15,Ads,UK,2,8.0,0,,,0,,,,0,1,1741802715000000000
4978,2025-03-11 19:34:17,Organic,India,4,16.0,0,,,0,,,,0,1,1744745657000000000
4979,2025-03-24 13:25:31,Referral,USA,4,8.0,0,,,0,,,,0,0,
4980,2025-01-28 08:26:02,Ads,India,4,12.0,1,2.0,2025-01-30 08:26:02,0,,,,0,1,1742977562000000000
4981,2025-02-26 12:05:09,Organic,India,3,9.0,0,,,0,,,,0,1,1744545909000000000
4982,2025-03-07 18:00:20,Organic,UK,4,12.0,1,3.0,2025-03-10 18:00:20,0,,,,0,0,
4983,2025-01-11 14:11:53,Referral,India,4,16.0,0,,,0,,,,0,1,1740492713000000000
4984,2025-02-01 03:59:54,Ads,UK,9,40.5,1,3.0,2025-02-04 03:59:54,0,,,,0,1,1741233594000000000
4985,2025-03-27 13:10:06,Referral,India,5,22.5,1,1.0,2025-03-28 13:10:06,0,,,,0,0,
4986,2025-01-26 14:19:09,Organic,UK,5,22.5,1,2.0,2025-01-28 14:19:09,0,,,,0,0,
4987,2025-01-28 03:35:04,Organic,India,4,8.0,0,,,0,,,,0,0,
4988,2025-02-23 00:30:25,Organic,UK,6,18.0,1,2.0,2025-02-25 00:30:25,1,5.0,2025-02-28 00:30:25,Basic,50,0,
4989,2025-01-05 21:35:32,Ads,India,3,9.0,1,2.0,2025-01-07 21:35:32,0,,,,0,1,1737668132000000000
4990,2025-01-04 09:16:15,Organic,India,6,18.0,1,2.0,2025-01-06 09:16:15,1,13.0,2025-01-17 09:16:15,Basic,50,0,
4991,2025-01-17 21:28:20,Organic,USA,5,20.0,0,,,0,,,,0,1,1741037300000000000
4992,2025-01-01 08:08:56,Ads,USA,3,18.0,1,1.0,2025-01-02 08:08:56,0,,,,0,0,
4993,2025-03-24 09:28:00,Ads,USA,6,18.0,0,,,0,,,,0,1,1744190880000000000
4994,2025-02-07 01:11:18,Organic,USA,9,36.0,0,,,0,,,,0,1,1740618678000000000
4995,2025-01-20 00:13:45,Organic,Germany,3,6.0,0,,,0,,,,0,1,1741392825000000000
4996,2025-01-31 04:20:22,Ads,India,6,18.0,1,2.0,2025-02-02 04:20:22,0,,,,0,0,
4997,2025-01-22 20:09:23,Organic,UK,9,54.0,1,2.0,2025-01-24 20:09:23,0,,,,0,1,1741896563000000000
4998,2025-03-03 09:22:00,Organic,USA,1,4.0,0,,,0,,,,0,1,1745054520000000000
4999,2025-02-02 02:10:05,Organic,USA,5,30.0,1,1.0,2025-02-03 02:10:05,0,,,,0,0,
5000,2025-01-17 18:12:27,Ads,USA,9,18.0,0,,,0,,,,0,1,1741630347000000000
5001,2025-03-09 06:56:15,Referral,Canada,9,27.0,1,3.0,2025-03-12 06:56:15,0,,,,0,0,
5002,2025-03-25 19:47:27,Organic,USA,6,27.0,1,3.0,2025-03-28 19:47:27,0,,,,0,0,
5003,2025-02-18 08:07:06,Organic,Canada,5,22.5,1,3.0,2025-02-21 08:07:06,0,,,,0,0,
5004,2025-02-14 15:19:16,Referral,India,3,13.5,1,1.0,2025-02-15 15:19:16,0,,,,0,0,
5005,2025-03-16 21:57:32,Referral,UK,7,28.0,0,,,0,,,,0,0,
5006,2025-03-18 11:07:50,Ads,India,11,66.0,1,2.0,2025-03-20 11:07:50,0,,,,0,1,1744456070000000000
5007,2025-01-18 08:12:19,Referral,India,5,15.0,1,1.0,2025-01-19 08:12:19,0,,,,0,1,1738829539000000000
5008,2025-03-09 11:47:58,Ads,USA,5,30.0,1,3.0,2025-03-12 11:47:58,1,9.0,2025-03-18 11:47:58,Basic,50,0,
5009,2025-03-29 02:10:58,Ads,USA,11,33.0,1,1.0,2025-03-30 02:10:58,0,,,,0,1,1747102258000000000
5010,2025-01-08 19:51:36,Organic,India,7,14.0,0,,,0,,,,0,0,
5011,2025-01-05 09:17:19,Organic,India,7,42.0,1,2.0,2025-01-07 09:17:19,0,,,,0,1,1738574239000000000
5012,2025-01-07 02:51:54,Organic,USA,2,12.0,1,2.0,2025-01-09 02:51:54,0,,,,0,1,1737514314000000000
5013,2025-03-23 10:20:55,Referral,USA,4,8.0,0,,,0,,,,0,0,
5014,2025-02-03 16:39:50,Referral,India,9,27.0,1,1.0,2025-02-04 16:39:50,0,,,,0,0,
5015,2025-02-23 15:35:52,Ads,India,2,4.0,0,,,0,,,,0,1,1743780952000000000
5016,2025-01-07 09:27:19,Organic,UK,5,20.0,0,,,0,,,,0,0,
5017,2025-02-17 22:42:15,Organic,UK,7,14.0,0,,,0,,,,0,1,1741560135000000000
5018,2025-01-04 03:57:32,Organic,India,4,12.0,0,,,0,,,,0,1,1740542252000000000
5019,2025-03-17 14:31:49,Organic,India,2,4.0,0,,,0,,,,0,1,1745418709000000000
5020,2025-01-10 00:21:23,Ads,India,7,42.0,1,1.0,2025-01-11 00:21:23,0,,,,0,1,1739751683000000000
5021,2025-02-20 14:10:47,Referral,Canada,1,3.0,1,1.0,2025-02-21 14:10:47,0,,,,0,1,1741788647000000000
5022,2025-03-03 17:26:26,Organic,UK,5,15.0,0,,,0,,,,0,1,1746033986000000000
5023,2025-02-27 05:16:12,Organic,India,5,30.0,1,1.0,2025-02-28 05:16:12,0,,,,0,0,
5024,2025-03-25 03:47:52,Ads,Canada,4,8.0,0,,,0,,,,0,1,1745812072000000000
5025,2025-01-26 08:18:41,Organic,India,5,15.0,1,3.0,2025-01-29 08:18:41,0,,,,0,0,
5026,2025-03-27 23:08:17,Referral,India,6,36.0,1,2.0,2025-03-29 23:08:17,1,13.0,2025-04-09 23:08:17,Basic,50,0,
5027,2025-03-24 06:43:39,Organic,Germany,8,48.0,1,3.0,2025-03-27 06:43:39,0,,,,0,0,
5028,2025-02-07 00:22:36,Organic,Canada,4,12.0,1,2.0,2025-02-09 00:22:36,1,13.0,2025-02-20 00:22:36,Basic,50,0,
5029,2025-03-09 03:23:58,Organic,UK,6,18.0,1,2.0,2025-03-11 03:23:58,1,6.0,2025-03-15 03:23:58,Pro,120,0,
5030,2025-02-25 19:28:59,Organic,USA,5,20.0,0,,,0,,,,0,0,
5031,2025-02-27 08:16:22,Ads,India,3,12.0,0,,,0,,,,0,1,1745482582000000000
5032,2025-03-27 12:31:39,Organic,Canada,4,12.0,1,1.0,2025-03-28 12:31:39,0,,,,0,1,1748089899000000000
5033,2025-03-01 20:13:13,Organic,UK,6,24.0,0,,,0,,,,0,1,1744315993000000000
5034,2025-01-09 19:46:11,Organic,India,9,36.0,0,,,0,,,,0,0,
5035,2025-02-07 16:59:05,Organic,USA,8,24.0,1,3.0,2025-02-10 16:59:05,1,9.0,2025-02-16 16:59:05,Basic,50,0,
5036,2025-03-07 12:31:04,Organic,Canada,4,8.0,0,,,0,,,,0,1,1744029064000000000
5037,2025-02-13 14:55:50,Ads,Germany,0,0.0,0,,,0,,,,0,0,
5038,2025-01-02 15:43:00,Ads,UK,4,18.0,1,2.0,2025-01-04 15:43:00,0,,,,0,0,
5039,2025-03-13 14:33:27,Referral,UK,7,42.0,1,1.0,2025-03-14 14:33:27,0,,,,0,0,
5040,2025-02-24 08:37:51,Organic,India,2,12.0,1,3.0,2025-02-27 08:37:51,0,,,,0,1,1744187871000000000
5041,2025-01-29 04:06:43,Organic,USA,4,18.0,1,1.0,2025-01-30 04:06:43,0,,,,0,0,
5042,2025-03-17 05:46:25,Organic,UK,4,18.0,1,1.0,2025-03-18 05:46:25,1,7.0,2025-03-24 05:46:25,Basic,50,0,
5043,2025-01-03 23:29:14,Organic,India,1,4.5,1,3.0,2025-01-06 23:29:14,0,,,,0,1,1739834954000000000
5044,2025-02-07 02:49:03,Ads,Canada,3,13.5,1,1.0,2025-02-08 02:49:03,1,10.0,2025-02-17 02:49:03,Basic,50,1,1740797343000000000
5045,2025-03-10 21:54:35,Referral,Germany,3,18.0,1,2.0,2025-03-12 21:54:35,1,11.0,2025-03-21 21:54:35,Basic,50,1,1743198875000000000
5046,2025-03-18 10:10:29,Ads,India,1,4.5,1,3.0,2025-03-21 10:10:29,0,,,,0,1,1745662229000000000
5047,2025-01-23 04:32:40,Organic,Canada,2,4.0,0,,,0,,,,0,1,1740112360000000000
5048,2025-02-08 08:54:18,Organic,UK,12,72.0,1,2.0,2025-02-10 08:54:18,1,7.0,2025-02-15 08:54:18,Basic,50,0,
5049,2025-02-20 14:19:05,Referral,USA,7,21.0,1,3.0,2025-02-23 14:19:05,0,,,,0,0,
5050,2025-01-26 21:04:43,Organic,Canada,6,18.0,1,3.0,2025-01-29 21:04:43,0,,,,0,1,1742591083000000000
5051,2025-01-30 12:36:22,Organic,India,6,36.0,1,2.0,2025-02-01 12:36:22,1,9.0,2025-02-08 12:36:22,Basic,50,1,1741782982000000000
5052,2025-01-09 20:17:45,Referral,UK,4,16.0,0,,,0,,,,0,1,1739218665000000000
5053,2025-03-18 17:54:00,Ads,India,7,42.0,1,1.0,2025-03-19 17:54:00,0,,,,0,1,1745862840000000000
5054,2025-03-07 14:41:29,Ads,UK,4,18.0,1,2.0,2025-03-09 14:41:29,0,,,,0,0,
5055,2025-03-16 03:12:24,Organic,USA,8,24.0,0,,,0,,,,0,0,
5056,2025-01-04 13:43:37,Organic,India,5,15.0,1,1.0,2025-01-05 13:43:37,1,5.0,2025-01-09 13:43:37,Basic,50,0,
5057,2025-02-04 11:52:26,Organic,India,7,42.0,1,2.0,2025-02-06 11:52:26,0,,,,0,0,
5058,2025-01-09 14:52:28,Ads,India,4,12.0,1,3.0,2025-01-12 14:52:28,1,5.0,2025-01-14 14:52:28,Basic,50,0,
5059,2025-02-12 02:09:22,Organic,India,6,18.0,1,1.0,2025-02-13 02:09:22,0,,,,0,1,1741745362000000000
5060,2025-01-24 18:40:10,Referral,India,4,12.0,0,,,0,,,,0,0,
5061,2025-02-28 21:14:52,Referral,UK,5,30.0,1,3.0,2025-03-03 21:14:52,1,11.0,2025-03-11 21:14:52,Basic,50,0,
5062,2025-01-29 16:15:48,Ads,Canada,1,3.0,0,,,0,,,,0,1,1740672948000000000
5063,2025-03-01 02:37:27,Organic,Germany,4,18.0,1,2.0,2025-03-03 02:37:27,0,,,,0,1,1744857447000000000
5064,2025-01-09 11:57:55,Organic,Canada,8,24.0,0,,,0,,,,0,0,
5065,2025-03-13 22:17:18,Ads,Canada,1,3.0,0,,,0,,,,0,0,
5066,2025-03-30 01:39:42,Ads,India,4,24.0,1,3.0,2025-04-02 01:39:42,0,,,,0,1,1745890782000000000
5067,2025-01-16 00:30:19,Ads,UK,7,31.5,1,2.0,2025-01-18 00:30:19,0,,,,0,1,1738283419000000000
5068,2025-01-12 23:16:26,Organic,UK,8,24.0,1,1.0,2025-01-13 23:16:26,0,,,,0,1,1738538186000000000
5069,2025-01-07 22:15:06,Ads,India,7,31.5,1,3.0,2025-01-10 22:15:06,0,,,,0,1,1737843306000000000
5070,2025-03-04 22:54:56,Ads,UK,8,36.0,1,1.0,2025-03-05 22:54:56,0,,,,0,1,1744239296000000000
5071,2025-03-13 16:37:04,Organic,USA,6,27.0,1,1.0,2025-03-14 16:37:04,0,,,,0,1,1745685424000000000
5072,2025-01-07 10:38:38,Ads,Germany,3,12.0,0,,,0,,,,0,1,1738579118000000000
5073,2025-03-15 02:02:27,Ads,UK,2,6.0,0,,,0,,,,0,1,1745546547000000000
5074,2025-03-11 17:24:53,Organic,Germany,4,12.0,0,,,0,,,,0,1,1745515493000000000
5075,2025-03-13 16:22:47,Organic,India,5,10.0,0,,,0,,,,0,1,1744129367000000000
5076,2025-01-19 11:34:13,Ads,India,1,3.0,0,,,0,,,,0,1,1738841653000000000
5077,2025-03-03 13:18:51,Organic,Germany,4,12.0,0,,,0,,,,0,1,1743167931000000000
5078,2025-03-26 16:30:48,Ads,India,3,18.0,1,3.0,2025-03-29 16:30:48,0,,,,0,1,1747758648000000000
5079,2025-03-15 00:54:06,Ads,India,5,22.5,1,2.0,2025-03-17 00:54:06,0,,,,0,1,1744678446000000000
5080,2025-01-05 01:53:34,Referral,USA,6,18.0,0,,,0,,,,0,0,
5081,2025-02-04 07:19:04,Ads,Canada,1,4.5,1,1.0,2025-02-05 07:19:04,0,,,,0,1,1741159144000000000
5082,2025-01-28 04:08:13,Organic,India,4,12.0,1,3.0,2025-01-31 04:08:13,0,,,,0,0,
5083,2025-03-24 08:06:09,Organic,India,4,18.0,1,3.0,2025-03-27 08:06:09,0,,,,0,1,1744617969000000000
5084,2025-02-01 23:39:05,Referral,USA,5,20.0,0,,,0,,,,0,0,
5085,2025-02-10 16:42:24,Organic,USA,9,54.0,1,2.0,2025-02-12 16:42:24,1,10.0,2025-02-20 16:42:24,Basic,50,0,
5086,2025-02-15 16:46:41,Ads,India,2,4.0,0,,,0,,,,0,0,
5087,2025-01-02 10:42:12,Ads,Canada,4,18.0,1,1.0,2025-01-03 10:42:12,1,14.0,2025-01-16 10:42:12,Basic,50,0,
5088,2025-03-02 13:57:39,Organic,UK,7,21.0,1,1.0,2025-03-03 13:57:39,0,,,,0,1,1745762259000000000
5089,2025-01-04 02:28:03,Organic,Canada,6,27.0,1,2.0,2025-01-06 02:28:03,1,6.0,2025-01-10 02:28:03,Basic,50,0,
5090,2025-03-28 06:17:12,Ads,India,3,18.0,1,2.0,2025-03-30 06:17:12,0,,,,0,1,1744525032000000000
5091,2025-01-21 06:31:38,Referral,UK,5,22.5,1,3.0,2025-01-24 06:31:38,1,9.0,2025-01-30 06:31:38,Basic,50,0,
5092,2025-03-21 07:00:07,Organic,Germany,10,20.0,0,,,0,,,,0,1,1747638007000000000
5093,2025-03-14 16:39:17,Referral,USA,2,4.0,0,,,1,10.0,2025-03-24 16:39:17,Basic,50,0,
5094,2025-03-20 12:37:52,Ads,India,3,18.0,1,3.0,2025-03-23 12:37:52,0,,,,0,1,1745239072000000000
5095,2025-02-14 21:10:09,Referral,Germany,7,14.0,0,,,0,,,,0,1,1740949809000000000
5096,2025-02-26 10:38:29,Organic,USA,8,32.0,0,,,0,,,,0,0,
5097,2025-01-19 00:53:46,Organic,Canada,4,16.0,0,,,0,,,,0,0,
5098,2025-03-07 18:01:05,Referral,India,8,24.0,1,1.0,2025-03-08 18:01:05,0,,,,0,0,
5099,2025-03-24 11:10:06,Referral,UK,2,12.0,1,2.0,2025-03-26 11:10:06,0,,,,0,0,
5100,2025-02-07 09:20:31,Organic,Germany,4,12.0,1,2.0,2025-02-09 09:20:31,1,7.0,2025-02-14 09:20:31,Basic,50,0,
5101,2025-01-31 00:05:16,Ads,USA,3,13.5,1,2.0,2025-02-02 00:05:16,1,14.0,2025-02-14 00:05:16,Basic,50,0,
5102,2025-03-10 05:42:05,Referral,India,3,18.0,1,3.0,2025-03-13 05:42:05,1,13.0,2025-03-23 05:42:05,Pro,120,0,
5103,2025-01-04 08:20:20,Organic,India,5,22.5,1,3.0,2025-01-07 08:20:20,0,,,,0,1,1739262020000000000
5104,2025-03-29 21:15:49,Ads,India,3,13.5,1,2.0,2025-03-31 21:15:49,0,,,,0,0,
5105,2025-03-04 22:45:57,Referral,India,4,16.0,0,,,0,,,,0,1,1743201957000000000
5106,2025-02-16 00:39:25,Organic,UK,9,18.0,0,,,0,,,,0,1,1741394365000000000
5107,2025-01-17 03:34:45,Organic,India,6,18.0,1,3.0,2025-01-20 03:34:45,0,,,,0,0,
5108,2025-02-24 02:53:49,Ads,India,4,18.0,1,3.0,2025-02-27 02:53:49,0,,,,0,1,1741661629000000000
5109,2025-02-03 19:51:45,Organic,India,4,8.0,0,,,0,,,,0,1,1743105105000000000
5110,2025-03-24 06:48:41,Organic,USA,6,24.0,0,,,0,,,,0,1,1747464521000000000
5111,2025-01-31 20:12:29,Referral,USA,5,22.5,1,2.0,2025-02-02 20:12:29,1,13.0,2025-02-13 20:12:29,Basic,50,0,
5112,2025-02-28 10:16:44,Ads,UK,2,6.0,1,2.0,2025-03-02 10:16:44,0,,,,0,1,1742206604000000000
5113,2025-03-19 21:08:46,Referral,Canada,4,12.0,1,2.0,2025-03-21 21:08:46,0,,,,0,0,
5114,2025-02-16 06:57:33,Referral,India,1,4.5,1,1.0,2025-02-17 06:57:33,0,,,,0,1,1744181853000000000
5115,2025-01-17 06:49:38,Organic,USA,6,18.0,1,2.0,2025-01-19 06:49:38,0,,,,0,1,1741416578000000000
5116,2025-03-25 21:00:13,Organic,India,4,12.0,1,2.0,2025-03-27 21:00:13,0,,,,0,1,1744664413000000000
5117,2025-02-03 19:39:49,Organic,India,7,31.5,1,2.0,2025-02-05 19:39:49,0,,,,0,0,
5118,2025-01-12 09:22:36,Organic,USA,2,9.0,1,3.0,2025-01-15 09:22:36,0,,,,0,1,1741512156000000000
5119,2025-02-12 23:32:23,Ads,Canada,4,24.0,1,3.0,2025-02-15 23:32:23,0,,,,0,1,1741908743000000000
5120,2025-01-10 23:54:19,Ads,India,2,6.0,0,,,0,,,,0,0,
5121,2025-03-01 04:05:00,Organic,India,4,12.0,0,,,0,,,,0,1,1743048300000000000
5122,2025-02-27 05:04:42,Organic,UK,4,12.0,0,,,0,,,,0,0,
5123,2025-01-26 21:23:55,Organic,UK,2,8.0,0,,,0,,,,0,1,1741469035000000000
5124,2025-01-14 22:25:20,Ads,USA,5,22.5,1,1.0,2025-01-15 22:25:20,0,,,,0,0,
5125,2025-02-05 23:29:51,Organic,UK,6,27.0,1,2.0,2025-02-07 23:29:51,1,14.0,2025-02-19 23:29:51,Basic,50,0,
5126,2025-02-11 19:02:34,Organic,Germany,5,15.0,0,,,0,,,,0,1,1741719754000000000
5127,2025-01-09 15:44:12,Ads,India,3,9.0,0,,,0,,,,0,0,
5128,2025-01-14 09:16:58,Organic,India,3,12.0,0,,,0,,,,0,1,1741943818000000000
5129,2025-03-03 07:23:10,Organic,India,3,6.0,0,,,0,,,,0,1,1745997790000000000
5130,2025-03-28 15:11:23,Ads,UK,3,12.0,0,,,0,,,,0,1,1746112283000000000
5131,2025-02-15 06:25:47,Organic,India,6,12.0,0,,,0,,,,0,1,1741933547000000000
5132,2025-03-23 15:41:57,Ads,Germany,11,33.0,1,1.0,2025-03-24 15:41:57,0,,,,0,1,1747150917000000000
5133,2025-03-15 03:29:44,Organic,UK,9,36.0,0,,,0,,,,0,1,1746415784000000000
5134,2025-03-22 04:37:35,Organic,India,1,3.0,1,1.0,2025-03-23 04:37:35,0,,,,0,1,1746851855000000000
5135,2025-03-30 03:17:23,Organic,India,4,12.0,0,,,1,5.0,2025-04-04 03:17:23,Basic,50,0,
5136,2025-01-13 19:43:30,Referral,USA,6,27.0,1,2.0,2025-01-15 19:43:30,0,,,,0,1,1738957410000000000
5137,2025-01-10 09:38:03,Ads,India,5,20.0,0,,,0,,,,0,0,
5138,2025-02-03 17:41:03,Referral,Germany,4,12.0,1,1.0,2025-02-04 17:41:03,0,,,,0,0,
5139,2025-01-22 01:56:07,Ads,USA,3,13.5,1,3.0,2025-01-25 01:56:07,0,,,,0,0,
5140,2025-02-09 00:54:23,Ads,India,4,24.0,1,3.0,2025-02-12 00:54:23,1,13.0,2025-02-22 00:54:23,Basic,50,1,1743814463000000000
5141,2025-02-03 13:17:13,Organic,USA,4,16.0,0,,,0,,,,0,1,1742390233000000000
5142,2025-02-22 11:04:29,Organic,India,4,12.0,1,2.0,2025-02-24 11:04:29,1,14.0,2025-03-08 11:04:29,Pro,120,0,
5143,2025-02-28 16:16:56,Organic,USA,6,18.0,1,3.0,2025-03-03 16:16:56,0,,,,0,1,1743956216000000000
5144,2025-01-19 06:25:15,Organic,India,4,16.0,0,,,1,9.0,2025-01-28 06:25:15,Basic,50,0,
5145,2025-03-27 23:06:50,Organic,USA,3,6.0,0,,,0,,,,0,1,1746227210000000000
5146,2025-03-14 00:44:08,Organic,USA,3,9.0,0,,,0,,,,0,1,1744937048000000000
5147,2025-03-12 12:31:13,Organic,USA,3,18.0,1,1.0,2025-03-13 12:31:13,0,,,,0,1,1743510673000000000
5148,2025-03-29 16:36:34,Organic,UK,7,42.0,1,2.0,2025-03-31 16:36:34,1,14.0,2025-04-12 16:36:34,Basic,50,0,
5149,2025-01-16 14:53:10,Organic,India,7,28.0,0,,,0,,,,0,1,1740149590000000000
5150,2025-02-10 13:27:18,Ads,USA,6,24.0,0,,,0,,,,0,1,1741958838000000000
5151,2025-02-23 00:16:37,Referral,USA,6,27.0,1,3.0,2025-02-26 00:16:37,0,,,,0,1,1744848997000000000
5152,2025-03-04 02:44:05,Organic,USA,1,2.0,0,,,0,,,,0,0,
5153,2025-03-07 03:51:45,Organic,Germany,4,12.0,1,1.0,2025-03-08 03:51:45,0,,,,0,1,1745121105000000000
5154,2025-02-05 05:58:49,Organic,India,6,18.0,1,1.0,2025-02-06 05:58:49,1,5.0,2025-02-10 05:58:49,Basic,50,0,
5155,2025-01-26 18:12:21,Referral,UK,5,10.0,0,,,0,,,,0,0,
5156,2025-02-02 12:52:19,Organic,USA,5,15.0,1,1.0,2025-02-03 12:52:19,0,,,,0,0,
5157,2025-03-04 23:08:27,Ads,USA,4,24.0,1,1.0,2025-03-05 23:08:27,0,,,,0,1,1743376107000000000
5158,2025-03-20 12:24:18,Organic,UK,3,9.0,1,3.0,2025-03-23 12:24:18,0,,,,0,0,
5159,2025-03-24 05:07:40,Organic,India,2,12.0,1,1.0,2025-03-25 05:07:40,1,11.0,2025-04-04 05:07:40,Basic,50,1,1745557660000000000
5160,2025-03-23 23:05:30,Organic,UK,2,4.0,0,,,0,,,,0,0,
5161,2025-03-17 19:54:36,Organic,India,9,40.5,1,3.0,2025-03-20 19:54:36,0,,,,0,1,1744660476000000000
5162,2025-01-18 00:16:33,Referral,USA,8,36.0,1,1.0,2025-01-19 00:16:33,0,,,,0,0,
5163,2025-02-21 23:21:52,Organic,UK,6,27.0,1,2.0,2025-02-23 23:21:52,0,,,,0,1,1741735312000000000
5164,2025-02-27 05:28:10,Ads,India,5,15.0,1,2.0,2025-03-01 05:28:10,1,8.0,2025-03-07 05:28:10,Basic,50,1,1745040490000000000
5165,2025-02-03 12:55:06,Ads,UK,4,12.0,1,3.0,2025-02-06 12:55:06,1,14.0,2025-02-17 12:55:06,Pro,120,1,1740401706000000000
5166,2025-03-27 17:54:23,Ads,India,5,15.0,1,3.0,2025-03-30 17:54:23,0,,,,0,1,1747158863000000000
5167,2025-02-07 01:17:53,Organic,UK,6,18.0,1,3.0,2025-02-10 01:17:53,0,,,,0,0,
5168,2025-01-13 17:10:57,Organic,USA,4,12.0,1,2.0,2025-01-15 17:10:57,0,,,,0,0,
5169,2025-03-14 02:54:46,Organic,UK,6,18.0,0,,,0,,,,0,0,
5170,2025-01-11 17:16:55,Organic,Germany,8,16.0,0,,,0,,,,0,0,
5171,2025-03-17 07:41:00,Ads,USA,3,18.0,1,1.0,2025-03-18 07:41:00,0,,,,0,0,
5172,2025-02-05 02:37:29,Organic,India,6,18.0,1,2.0,2025-02-07 02:37:29,0,,,,0,1,1741142249000000000
5173,2025-01-17 18:46:31,Ads,Canada,3,9.0,0,,,0,,,,0,0,
5174,2025-03-21 18:26:37,Organic,India,8,36.0,1,3.0,2025-03-24 18:26:37,0,,,,0,0,
5175,2025-03-18 06:29:51,Referral,USA,6,12.0,0,,,1,10.0,2025-03-28 06:29:51,Basic,50,0,
5176,2025-03-11 21:38:43,Organic,Germany,5,15.0,1,3.0,2025-03-14 21:38:43,0,,,,0,1,1744321123000000000
5177,2025-03-03 23:12:46,Organic,UK,5,15.0,1,3.0,2025-03-06 23:12:46,1,5.0,2025-03-08 23:12:46,Basic,50,1,1742685166000000000
5178,2025-03-20 02:22:21,Referral,India,3,13.5,1,1.0,2025-03-21 02:22:21,0,,,,0,0,
5179,2025-03-01 19:42:34,Organic,India,11,49.5,1,3.0,2025-03-04 19:42:34,0,,,,0,0,
5180,2025-01-30 01:45:10,Referral,India,5,10.0,0,,,0,,,,0,1,1742867110000000000
5181,2025-01-05 21:55:28,Organic,India,3,13.5,1,2.0,2025-01-07 21:55:28,0,,,,0,0,
5182,2025-01-30 08:20:10,Organic,India,7,31.5,1,1.0,2025-01-31 08:20:10,0,,,,0,0,
5183,2025-02-28 19:51:47,Ads,UK,13,39.0,1,3.0,2025-03-03 19:51:47,0,,,,0,1,1745005907000000000
5184,2025-02-01 10:13:43,Referral,India,6,18.0,1,1.0,2025-02-02 10:13:43,1,9.0,2025-02-10 10:13:43,Basic,50,1,1742379223000000000
5185,2025-01-08 02:03:01,Organic,Germany,7,31.5,1,3.0,2025-01-11 02:03:01,1,7.0,2025-01-15 02:03:01,Pro,120,1,1738720981000000000
5186,2025-03-26 01:52:28,Referral,Canada,6,12.0,0,,,1,10.0,2025-04-05 01:52:28,Basic,50,0,
5187,2025-02-12 04:38:45,Ads,Germany,4,12.0,1,1.0,2025-02-13 04:38:45,1,8.0,2025-02-20 04:38:45,Basic,50,0,
5188,2025-03-16 15:43:39,Referral,India,4,18.0,1,2.0,2025-03-18 15:43:39,0,,,,0,1,1746114219000000000
5189,2025-01-20 02:33:44,Organic,USA,5,30.0,1,1.0,2025-01-21 02:33:44,0,,,,0,1,1738636424000000000
5190,2025-03-12 18:15:00,Organic,India,3,12.0,0,,,0,,,,0,1,1746555300000000000
5191,2025-03-02 22:38:01,Referral,India,5,30.0,1,2.0,2025-03-04 22:38:01,0,,,,0,1,1742337481000000000
5192,2025-03-02 12:48:35,Referral,USA,5,22.5,1,3.0,2025-03-05 12:48:35,1,11.0,2025-03-13 12:48:35,Basic,50,0,
5193,2025-03-19 13:51:32,Organic,Canada,9,54.0,1,2.0,2025-03-21 13:51:32,1,14.0,2025-04-02 13:51:32,Basic,50,0,
5194,2025-01-02 14:40:27,Organic,India,2,12.0,1,2.0,2025-01-04 14:40:27,0,,,,0,0,
5195,2025-01-21 12:30:55,Organic,India,5,22.5,1,1.0,2025-01-22 12:30:55,0,,,,0,0,
5196,2025-03-02 02:27:39,Ads,India,3,9.0,1,1.0,2025-03-03 02:27:39,0,,,,0,1,1744511259000000000
5197,2025-01-09 00:15:37,Organic,UK,7,21.0,0,,,0,,,,0,1,1739837737000000000
5198,2025-01-04 06:17:34,Organic,Germany,11,22.0,0,,,0,,,,0,1,1737785854000000000
5199,2025-03-19 02:38:34,Organic,India,5,15.0,1,1.0,2025-03-20 02:38:34,0,,,,0,1,1745289514000000000
5200,2025-02-26 09:56:36,Ads,India,3,9.0,1,1.0,2025-02-27 09:56:36,0,,,,0,1,1744970196000000000
5201,2025-03-10 05:44:55,Organic,Germany,3,18.0,1,1.0,2025-03-11 05:44:55,0,,,,0,0,
5202,2025-03-13 12:23:05,Organic,India,3,13.5,1,1.0,2025-03-14 12:23:05,1,12.0,2025-03-25 12:23:05,Basic,50,0,
5203,2025-03-09 11:33:15,Ads,UK,2,6.0,1,3.0,2025-03-12 11:33:15,0,,,,0,1,1746617595000000000
5204,2025-01-08 15:25:27,Ads,India,8,36.0,1,3.0,2025-01-11 15:25:27,1,13.0,2025-01-21 15:25:27,Basic,50,0,
5205,2025-01-20 04:19:13,Organic,USA,3,13.5,1,1.0,2025-01-21 04:19:13,0,,,,0,0,
5206,2025-02-20 07:03:18,Organic,USA,1,4.5,1,2.0,2025-02-22 07:03:18,0,,,,0,0,
5207,2025-01-18 04:34:15,Ads,UK,2,6.0,1,3.0,2025-01-21 04:34:15,0,,,,0,1,1738557255000000000
5208,2025-03-23 06:24:47,Referral,India,5,30.0,1,1.0,2025-03-24 06:24:47,0,,,,0,1,1745562287000000000
5209,2025-03-23 23:40:10,Ads,India,4,12.0,1,2.0,2025-03-25 23:40:10,1,8.0,2025-03-31 23:40:10,Basic,50,1,1746661210000000000
5210,2025-02-18 02:26:44,Referral,India,5,15.0,0,,,0,,,,0,0,
5211,2025-03-24 20:35:38,Ads,USA,4,16.0,0,,,0,,,,0,0,
5212,2025-01-21 21:51:24,Ads,Canada,2,12.0,1,2.0,2025-01-23 21:51:24,1,13.0,2025-02-03 21:51:24,Basic,50,1,1740779484000000000
5213,2025-01-21 22:44:18,Organic,Canada,8,48.0,1,2.0,2025-01-23 22:44:18,0,,,,0,0,
5214,2025-01-06 13:04:43,Organic,India,8,36.0,1,1.0,2025-01-07 13:04:43,1,14.0,2025-01-20 13:04:43,Basic,50,1,1739538283000000000
5215,2025-01-17 03:18:36,Organic,Canada,6,12.0,0,,,0,,,,0,0,
5216,2025-01-23 00:15:40,Organic,India,2,9.0,1,1.0,2025-01-24 00:15:40,0,,,,0,1,1741565740000000000
5217,2025-03-07 08:59:53,Ads,USA,8,36.0,1,1.0,2025-03-08 08:59:53,0,,,,0,1,1743411593000000000
5218,2025-02-19 08:03:47,Organic,UK,5,15.0,1,1.0,2025-02-20 08:03:47,0,,,,0,0,
5219,2025-03-30 06:19:52,Ads,India,4,18.0,1,1.0,2025-03-31 06:19:52,0,,,,0,1,1746080392000000000
5220,2025-03-14 17:45:25,Organic,India,4,18.0,1,2.0,2025-03-16 17:45:25,0,,,,0,0,
5221,2025-03-09 05:17:43,Organic,India,4,18.0,1,1.0,2025-03-10 05:17:43,0,,,,0,1,1745212663000000000
5222,2025-03-19 15:51:54,Referral,UK,3,6.0,0,,,0,,,,0,1,1745337114000000000
5223,2025-03-27 14:24:33,Organic,USA,3,6.0,0,,,0,,,,0,1,1745245473000000000
5224,2025-02-23 01:35:46,Organic,USA,4,16.0,0,,,0,,,,0,0,
5225,2025-01-27 13:45:36,Organic,Canada,7,21.0,1,2.0,2025-01-29 13:45:36,0,,,,0,0,
5226,2025-02-19 18:50:00,Referral,UK,4,12.0,1,1.0,2025-02-20 18:50:00,0,,,,0,1,1742669400000000000
5227,2025-03-03 18:07:24,Organic,UK,7,42.0,1,2.0,2025-03-05 18:07:24,0,,,,0,1,1745431644000000000
5228,2025-02-23 17:11:34,Ads,USA,5,20.0,0,,,0,,,,0,0,
5229,2025-02-01 07:59:44,Organic,India,7,31.5,1,1.0,2025-02-02 07:59:44,0,,,,0,1,1743148784000000000
5230,2025-02-03 16:54:26,Ads,India,5,30.0,1,1.0,2025-02-04 16:54:26,0,,,,0,1,1741971266000000000
5231,2025-02-13 15:26:11,Organic,UK,6,12.0,0,,,1,10.0,2025-02-23 15:26:11,Basic,50,1,1741101971000000000
5232,2025-01-18 19:58:44,Ads,UK,6,36.0,1,1.0,2025-01-19 19:58:44,0,,,,0,1,1742068724000000000
5233,2025-03-10 00:01:33,Referral,Germany,4,8.0,0,,,0,,,,0,0,
5234,2025-01-23 18:02:10,Ads,India,2,9.0,1,2.0,2025-01-25 18:02:10,0,,,,0,0,
5235,2025-02-22 19:22:10,Ads,India,3,13.5,1,3.0,2025-02-25 19:22:10,0,,,,0,1,1742930530000000000
5236,2025-03-26 23:55:28,Ads,India,11,66.0,1,2.0,2025-03-28 23:55:28,0,,,,0,1,1746662128000000000
5237,2025-02-20 00:10:14,Ads,India,10,45.0,1,3.0,2025-02-23 00:10:14,1,5.0,2025-02-25 00:10:14,Basic,50,1,1742861414000000000
5238,2025-02-17 06:14:50,Organic,USA,6,24.0,0,,,0,,,,0,0,
5239,2025-01-08 19:41:13,Ads,Germany,6,36.0,1,2.0,2025-01-10 19:41:13,1,6.0,2025-01-14 19:41:13,Basic,50,0,
5240,2025-03-24 03:23:57,Organic,USA,4,18.0,1,1.0,2025-03-25 03:23:57,0,,,,0,1,1745205837000000000
5241,2025-02-17 00:23:44,Organic,USA,5,22.5,1,2.0,2025-02-19 00:23:44,1,7.0,2025-02-24 00:23:44,Basic,50,1,1743985424000000000
5242,2025-01-22 20:35:29,Organic,UK,10,30.0,1,3.0,2025-01-25 20:35:29,0,,,,0,0,
5243,2025-01-13 15:58:36,Organic,India,8,48.0,1,2.0,2025-01-15 15:58:36,1,7.0,2025-01-20 15:58:36,Basic,50,0,
5244,2025-02-19 18:41:55,Organic,Canada,4,18.0,1,2.0,2025-02-21 18:41:55,0,,,,0,1,1742064115000000000
5245,2025-03-19 10:13:48,Ads,USA,5,15.0,0,,,0,,,,0,1,1747217628000000000
5246,2025-03-20 05:53:23,Organic,India,6,27.0,1,1.0,2025-03-21 05:53:23,0,,,,0,0,
5247,2025-03-20 07:48:04,Organic,USA,4,12.0,1,3.0,2025-03-23 07:48:04,0,,,,0,1,1745999284000000000
5248,2025-02-27 11:51:54,Ads,USA,7,21.0,1,3.0,2025-03-02 11:51:54,1,11.0,2025-03-10 11:51:54,Basic,50,0,
5249,2025-03-18 14:57:21,Organic,India,6,27.0,1,1.0,2025-03-19 14:57:21,0,,,,0,0,
5250,2025-01-19 22:37:55,Ads,India,5,22.5,1,3.0,2025-01-22 22:37:55,0,,,,0,1,1740091075000000000
5251,2025-03-19 23:20:32,Ads,India,2,6.0,0,,,0,,,,0,1,1745796032000000000
5252,2025-01-09 04:17:53,Referral,India,7,31.5,1,3.0,2025-01-12 04:17:53,0,,,,0,0,
5253,2025-01-10 06:44:09,Ads,India,6,24.0,0,,,0,,,,0,0,
5254,2025-01-21 00:11:05,Organic,USA,8,24.0,1,3.0,2025-01-24 00:11:05,0,,,,0,1,1740269465000000000
5255,2025-01-14 10:31:08,Organic,USA,2,6.0,1,3.0,2025-01-17 10:31:08,0,,,,0,1,1741170668000000000
5256,2025-03-27 07:15:31,Organic,UK,6,12.0,0,,,0,,,,0,1,1745133331000000000
5257,2025-01-12 23:44:51,Referral,Germany,7,28.0,0,,,0,,,,0,1,1738626291000000000
5258,2025-01-09 17:18:14,Organic,UK,7,14.0,0,,,0,,,,0,1,1740590294000000000
5259,2025-01-05 21:32:57,Organic,USA,3,6.0,0,,,0,,,,0,1,1737840777000000000
5260,2025-01-08 10:32:42,Organic,Canada,6,36.0,1,3.0,2025-01-11 10:32:42,0,,,,0,0,
5261,2025-03-30 02:17:12,Referral,USA,5,15.0,1,2.0,2025-04-01 02:17:12,0,,,,0,1,1747275432000000000
5262,2025-01-09 21:17:56,Organic,India,2,9.0,1,1.0,2025-01-10 21:17:56,1,11.0,2025-01-20 21:17:56,Basic,50,1,1739567876000000000
5263,2025-02-12 21:04:57,Referral,India,4,18.0,1,3.0,2025-02-15 21:04:57,0,,,,0,1,1743368697000000000
5264,2025-03-03 17:43:28,Organic,UK,2,9.0,1,1.0,2025-03-04 17:43:28,1,7.0,2025-03-10 17:43:28,Basic,50,1,1743788608000000000
5265,2025-03-11 06:41:20,Organic,UK,2,8.0,0,,,0,,,,0,1,1743576080000000000
5266,2025-03-26 04:29:09,Organic,Germany,2,8.0,0,,,0,,,,0,0,
5267,2025-03-18 08:29:21,Referral,USA,6,18.0,1,1.0,2025-03-19 08:29:21,0,,,,0,1,1744705761000000000
5268,2025-03-03 01:57:00,Referral,Canada,3,9.0,1,1.0,2025-03-04 01:57:00,0,,,,0,1,1743991020000000000
5269,2025-01-14 23:03:04,Organic,India,3,13.5,1,1.0,2025-01-15 23:03:04,0,,,,0,0,
5270,2025-03-03 15:53:00,Organic,USA,3,18.0,1,2.0,2025-03-05 15:53:00,0,,,,0,1,1743349980000000000
5271,2025-03-26 04:00:03,Ads,Germany,12,24.0,0,,,1,9.0,2025-04-04 04:00:03,Pro,120,0,
5272,2025-03-18 18:15:32,Organic,India,6,27.0,1,3.0,2025-03-21 18:15:32,0,,,,0,1,1744308932000000000
5273,2025-01-21 09:01:51,Organic,India,5,10.0,0,,,0,,,,0,1,1741770111000000000
5274,2025-02-23 01:21:14,Organic,India,5,22.5,1,2.0,2025-02-25 01:21:14,0,,,,0,0,
5275,2025-02-10 23:50:15,Organic,UK,9,40.5,1,1.0,2025-02-11 23:50:15,0,,,,0,1,1741996215000000000
5276,2025-01-01 12:46:42,Organic,India,5,10.0,0,,,1,8.0,2025-01-09 12:46:42,Pro,120,0,
5277,2025-03-27 12:44:04,Organic,USA,7,31.5,1,3.0,2025-03-30 12:44:04,0,,,,0,1,1746881044000000000
5278,2025-02-23 08:35:46,Organic,India,3,9.0,1,2.0,2025-02-25 08:35:46,0,,,,0,0,
5279,2025-01-09 06:42:19,Referral,USA,5,15.0,1,3.0,2025-01-12 06:42:19,1,9.0,2025-01-18 06:42:19,Basic,50,0,
5280,2025-02-17 21:48:09,Organic,Germany,7,21.0,1,1.0,2025-02-18 21:48:09,0,,,,0,1,1742334489000000000
5281,2025-03-29 22:32:18,Ads,India,5,22.5,1,1.0,2025-03-30 22:32:18,0,,,,0,1,1746311538000000000
5282,2025-03-03 22:37:06,Organic,India,5,30.0,1,3.0,2025-03-06 22:37:06,1,5.0,2025-03-08 22:37:06,Basic,50,0,
5283,2025-03-03 10:52:28,Ads,USA,4,16.0,0,,,0,,,,0,1,1743677548000000000
5284,2025-03-15 23:07:39,Organic,USA,6,12.0,0,,,0,,,,0,0,
5285,2025-01-21 15:33:26,Ads,India,5,22.5,1,1.0,2025-01-22 15:33:26,0,,,,0,0,
5286,2025-03-17 08:51:58,Organic,USA,4,16.0,0,,,0,,,,0,1,1744534318000000000
5287,2025-03-12 06:45:10,Referral,Germany,6,36.0,1,1.0,2025-03-13 06:45:10,0,,,,0,0,
5288,2025-02-26 20:51:18,Organic,India,9,54.0,1,3.0,2025-03-01 20:51:18,0,,,,0,1,1745355078000000000
5289,2025-01-08 06:41:29,Organic,India,5,22.5,1,3.0,2025-01-11 06:41:29,1,13.0,2025-01-21 06:41:29,Pro,120,0,
5290,2025-01-28 09:31:48,Referral,USA,6,18.0,1,3.0,2025-01-31 09:31:48,1,13.0,2025-02-10 09:31:48,Pro,120,0,
5291,2025-03-15 12:48:20,Ads,USA,7,31.5,1,1.0,2025-03-16 12:48:20,0,,,,0,0,
5292,2025-03-11 01:52:13,Organic,India,5,22.5,1,3.0,2025-03-14 01:52:13,0,,,,0,1,1743126733000000000
5293,2025-02-23 02:54:59,Referral,USA,5,22.5,1,2.0,2025-02-25 02:54:59,1,10.0,2025-03-05 02:54:59,Basic,50,0,
5294,2025-02-14 12:01:26,Organic,Germany,7,31.5,1,3.0,2025-02-17 12:01:26,0,,,,0,0,
5295,2025-03-27 19:37:13,Organic,India,2,9.0,1,1.0,2025-03-28 19:37:13,0,,,,0,1,1744745833000000000
5296,2025-01-11 17:09:39,Referral,USA,14,63.0,1,2.0,2025-01-13 17:09:39,0,,,,0,1,1739466579000000000
5297,2025-03-13 21:15:58,Organic,India,3,18.0,1,1.0,2025-03-14 21:15:58,0,,,,0,0,
5298,2025-03-18 09:44:17,Referral,USA,3,13.5,1,2.0,2025-03-20 09:44:17,0,,,,0,1,1745315057000000000
5299,2025-03-19 07:19:15,Organic,USA,7,21.0,1,3.0,2025-03-22 07:19:15,0,,,,0,1,1747207155000000000
5300,2025-03-08 09:46:20,Ads,USA,5,15.0,1,3.0,2025-03-11 09:46:20,0,,,,0,1,1745747180000000000
5301,2025-03-05 22:55:24,Ads,USA,3,18.0,1,2.0,2025-03-07 22:55:24,0,,,,0,1,1744844124000000000
5302,2025-03-11 17:38:15,Referral,India,6,18.0,1,2.0,2025-03-13 17:38:15,1,11.0,2025-03-22 17:38:15,Basic,50,0,
5303,2025-01-30 06:43:52,Ads,UK,10,45.0,1,3.0,2025-02-02 06:43:52,0,,,,0,1,1741416232000000000
5304,2025-02-08 09:59:11,Organic,USA,3,9.0,1,1.0,2025-02-09 09:59:11,0,,,,0,0,
5305,2025-03-15 21:33:06,Ads,India,5,20.0,0,,,0,,,,0,1,1744839186000000000
5306,2025-01-03 14:36:31,Organic,Germany,4,24.0,1,1.0,2025-01-04 14:36:31,0,,,,0,0,
5307,2025-03-17 06:57:42,Ads,India,4,12.0,1,3.0,2025-03-20 06:57:42,1,11.0,2025-03-28 06:57:42,Basic,50,0,
5308,2025-03-19 12:42:21,Referral,UK,5,15.0,0,,,0,,,,0,0,
5309,2025-01-03 05:09:47,Organic,India,1,2.0,0,,,0,,,,0,1,1737263387000000000
5310,2025-03-05 11:20:13,Ads,USA,6,36.0,1,3.0,2025-03-08 11:20:13,0,,,,0,1,1744629613000000000
5311,2025-02-12 01:03:52,Organic,India,2,9.0,1,3.0,2025-02-15 01:03:52,0,,,,0,1,1742000632000000000
5312,2025-02-23 08:07:54,Organic,India,4,24.0,1,1.0,2025-02-24 08:07:54,0,,,,0,0,
5313,2025-02-02 05:21:07,Organic,India,13,58.5,1,2.0,2025-02-04 05:21:07,0,,,,0,1,1743571267000000000
5314,2025-01-16 21:41:13,Ads,UK,9,36.0,0,,,0,,,,0,1,1738532473000000000
5315,2025-03-08 04:24:46,Organic,UK,4,12.0,1,3.0,2025-03-11 04:24:46,1,9.0,2025-03-17 04:24:46,Pro,120,0,
5316,2025-01-30 08:16:34,Ads,UK,1,3.0,0,,,0,,,,0,1,1741335394000000000
5317,2025-02-22 17:53:40,Organic,Canada,6,24.0,0,,,0,,,,0,1,1741715620000000000
5318,2025-02-20 14:32:32,Ads,Germany,8,48.0,1,2.0,2025-02-22 14:32:32,1,14.0,2025-03-06 14:32:32,Basic,50,0,
5319,2025-03-02 02:19:46,Organic,USA,7,28.0,0,,,0,,,,0,1,1742177986000000000
5320,2025-03-06 18:35:26,Referral,UK,5,15.0,1,3.0,2025-03-09 18:35:26,1,6.0,2025-03-12 18:35:26,Basic,50,0,
5321,2025-01-17 11:44:23,Organic,India,7,21.0,1,2.0,2025-01-19 11:44:23,1,5.0,2025-01-22 11:44:23,Basic,50,0,
5322,2025-01-29 13:52:26,Ads,Canada,6,36.0,1,3.0,2025-02-01 13:52:26,0,,,,0,1,1740837146000000000
5323,2025-02-08 02:11:10,Organic,Canada,6,36.0,1,2.0,2025-02-10 02:11:10,0,,,,0,0,
5324,2025-01-08 22:37:48,Ads,India,6,18.0,1,1.0,2025-01-09 22:37:48,0,,,,0,1,1740091068000000000
5325,2025-01-10 06:45:55,Organic,USA,6,18.0,1,1.0,2025-01-11 06:45:55,0,,,,0,1,1740984355000000000
5326,2025-01-13 20:36:49,Ads,Germany,4,18.0,1,1.0,2025-01-14 20:36:49,0,,,,0,1,1738874209000000000
5327,2025-01-24 07:12:28,Organic,India,7,42.0,1,3.0,2025-01-27 07:12:28,0,,,,0,0,
5328,2025-03-21 02:48:55,Ads,India,8,24.0,1,3.0,2025-03-24 02:48:55,0,,,,0,1,1747104535000000000
5329,2025-02-21 16:53:43,Organic,India,4,24.0,1,1.0,2025-02-22 16:53:43,0,,,,0,1,1744995223000000000
5330,2025-01-18 14:06:33,Organic,India,3,9.0,0,,,0,,,,0,1,1741529193000000000
5331,2025-01-29 06:58:11,Organic,India,1,3.0,0,,,0,,,,0,1,1741157891000000000
5332,2025-03-01 20:57:38,Organic,India,6,36.0,1,1.0,2025-03-02 20:57:38,1,9.0,2025-03-10 20:57:38,Basic,50,0,
5333,2025-01-02 17:02:25,Organic,India,2,4.0,0,,,0,,,,0,1,1739811745000000000
5334,2025-02-13 21:33:44,Referral,Canada,3,13.5,1,1.0,2025-02-14 21:33:44,0,,,,0,1,1741815224000000000
5335,2025-01-21 00:49:52,Referral,India,4,16.0,0,,,0,,,,0,1,1740790192000000000
5336,2025-01-02 14:14:46,Ads,USA,9,27.0,1,3.0,2025-01-05 14:14:46,0,,,,0,0,
5337,2025-01-24 22:20:36,Organic,India,4,16.0,0,,,0,,,,0,1,1742077236000000000
5338,2025-03-02 18:24:55,Organic,India,5,30.0,1,3.0,2025-03-05 18:24:55,1,13.0,2025-03-15 18:24:55,Pro,120,0,
5339,2025-02-18 01:18:43,Ads,Germany,4,8.0,0,,,0,,,,0,0,
5340,2025-03-11 14:20:06,Organic,Canada,2,8.0,0,,,0,,,,0,1,1743085206000000000
5341,2025-03-07 17:46:20,Referral,USA,8,32.0,0,,,0,,,,0,1,1745084780000000000
5342,2025-01-23 22:50:44,Organic,USA,9,18.0,0,,,0,,,,0,1,1739659844000000000
5343,2025-03-01 14:25:34,Referral,USA,9,54.0,1,1.0,2025-03-02 14:25:34,0,,,,0,0,
5344,2025-02-15 10:03:41,Organic,India,7,14.0,0,,,0,,,,0,1,1743761021000000000
5345,2025-03-30 10:00:20,Ads,India,4,8.0,0,,,0,,,,0,0,
5346,2025-02-08 08:39:04,Organic,USA,4,12.0,0,,,0,,,,0,0,
5347,2025-01-01 13:52:56,Referral,Germany,9,40.5,1,1.0,2025-01-02 13:52:56,1,8.0,2025-01-09 13:52:56,Pro,120,0,
5348,2025-01-30 04:43:40,Organic,India,4,16.0,0,,,0,,,,0,0,
5349,2025-01-28 08:25:28,Ads,USA,11,44.0,0,,,0,,,,0,1,1742027128000000000
5350,2025-02-08 23:26:51,Referral,India,8,48.0,1,2.0,2025-02-10 23:26:51,1,14.0,2025-02-22 23:26:51,Basic,50,0,
5351,2025-02-20 23:50:13,Organic,India,4,12.0,1,2.0,2025-02-22 23:50:13,1,7.0,2025-02-27 23:50:13,Pro,120,1,1743033013000000000
5352,2025-02-12 03:51:33,Organic,USA,5,15.0,1,2.0,2025-02-14 03:51:33,1,7.0,2025-02-19 03:51:33,Basic,50,0,
5353,2025-01-24 11:08:40,Organic,India,5,22.5,1,3.0,2025-01-27 11:08:40,0,,,,0,0,
5354,2025-01-21 23:21:45,Organic,Germany,6,27.0,1,1.0,2025-01-22 23:21:45,0,,,,0,0,
5355,2025-03-08 16:28:23,Organic,USA,2,8.0,0,,,0,,,,0,1,1745080103000000000
5356,2025-03-17 08:36:22,Organic,India,7,21.0,1,2.0,2025-03-19 08:36:22,0,,,,0,1,1744792582000000000
5357,2025-01-23 12:53:58,Organic,USA,6,18.0,1,1.0,2025-01-24 12:53:58,0,,,,0,0,
5358,2025-03-14 19:01:57,Ads,UK,2,4.0,0,,,0,,,,0,1,1744138917000000000
5359,2025-01-17 03:43:16,Ads,India,5,22.5,1,3.0,2025-01-20 03:43:16,0,,,,0,1,1740627796000000000
5360,2025-03-02 01:22:04,Organic,USA,3,13.5,1,1.0,2025-03-03 01:22:04,0,,,,0,1,1745976124000000000
5361,2025-03-15 06:20:34,Referral,UK,2,6.0,1,2.0,2025-03-17 06:20:34,1,10.0,2025-03-25 06:20:34,Basic,50,0,
5362,2025-02-25 15:50:45,Referral,India,7,14.0,0,,,0,,,,0,1,1745596245000000000
5363,2025-02-11 05:14:22,Ads,Germany,3,6.0,0,,,0,,,,0,1,1743830062000000000
5364,2025-03-24 19:06:43,Organic,India,3,18.0,1,1.0,2025-03-25 19:06:43,0,,,,0,0,
5365,2025-01-03 10:00:59,Organic,India,0,0.0,0,,,0,,,,0,0,
5366,2025-03-16 02:34:51,Ads,USA,7,21.0,1,3.0,2025-03-19 02:34:51,0,,,,0,1,1745462091000000000
5367,2025-03-23 09:17:25,Ads,India,6,18.0,0,,,1,12.0,2025-04-04 09:17:25,Pro,120,0,
5368,2025-03-04 10:26:58,Organic,UK,6,18.0,1,3.0,2025-03-07 10:26:58,0,,,,0,0,
5369,2025-02-16 14:51:42,Ads,USA,4,18.0,1,3.0,2025-02-19 14:51:42,1,12.0,2025-02-28 14:51:42,Basic,50,0,
5370,2025-01-01 12:37:55,Organic,India,5,22.5,1,2.0,2025-01-03 12:37:55,1,9.0,2025-01-10 12:37:55,Pro,120,0,
5371,2025-03-24 14:47:10,Organic,Germany,3,13.5,1,2.0,2025-03-26 14:47:10,0,,,,0,0,
5372,2025-02-08 05:36:04,Ads,UK,10,30.0,1,3.0,2025-02-11 05:36:04,0,,,,0,1,1741412164000000000
5373,2025-03-04 10:59:24,Ads,USA,2,12.0,1,3.0,2025-03-07 10:59:24,1,12.0,2025-03-16 10:59:24,Basic,50,1,1743764364000000000
5374,2025-02-07 11:47:34,Organic,India,2,12.0,1,1.0,2025-02-08 11:47:34,0,,,,0,0,
5375,2025-01-13 17:26:17,Ads,India,3,9.0,1,2.0,2025-01-15 17:26:17,0,,,,0,1,1741627577000000000
5376,2025-01-10 18:28:01,Referral,UK,10,45.0,1,1.0,2025-01-11 18:28:01,0,,,,0,1,1741544881000000000
5377,2025-03-17 00:58:05,Ads,Canada,5,22.5,1,3.0,2025-03-20 00:58:05,0,,,,0,1,1746320285000000000
5378,2025-02-23 12:10:37,Ads,India,6,36.0,1,1.0,2025-02-24 12:10:37,1,12.0,2025-03-07 12:10:37,Basic,50,0,
5379,2025-03-22 13:19:32,Organic,USA,5,15.0,1,2.0,2025-03-24 13:19:32,0,,,,0,1,1745759972000000000
5380,2025-03-25 16:53:44,Organic,USA,8,36.0,1,1.0,2025-03-26 16:53:44,0,,,,0,0,
5381,2025-02-12 18:35:27,Organic,India,7,14.0,0,,,0,,,,0,0,
5382,2025-01-19 13:16:10,Ads,UK,0,0.0,0,,,0,,,,0,1,1740921370000000000
5383,2025-01-18 17:17:44,Ads,India,9,54.0,1,3.0,2025-01-21 17:17:44,0,,,,0,1,1741367864000000000
5384,2025-02-21 01:31:27,Organic,India,5,15.0,0,,,0,,,,0,1,1743211887000000000
5385,2025-03-19 00:42:34,Organic,India,6,18.0,1,1.0,2025-03-20 00:42:34,0,,,,0,0,
5386,2025-03-16 10:02:22,Organic,India,5,30.0,1,2.0,2025-03-18 10:02:22,0,,,,0,0,
5387,2025-01-03 15:06:29,Organic,India,5,15.0,0,,,0,,,,0,1,1738681589000000000
5388,2025-03-14 07:01:55,Referral,Canada,2,6.0,0,,,0,,,,0,0,
5389,2025-01-25 00:43:18,Ads,UK,5,30.0,1,1.0,2025-01-26 00:43:18,0,,,,0,1,1741999398000000000
5390,2025-03-28 10:01:51,Organic,India,4,24.0,1,1.0,2025-03-29 10:01:51,1,13.0,2025-04-10 10:01:51,Pro,120,0,
5391,2025-01-18 00:01:59,Ads,UK,2,9.0,1,2.0,2025-01-20 00:01:59,0,,,,0,0,
5392,2025-02-07 23:39:01,Ads,UK,6,24.0,0,,,0,,,,0,0,
5393,2025-01-31 16:12:04,Ads,India,6,12.0,0,,,0,,,,0,1,1743351124000000000
5394,2025-03-14 08:20:05,Organic,India,5,20.0,0,,,0,,,,0,1,1746346805000000000
5395,2025-02-09 11:23:00,Organic,India,3,9.0,1,1.0,2025-02-10 11:23:00,0,,,,0,0,
5396,2025-02-27 20:38:31,Organic,India,4,8.0,0,,,0,,,,0,1,1743799111000000000
5397,2025-02-12 15:38:24,Referral,Canada,4,16.0,0,,,0,,,,0,0,
5398,2025-03-30 15:43:11,Ads,USA,4,8.0,0,,,0,,,,0,1,1746805391000000000
5399,2025-01-17 10:40:58,Ads,Germany,5,30.0,1,3.0,2025-01-20 10:40:58,1,12.0,2025-01-29 10:40:58,Basic,50,1,1740134458000000000
5400,2025-01-21 05:49:42,Organic,UK,5,15.0,1,2.0,2025-01-23 05:49:42,0,,,,0,0,
5401,2025-03-17 23:13:34,Organic,India,6,27.0,1,3.0,2025-03-20 23:13:34,1,5.0,2025-03-22 23:13:34,Basic,50,0,
5402,2025-01-17 17:24:25,Organic,Canada,3,18.0,1,2.0,2025-01-19 17:24:25,1,11.0,2025-01-28 17:24:25,Basic,50,1,1741800265000000000
5403,2025-02-26 16:13:19,Referral,India,7,42.0,1,2.0,2025-02-28 16:13:19,0,,,,0,0,
5404,2025-03-06 21:44:26,Organic,India,4,12.0,0,,,1,8.0,2025-03-14 21:44:26,Basic,50,0,
5405,2025-03-13 15:47:45,Organic,USA,5,15.0,0,,,0,,,,0,0,
5406,2025-03-08 08:31:58,Referral,India,4,12.0,0,,,0,,,,0,1,1744014718000000000
5407,2025-01-01 21:41:17,Ads,India,4,18.0,1,1.0,2025-01-02 21:41:17,0,,,,0,1,1740606077000000000
5408,2025-03-28 13:43:36,Ads,UK,3,18.0,1,2.0,2025-03-30 13:43:36,0,,,,0,0,
5409,2025-03-05 01:30:56,Organic,Canada,1,2.0,0,,,0,,,,0,1,1745890256000000000
5410,2025-02-22 04:35:22,Ads,India,2,9.0,1,2.0,2025-02-24 04:35:22,0,,,,0,0,
5411,2025-03-15 14:49:03,Organic,India,4,18.0,1,2.0,2025-03-17 14:49:03,0,,,,0,1,1743864543000000000
5412,2025-03-11 22:13:29,Ads,USA,3,12.0,0,,,0,,,,0,1,1745964809000000000
5413,2025-03-11 12:45:09,Organic,UK,3,9.0,1,3.0,2025-03-14 12:45:09,1,11.0,2025-03-22 12:45:09,Basic,50,1,1746276309000000000
5414,2025-03-24 05:36:56,Organic,India,3,9.0,1,1.0,2025-03-25 05:36:56,1,8.0,2025-04-01 05:36:56,Basic,50,1,1746164216000000000
5415,2025-01-19 23:53:52,Ads,Germany,4,16.0,0,,,0,,,,0,1,1739058832000000000
5416,2025-03-23 10:15:15,Ads,UK,4,24.0,1,3.0,2025-03-26 10:15:15,0,,,,0,0,
5417,2025-03-06 15:06:22,Ads,USA,7,14.0,0,,,1,6.0,2025-03-12 15:06:22,Pro,120,0,
5418,2025-03-18 05:35:20,Organic,Germany,3,6.0,0,,,0,,,,0,0,
5419,2025-02-21 10:56:58,Organic,Germany,5,30.0,1,2.0,2025-02-23 10:56:58,0,,,,0,1,1744023418000000000
5420,2025-03-01 07:02:44,Ads,India,2,9.0,1,3.0,2025-03-04 07:02:44,0,,,,0,0,
5421,2025-03-16 11:07:16,Ads,India,3,13.5,1,1.0,2025-03-17 11:07:16,0,,,,0,1,1745924836000000000
5422,2025-02-17 09:31:17,Referral,UK,6,18.0,1,3.0,2025-02-20 09:31:17,1,8.0,2025-02-25 09:31:17,Basic,50,1,1742895077000000000
5423,2025-03-13 07:59:44,Ads,Germany,6,36.0,1,3.0,2025-03-16 07:59:44,0,,,,0,1,1743926384000000000
5424,2025-01-10 01:49:52,Organic,UK,5,22.5,1,3.0,2025-01-13 01:49:52,1,9.0,2025-01-19 01:49:52,Pro,120,0,
5425,2025-03-14 11:59:58,Referral,USA,2,12.0,1,3.0,2025-03-17 11:59:58,0,,,,0,1,1743335998000000000
5426,2025-02-23 14:10:32,Organic,UK,7,42.0,1,3.0,2025-02-26 14:10:32,0,,,,0,1,1744467032000000000
5427,2025-01-11 15:35:14,Organic,India,8,24.0,1,3.0,2025-01-14 15:35:14,0,,,,0,1,1740756914000000000
5428,2025-01-07 23:11:31,Organic,Germany,4,16.0,0,,,0,,,,0,0,
5429,2025-03-27 08:18:24,Organic,USA,11,66.0,1,2.0,2025-03-29 08:18:24,0,,,,0,0,
5430,2025-03-05 20:09:12,Ads,Germany,7,42.0,1,3.0,2025-03-08 20:09:12,0,,,,0,1,1742501352000000000
5431,2025-03-18 22:51:42,Ads,USA,1,2.0,0,,,0,,,,0,1,1747349502000000000
5432,2025-03-08 08:03:35,Ads,Germany,6,18.0,1,2.0,2025-03-10 08:03:35,0,,,,0,1,1746518615000000000
5433,2025-02-10 20:32:01,Organic,India,9,27.0,1,2.0,2025-02-12 20:32:01,0,,,,0,1,1743193921000000000
5434,2025-01-26 06:22:06,Organic,UK,2,4.0,0,,,0,,,,0,0,
5435,2025-03-13 09:14:07,Organic,Germany,6,18.0,1,1.0,2025-03-14 09:14:07,0,,,,0,0,
5436,2025-01-29 18:27:50,Ads,USA,7,42.0,1,1.0,2025-01-30 18:27:50,1,12.0,2025-02-10 18:27:50,Basic,50,1,1739730470000000000
5437,2025-02-08 16:57:30,Organic,UK,7,21.0,1,2.0,2025-02-10 16:57:30,1,10.0,2025-02-18 16:57:30,Basic,50,0,
5438,2025-02-08 23:01:25,Referral,India,4,18.0,1,2.0,2025-02-10 23:01:25,0,,,,0,0,
5439,2025-02-23 07:42:56,Organic,USA,5,22.5,1,2.0,2025-02-25 07:42:56,1,8.0,2025-03-03 07:42:56,Pro,120,0,
5440,2025-02-16 13:34:38,Organic,Canada,6,18.0,1,3.0,2025-02-19 13:34:38,0,,,,0,1,1741181678000000000
5441,2025-03-03 10:40:22,Ads,India,6,36.0,1,3.0,2025-03-06 10:40:22,0,,,,0,0,
5442,2025-01-07 05:26:17,Referral,UK,7,31.5,1,3.0,2025-01-10 05:26:17,0,,,,0,0,
5443,2025-01-24 03:16:54,Organic,UK,6,18.0,1,3.0,2025-01-27 03:16:54,1,14.0,2025-02-07 03:16:54,Basic,50,1,1739589414000000000
5444,2025-02-12 20:41:32,Ads,India,9,18.0,0,,,0,,,,0,0,
5445,2025-01-19 00:49:01,Referral,India,2,8.0,0,,,0,,,,0,0,
5446,2025-02-12 10:58:00,Referral,USA,9,54.0,1,1.0,2025-02-13 10:58:00,0,,,,0,0,
5447,2025-02-01 12:30:08,Ads,India,5,15.0,1,1.0,2025-02-02 12:30:08,0,,,,0,1,1741523408000000000
5448,2025-03-19 14:22:25,Ads,Germany,5,22.5,1,1.0,2025-03-20 14:22:25,1,6.0,2025-03-25 14:22:25,Pro,120,1,1747146145000000000
5449,2025-01-22 09:20:58,Organic,UK,3,18.0,1,2.0,2025-01-24 09:20:58,0,,,,0,0,
5450,2025-02-25 09:06:48,Referral,India,5,15.0,1,3.0,2025-02-28 09:06:48,0,,,,0,1,1743844008000000000
5451,2025-03-18 19:47:20,Organic,India,5,15.0,1,3.0,2025-03-21 19:47:20,0,,,,0,1,1744919240000000000
5452,2025-03-21 03:16:28,Referral,UK,6,18.0,1,3.0,2025-03-24 03:16:28,1,8.0,2025-03-29 03:16:28,Pro,120,0,
5453,2025-01-25 23:46:13,Organic,USA,6,18.0,1,2.0,2025-01-27 23:46:13,1,13.0,2025-02-07 23:46:13,Pro,120,1,1741563973000000000
5454,2025-03-22 19:59:01,Organic,India,1,3.0,1,2.0,2025-03-24 19:59:01,1,10.0,2025-04-01 19:59:01,Basic,50,1,1745006341000000000
5455,2025-02-23 20:53:39,Ads,USA,5,30.0,1,2.0,2025-02-25 20:53:39,0,,,,0,1,1745009619000000000
5456,2025-01-01 11:44:51,Organic,Canada,1,3.0,0,,,0,,,,0,0,
5457,2025-02-23 12:03:00,Organic,India,6,36.0,1,2.0,2025-02-25 12:03:00,0,,,,0,0,
5458,2025-02-23 02:44:18,Ads,India,4,8.0,0,,,0,,,,0,1,1744512258000000000
5459,2025-03-25 20:32:16,Ads,Germany,5,30.0,1,3.0,2025-03-28 20:32:16,0,,,,0,1,1746649936000000000
5460,2025-02-22 01:26:08,Ads,India,3,18.0,1,2.0,2025-02-24 01:26:08,0,,,,0,1,1741569968000000000
5461,2025-01-25 13:40:27,Organic,Canada,2,8.0,0,,,0,,,,0,0,
5462,2025-02-26 08:12:31,Ads,India,5,22.5,1,1.0,2025-02-27 08:12:31,1,11.0,2025-03-09 08:12:31,Basic,50,1,1745482351000000000
5463,2025-03-17 20:29:34,Organic,India,4,12.0,1,1.0,2025-03-18 20:29:34,0,,,,0,1,1744316974000000000
5464,2025-03-28 00:31:40,Organic,India,8,24.0,1,1.0,2025-03-29 00:31:40,1,14.0,2025-04-11 00:31:40,Basic,50,0,
5465,2025-03-30 09:26:14,Ads,India,1,6.0,1,1.0,2025-03-31 09:26:14,0,,,,0,1,1744968374000000000
5466,2025-01-24 22:37:51,Referral,India,9,36.0,0,,,0,,,,0,1,1741732671000000000
5467,2025-01-09 04:51:12,Organic,India,7,42.0,1,1.0,2025-01-10 04:51:12,0,,,,0,1,1738558272000000000
5468,2025-03-13 10:34:56,Ads,India,6,36.0,1,1.0,2025-03-14 10:34:56,0,,,,0,0,
5469,2025-03-22 02:32:34,Organic,India,3,18.0,1,3.0,2025-03-25 02:32:34,0,,,,0,1,1746930754000000000
5470,2025-01-04 21:42:49,Organic,UK,2,4.0,0,,,0,,,,0,1,1740001369000000000
5471,2025-02-16 00:42:54,Organic,Canada,6,18.0,0,,,0,,,,0,1,1743813774000000000
5472,2025-02-10 10:16:03,Referral,Canada,3,12.0,0,,,0,,,,0,1,1742120163000000000
5473,2025-02-22 03:59:27,Referral,USA,3,13.5,1,3.0,2025-02-25 03:59:27,0,,,,0,1,1743998367000000000
5474,2025-01-26 18:37:19,Ads,Germany,4,16.0,0,,,0,,,,0,1,1741027039000000000
5475,2025-01-04 10:14:23,Ads,India,6,36.0,1,2.0,2025-01-06 10:14:23,0,,,,0,0,
5476,2025-01-17 00:24:35,Ads,India,2,9.0,1,1.0,2025-01-18 00:24:35,1,7.0,2025-01-24 00:24:35,Basic,50,1,1741652675000000000
5477,2025-03-18 16:19:29,Organic,India,4,24.0,1,2.0,2025-03-20 16:19:29,1,9.0,2025-03-27 16:19:29,Basic,50,1,1744820369000000000
5478,2025-01-22 17:12:16,Organic,UK,5,22.5,1,2.0,2025-01-24 17:12:16,0,,,,0,1,1742145136000000000
5479,2025-03-29 06:53:06,Organic,Canada,2,6.0,1,2.0,2025-03-31 06:53:06,1,7.0,2025-04-05 06:53:06,Basic,50,0,
5480,2025-02-15 19:06:18,Ads,USA,7,21.0,1,3.0,2025-02-18 19:06:18,0,,,,0,1,1744743978000000000
5481,2025-02-25 00:21:07,Referral,India,5,15.0,1,1.0,2025-02-26 00:21:07,0,,,,0,0,
5482,2025-03-08 09:51:30,Organic,UK,6,27.0,1,3.0,2025-03-11 09:51:30,1,7.0,2025-03-15 09:51:30,Pro,120,0,
5483,2025-03-24 03:20:07,Organic,India,6,36.0,1,1.0,2025-03-25 03:20:07,0,,,,0,0,
5484,2025-02-03 10:09:17,Organic,USA,7,42.0,1,1.0,2025-02-04 10:09:17,0,,,,0,0,
5485,2025-01-29 13:44:25,Referral,USA,4,8.0,0,,,0,,,,0,1,1740577465000000000
5486,2025-02-03 16:19:44,Organic,India,3,13.5,1,2.0,2025-02-05 16:19:44,1,10.0,2025-02-13 16:19:44,Basic,50,0,
5487,2025-03-16 22:02:53,Organic,India,2,6.0,1,3.0,2025-03-19 22:02:53,0,,,,0,1,1745618573000000000
5488,2025-03-15 15:09:21,Ads,UK,2,9.0,1,2.0,2025-03-17 15:09:21,0,,,,0,1,1746889761000000000
5489,2025-01-09 00:28:44,Ads,USA,3,18.0,1,3.0,2025-01-12 00:28:44,1,6.0,2025-01-15 00:28:44,Basic,50,1,1739147324000000000
5490,2025-01-30 17:55:15,Organic,India,5,30.0,1,1.0,2025-01-31 17:55:15,1,9.0,2025-02-08 17:55:15,Basic,50,0,
5491,2025-01-20 05:34:15,Organic,USA,3,18.0,1,3.0,2025-01-23 05:34:15,0,,,,0,1,1738992855000000000
5492,2025-03-28 19:04:26,Ads,Germany,10,30.0,1,3.0,2025-03-31 19:04:26,0,,,,0,1,1746126266000000000
5493,2025-02-24 01:53:32,Organic,India,3,12.0,0,,,0,,,,0,1,1745459612000000000
5494,2025-02-05 21:14:58,Referral,India,4,12.0,0,,,0,,,,0,0,
5495,2025-02-25 10:18:45,Ads,USA,7,31.5,1,2.0,2025-02-27 10:18:45,0,,,,0,0,
5496,2025-03-16 23:38:32,Organic,USA,8,24.0,1,1.0,2025-03-17 23:38:32,0,,,,0,1,1743809912000000000
5497,2025-02-24 01:20:32,Organic,India,3,6.0,0,,,0,,,,0,0,
5498,2025-01-12 20:25:20,Organic,India,6,18.0,1,2.0,2025-01-14 20:25:20,0,,,,0,1,1738787120000000000
5499,2025-03-25 02:51:19,Organic,India,4,12.0,0,,,0,,,,0,0,
5500,2025-02-14 02:47:46,Referral,USA,6,36.0,1,3.0,2025-02-17 02:47:46,1,5.0,2025-02-19 02:47:46,Pro,120,1,1744253266000000000
5501,2025-02-14 05:01:52,Referral,India,8,24.0,0,,,0,,,,0,1,1741410112000000000
5502,2025-01-12 23:07:48,Organic,UK,2,6.0,1,1.0,2025-01-13 23:07:48,1,11.0,2025-01-23 23:07:48,Basic,50,1,1741388868000000000
5503,2025-03-24 08:58:02,Organic,Germany,4,12.0,0,,,0,,,,0,1,1746521882000000000
5504,2025-03-07 05:41:25,Organic,Germany,1,4.0,0,,,0,,,,0,1,1743486085000000000
5505,2025-03-06 20:45:27,Organic,UK,10,60.0,1,3.0,2025-03-09 20:45:27,0,,,,0,0,
5506,2025-03-17 14:54:04,Ads,USA,3,9.0,1,1.0,2025-03-18 14:54:04,0,,,,0,1,1744556044000000000
5507,2025-01-29 14:59:59,Organic,Canada,8,36.0,1,2.0,2025-01-31 14:59:59,0,,,,0,0,
5508,2025-02-28 10:15:27,Referral,Canada,8,24.0,1,1.0,2025-03-01 10:15:27,0,,,,0,1,1744625727000000000
5509,2025-03-17 13:35:57,Organic,Canada,7,21.0,1,3.0,2025-03-20 13:35:57,0,,,,0,0,
5510,2025-03-06 09:17:06,Ads,India,6,18.0,1,3.0,2025-03-09 09:17:06,1,11.0,2025-03-17 09:17:06,Basic,50,1,1744363026000000000
5511,2025-01-04 10:41:15,Referral,India,6,18.0,1,2.0,2025-01-06 10:41:15,1,9.0,2025-01-13 10:41:15,Basic,50,1,1739270475000000000
5512,2025-01-09 04:42:55,Organic,Germany,3,9.0,0,,,0,,,,0,1,1740285775000000000
5513,2025-02-12 12:50:02,Organic,Germany,3,6.0,0,,,0,,,,0,1,1742388602000000000
5514,2025-01-22 14:41:46,Organic,USA,7,42.0,1,3.0,2025-01-25 14:41:46,0,,,,0,1,1739889706000000000
5515,2025-01-04 01:13:45,Organic,Germany,2,6.0,1,2.0,2025-01-06 01:13:45,0,,,,0,1,1739409225000000000
5516,2025-01-10 18:07:20,Referral,UK,4,24.0,1,2.0,2025-01-12 18:07:20,0,,,,0,1,1740161240000000000
5517,2025-02-20 20:44:03,Referral,USA,8,24.0,0,,,0,,,,0,1,1742676243000000000
5518,2025-03-10 03:51:58,Referral,India,2,4.0,0,,,0,,,,0,0,
5519,2025-03-01 08:37:23,Referral,USA,3,13.5,1,3.0,2025-03-04 08:37:23,0,,,,0,0,
5520,2025-01-02 10:49:15,Organic,USA,5,30.0,1,2.0,2025-01-04 10:49:15,0,,,,0,1,1738752555000000000
5521,2025-02-18 20:48:22,Referral,Germany,1,4.0,0,,,0,,,,0,0,
5522,2025-01-08 03:05:37,Referral,USA,4,18.0,1,1.0,2025-01-09 03:05:37,0,,,,0,0,
5523,2025-01-16 22:06:47,Organic,Canada,4,12.0,1,3.0,2025-01-19 22:06:47,0,,,,0,1,1739484407000000000
5524,2025-01-01 05:24:37,Organic,Canada,3,13.5,1,1.0,2025-01-02 05:24:37,0,,,,0,1,1737177877000000000
5525,2025-02-11 03:50:10,Ads,India,4,8.0,0,,,0,,,,0,1,1742183410000000000
5526,2025-03-17 08:00:56,Organic,India,4,16.0,0,,,0,,,,0,1,1743926456000000000
5527,2025-03-29 11:11:32,Organic,UK,6,18.0,1,1.0,2025-03-30 11:11:32,1,9.0,2025-04-07 11:11:32,Pro,120,0,
5528,2025-01-29 18:51:51,Referral,India,5,20.0,0,,,0,,,,0,0,
5529,2025-01-24 06:13:26,Referral,UK,7,42.0,1,3.0,2025-01-27 06:13:26,0,,,,0,1,1739340806000000000
5530,2025-01-19 01:15:57,Organic,India,1,3.0,0,,,0,,,,0,0,
5531,2025-03-26 16:10:30,Organic,India,3,6.0,0,,,0,,,,0,1,1746461430000000000
5532,2025-03-13 06:12:18,Referral,India,11,49.5,1,3.0,2025-03-16 06:12:18,0,,,,0,1,1745820738000000000
5533,2025-02-23 05:36:49,Ads,India,7,31.5,1,3.0,2025-02-26 05:36:49,0,,,,0,1,1743745009000000000
5534,2025-02-09 17:23:27,Organic,India,4,12.0,1,1.0,2025-02-10 17:23:27,0,,,,0,1,1742837007000000000
5535,2025-03-13 10:20:38,Ads,Germany,4,24.0,1,2.0,2025-03-15 10:20:38,0,,,,0,1,1746872438000000000
5536,2025-03-30 23:46:26,Referral,India,5,15.0,1,3.0,2025-04-02 23:46:26,0,,,,0,0,
5537,2025-02-21 17:04:50,Referral,Germany,4,12.0,1,2.0,2025-02-23 17:04:50,0,,,,0,0,
5538,2025-01-22 18:34:57,Organic,Germany,7,42.0,1,2.0,2025-01-24 18:34:57,1,11.0,2025-02-02 18:34:57,Basic,50,0,
5539,2025-03-12 09:44:19,Organic,Germany,3,18.0,1,3.0,2025-03-15 09:44:19,1,8.0,2025-03-20 09:44:19,Basic,50,0,
5540,2025-01-10 12:49:19,Referral,USA,1,4.0,0,,,0,,,,0,1,1741438159000000000
5541,2025-02-05 01:54:15,Organic,UK,5,15.0,1,2.0,2025-02-07 01:54:15,0,,,,0,1,1741917255000000000
5542,2025-02-22 10:07:55,Ads,India,4,24.0,1,2.0,2025-02-24 10:07:55,1,13.0,2025-03-07 10:07:55,Pro,120,1,1743588475000000000
5543,2025-03-09 23:33:52,Organic,India,4,8.0,0,,,0,,,,0,1,1744673632000000000
5544,2025-01-02 12:26:24,Organic,Canada,5,30.0,1,1.0,2025-01-03 12:26:24,0,,,,0,1,1738585584000000000
5545,2025-01-14 03:27:07,Organic,India,6,36.0,1,1.0,2025-01-15 03:27:07,1,8.0,2025-01-22 03:27:07,Basic,50,0,
5546,2025-01-27 00:23:25,Organic,Germany,6,36.0,1,1.0,2025-01-28 00:23:25,0,,,,0,1,1741911805000000000
5547,2025-01-03 20:08:20,Referral,UK,5,15.0,1,3.0,2025-01-06 20:08:20,0,,,,0,1,1738872500000000000
5548,2025-01-07 18:13:30,Organic,USA,5,15.0,0,,,0,,,,0,1,1738174410000000000
5549,2025-01-02 01:33:56,Referral,India,4,12.0,1,2.0,2025-01-04 01:33:56,0,,,,0,1,1739669636000000000
5550,2025-03-11 09:30:02,Referral,UK,5,15.0,1,2.0,2025-03-13 09:30:02,0,,,,0,1,1744709402000000000
5551,2025-03-16 12:37:31,Organic,USA,6,27.0,1,2.0,2025-03-18 12:37:31,0,,,,0,1,1744634251000000000
5552,2025-01-10 21:03:12,Ads,UK,7,31.5,1,1.0,2025-01-11 21:03:12,0,,,,0,1,1737838992000000000
5553,2025-03-11 15:04:37,Organic,USA,3,9.0,0,,,0,,,,0,1,1745247877000000000
5554,2025-01-04 06:14:56,Ads,India,8,24.0,1,3.0,2025-01-07 06:14:56,0,,,,0,1,1738736096000000000
5555,2025-02-12 09:19:00,Ads,India,1,4.0,0,,,0,,,,0,0,
5556,2025-01-14 18:40:56,Organic,India,9,27.0,0,,,0,,,,0,0,
5557,2025-02-21 06:28:43,Organic,India,5,30.0,1,2.0,2025-02-23 06:28:43,0,,,,0,1,1742192923000000000
5558,2025-01-12 11:00:29,Ads,India,4,12.0,1,2.0,2025-01-14 11:00:29,1,12.0,2025-01-24 11:00:29,Basic,50,0,
5559,2025-01-02 18:58:12,Referral,India,4,18.0,1,1.0,2025-01-03 18:58:12,1,14.0,2025-01-16 18:58:12,Basic,50,0,
5560,2025-02-21 14:08:55,Organic,UK,2,12.0,1,1.0,2025-02-22 14:08:55,0,,,,0,1,1741788535000000000
5561,2025-01-28 16:11:38,Ads,USA,6,36.0,1,1.0,2025-01-29 16:11:38,0,,,,0,0,
5562,2025-01-20 04:31:28,Organic,India,4,18.0,1,3.0,2025-01-23 04:31:28,0,,,,0,1,1740544288000000000
5563,2025-01-30 22:18:37,Referral,USA,6,12.0,0,,,0,,,,0,0,
5564,2025-02-25 23:40:31,Organic,USA,5,15.0,0,,,0,,,,0,1,1744501231000000000
5565,2025-03-13 03:39:20,Ads,USA,6,36.0,1,1.0,2025-03-14 03:39:20,0,,,,0,1,1746761960000000000
5566,2025-03-29 11:24:05,Organic,USA,1,6.0,1,3.0,2025-04-01 11:24:05,0,,,,0,1,1745493845000000000
5567,2025-01-22 02:56:04,Ads,India,6,24.0,0,,,0,,,,0,1,1741575364000000000
5568,2025-01-17 01:41:49,Referral,India,6,12.0,0,,,0,,,,0,0,
5569,2025-02-13 10:55:42,Ads,India,7,42.0,1,3.0,2025-02-16 10:55:42,0,,,,0,0,
5570,2025-01-29 21:56:54,Ads,India,6,27.0,1,3.0,2025-02-01 21:56:54,0,,,,0,0,
5571,2025-02-24 03:28:03,Ads,USA,7,21.0,1,1.0,2025-02-25 03:28:03,0,,,,0,0,
5572,2025-03-20 13:56:48,Referral,Canada,5,30.0,1,3.0,2025-03-23 13:56:48,0,,,,0,1,1745503008000000000
5573,2025-02-25 03:33:32,Ads,India,4,8.0,0,,,0,,,,0,0,
5574,2025-03-24 10:54:11,Referral,UK,5,15.0,1,1.0,2025-03-25 10:54:11,0,,,,0,1,1746874451000000000
5575,2025-03-19 09:53:57,Ads,Canada,5,15.0,0,,,0,,,,0,0,
5576,2025-02-22 22:26:14,Ads,India,3,13.5,1,3.0,2025-02-25 22:26:14,0,,,,0,1,1742336774000000000
5577,2025-03-12 17:26:38,Organic,Germany,7,31.5,1,2.0,2025-03-14 17:26:38,0,,,,0,1,1744565198000000000
5578,2025-02-17 13:15:02,Ads,India,3,9.0,1,1.0,2025-02-18 13:15:02,0,,,,0,1,1743945302000000000
5579,2025-03-27 19:48:29,Organic,Germany,5,30.0,1,3.0,2025-03-30 19:48:29,0,,,,0,0,
5580,2025-03-26 11:00:38,Referral,India,1,3.0,1,2.0,2025-03-28 11:00:38,1,5.0,2025-03-31 11:00:38,Basic,50,0,
5581,2025-01-19 03:35:46,Ads,India,4,18.0,1,2.0,2025-01-21 03:35:46,0,,,,0,0,
5582,2025-01-06 14:17:35,Referral,USA,9,18.0,0,,,0,,,,0,0,
5583,2025-02-16 17:13:25,Organic,Germany,6,36.0,1,1.0,2025-02-17 17:13:25,0,,,,0,1,1743786805000000000
5584,2025-03-16 05:36:28,Organic,India,4,12.0,1,2.0,2025-03-18 05:36:28,0,,,,0,1,1745300188000000000
5585,2025-03-29 15:57:43,Referral,UK,11,33.0,1,3.0,2025-04-01 15:57:43,0,,,,0,1,1747238263000000000
5586,2025-01-07 08:00:19,Organic,UK,10,60.0,1,3.0,2025-01-10 08:00:19,0,,,,0,1,1738224019000000000
5587,2025-01-26 07:17:48,Organic,India,2,12.0,1,1.0,2025-01-27 07:17:48,0,,,,0,1,1742887068000000000
5588,2025-02-21 10:59:35,Referral,USA,2,4.0,0,,,0,,,,0,0,
5589,2025-02-16 03:43:13,Ads,USA,2,6.0,1,1.0,2025-02-17 03:43:13,0,,,,0,1,1744083793000000000
5590,2025-01-19 19:19:37,Organic,India,2,12.0,1,1.0,2025-01-20 19:19:37,0,,,,0,1,1740597577000000000
5591,2025-02-03 05:40:56,Referral,UK,2,6.0,1,1.0,2025-02-04 05:40:56,0,,,,0,1,1742017256000000000
5592,2025-03-27 06:07:03,Organic,Germany,6,27.0,1,3.0,2025-03-30 06:07:03,0,,,,0,1,1745993223000000000
5593,2025-02-24 11:56:09,Referral,UK,2,6.0,0,,,1,13.0,2025-03-09 11:56:09,Pro,120,1,1744458969000000000
5594,2025-02-14 15:05:33,Organic,Germany,8,24.0,0,,,0,,,,0,0,
5595,2025-02-25 19:38:04,Ads,India,10,45.0,1,1.0,2025-02-26 19:38:04,0,,,,0,1,1744918684000000000
5596,2025-01-27 22:18:49,Organic,India,5,15.0,0,,,0,,,,0,1,1742163529000000000
5597,2025-03-23 01:02:08,Ads,Canada,5,30.0,1,3.0,2025-03-26 01:02:08,0,,,,0,1,1744419728000000000
5598,2025-03-19 11:47:13,Organic,Canada,5,15.0,1,2.0,2025-03-21 11:47:13,0,,,,0,0,
5599,2025-02-15 05:18:49,Referral,India,5,22.5,1,1.0,2025-02-16 05:18:49,1,7.0,2025-02-22 05:18:49,Basic,50,0,
5600,2025-01-02 02:32:36,Organic,India,6,18.0,1,1.0,2025-01-03 02:32:36,0,,,,0,1,1739500356000000000
5601,2025-01-22 23:11:23,Organic,Canada,7,28.0,0,,,0,,,,0,1,1740006683000000000
5602,2025-03-04 11:57:49,Ads,India,5,20.0,0,,,0,,,,0,0,
5603,2025-02-10 03:53:12,Organic,India,4,18.0,1,3.0,2025-02-13 03:53:12,0,,,,0,1,1741060392000000000
5604,2025-03-19 09:24:20,Organic,UK,5,15.0,1,1.0,2025-03-20 09:24:20,0,,,,0,0,
5605,2025-01-19 00:05:37,Organic,Germany,5,20.0,0,,,0,,,,0,1,1740960337000000000
5606,2025-03-13 01:22:33,Organic,UK,5,20.0,0,,,0,,,,0,0,
5607,2025-01-08 13:19:15,Organic,UK,1,4.0,0,,,0,,,,0,1,1739798355000000000
5608,2025-02-12 10:25:44,Organic,India,7,31.5,1,3.0,2025-02-15 10:25:44,0,,,,0,0,
5609,2025-03-07 09:32:32,Organic,UK,9,27.0,0,,,0,,,,0,1,1744450352000000000
5610,2025-02-10 19:32:42,Ads,India,5,30.0,1,1.0,2025-02-11 19:32:42,0,,,,0,0,
5611,2025-01-09 14:24:48,Ads,Germany,8,16.0,0,,,0,,,,0,1,1741098288000000000
5612,2025-02-26 01:45:47,Organic,USA,2,9.0,1,2.0,2025-02-28 01:45:47,0,,,,0,1,1741830347000000000
5613,2025-03-30 07:33:26,Referral,USA,1,4.5,1,1.0,2025-03-31 07:33:26,0,,,,0,1,1745480006000000000
5614,2025-01-31 01:03:54,Referral,Canada,2,12.0,1,3.0,2025-02-03 01:03:54,0,,,,0,1,1743037434000000000
5615,2025-01-01 16:36:18,Organic,India,5,20.0,0,,,0,,,,0,1,1738254978000000000
5616,2025-01-13 16:00:09,Organic,Germany,4,18.0,1,1.0,2025-01-14 16:00:09,1,14.0,2025-01-27 16:00:09,Basic,50,0,
5617,2025-02-27 21:49:21,Referral,India,5,20.0,0,,,0,,,,0,1,1743371361000000000
5618,2025-01-31 17:05:28,Organic,India,3,9.0,1,3.0,2025-02-03 17:05:28,0,,,,0,1,1741107928000000000
5619,2025-02-17 12:06:39,Organic,India,6,18.0,1,1.0,2025-02-18 12:06:39,0,,,,0,1,1743509199000000000
5620,2025-01-18 12:18:03,Organic,Canada,4,16.0,0,,,0,,,,0,0,
5621,2025-02-08 16:21:43,Ads,Canada,6,18.0,0,,,1,13.0,2025-02-21 16:21:43,Basic,50,1,1740846103000000000
5622,2025-01-26 03:45:13,Organic,India,2,4.0,0,,,0,,,,0,0,
5623,2025-01-17 04:35:49,Ads,India,6,27.0,1,2.0,2025-01-19 04:35:49,0,,,,0,1,1738557349000000000
5624,2025-03-28 12:27:01,Ads,Germany,4,12.0,1,1.0,2025-03-29 12:27:01,0,,,,0,1,1745670421000000000
5625,2025-03-09 19:03:53,Ads,India,8,36.0,1,3.0,2025-03-12 19:03:53,0,,,,0,1,1742929433000000000
5626,2025-01-07 01:02:34,Referral,USA,3,6.0,0,,,0,,,,0,1,1740358954000000000
5627,2025-03-22 00:24:22,Organic,USA,6,36.0,1,2.0,2025-03-24 00:24:22,1,14.0,2025-04-05 00:24:22,Basic,50,0,
5628,2025-02-10 03:29:42,Ads,Canada,9,27.0,0,,,0,,,,0,0,
5629,2025-01-12 17:05:30,Organic,USA,6,36.0,1,3.0,2025-01-15 17:05:30,1,9.0,2025-01-21 17:05:30,Basic,50,0,
5630,2025-03-09 20:20:44,Organic,USA,3,13.5,1,3.0,2025-03-12 20:20:44,0,,,,0,0,
5631,2025-03-26 05:06:54,Organic,Germany,4,8.0,0,,,0,,,,0,1,1744952814000000000
5632,2025-01-13 11:52:05,Organic,India,8,36.0,1,2.0,2025-01-15 11:52:05,0,,,,0,1,1740743525000000000
5633,2025-01-21 16:03:38,Organic,India,5,15.0,0,,,0,,,,0,0,
5634,2025-02-04 03:55:20,Organic,India,5,15.0,0,,,0,,,,0,0,
5635,2025-01-14 10:15:17,Organic,Germany,5,22.5,1,3.0,2025-01-17 10:15:17,1,5.0,2025-01-19 10:15:17,Pro,120,0,
5636,2025-01-25 02:36:03,Ads,UK,7,31.5,1,2.0,2025-01-27 02:36:03,0,,,,0,1,1741660563000000000
5637,2025-03-11 00:20:59,Organic,India,0,0.0,1,1.0,2025-03-12 00:20:59,0,,,,0,1,1744935659000000000
5638,2025-02-19 06:15:46,Ads,UK,3,12.0,0,,,0,,,,0,1,1741328146000000000
5639,2025-01-30 22:06:11,Organic,USA,1,4.5,1,2.0,2025-02-01 22:06:11,0,,,,0,1,1740434771000000000
5640,2025-01-15 19:58:26,Organic,Germany,3,6.0,0,,,1,7.0,2025-01-22 19:58:26,Pro,120,0,
5641,2025-01-04 08:18:54,Organic,India,8,24.0,0,,,0,,,,0,1,1737879534000000000
5642,2025-02-02 01:05:05,Organic,UK,4,16.0,0,,,0,,,,0,0,
5643,2025-03-30 08:04:45,Ads,USA,2,6.0,1,2.0,2025-04-01 08:04:45,0,,,,0,1,1746259485000000000
5644,2025-02-20 01:17:40,Organic,India,10,45.0,1,3.0,2025-02-23 01:17:40,0,,,,0,1,1742001460000000000
5645,2025-03-13 12:33:37,Referral,Canada,4,18.0,1,2.0,2025-03-15 12:33:37,0,,,,0,0,
5646,2025-02-03 04:07:49,Referral,India,7,42.0,1,3.0,2025-02-06 04:07:49,0,,,,0,1,1742184469000000000
5647,2025-01-09 12:44:50,Organic,UK,4,12.0,0,,,0,,,,0,1,1739882690000000000
5648,2025-01-11 14:02:45,Ads,UK,6,18.0,1,1.0,2025-01-12 14:02:45,0,,,,0,1,1739887365000000000
5649,2025-02-14 09:26:38,Organic,USA,2,4.0,0,,,0,,,,0,1,1743931598000000000
5650,2025-02-27 15:54:02,Ads,India,6,36.0,1,2.0,2025-03-01 15:54:02,1,12.0,2025-03-11 15:54:02,Pro,120,1,1745596442000000000
5651,2025-01-13 04:20:25,Ads,Germany,2,6.0,1,2.0,2025-01-15 04:20:25,1,11.0,2025-01-24 04:20:25,Basic,50,1,1739074825000000000
5652,2025-03-14 23:03:36,Organic,India,5,30.0,1,3.0,2025-03-17 23:03:36,1,8.0,2025-03-22 23:03:36,Pro,120,0,
5653,2025-03-19 03:17:52,Organic,USA,5,15.0,1,2.0,2025-03-21 03:17:52,1,12.0,2025-03-31 03:17:52,Basic,50,0,
5654,2025-01-09 23:59:27,Organic,UK,7,31.5,1,2.0,2025-01-11 23:59:27,0,,,,0,1,1739231967000000000
5655,2025-02-01 10:30:07,Organic,Germany,5,22.5,1,3.0,2025-02-04 10:30:07,0,,,,0,1,1741861807000000000
5656,2025-03-17 20:15:01,Ads,USA,5,15.0,0,,,0,,,,0,1,1746648901000000000
5657,2025-01-21 06:02:16,Organic,India,3,9.0,1,1.0,2025-01-22 06:02:16,0,,,,0,0,
5658,2025-01-19 04:10:34,Organic,Canada,6,18.0,1,3.0,2025-01-22 04:10:34,0,,,,0,1,1740802234000000000
5659,2025-03-19 19:07:15,Organic,India,6,18.0,1,3.0,2025-03-22 19:07:15,0,,,,0,0,
5660,2025-03-15 10:43:06,Ads,India,1,4.0,0,,,0,,,,0,1,1744800186000000000
5661,2025-01-01 14:21:47,Organic,Germany,8,36.0,1,3.0,2025-01-04 14:21:47,1,14.0,2025-01-15 14:21:47,Pro,120,0,
5662,2025-01-04 06:00:33,Ads,USA,1,4.0,0,,,0,,,,0,1,1740722433000000000
5663,2025-02-12 19:31:40,Ads,India,5,30.0,1,3.0,2025-02-15 19:31:40,0,,,,0,0,
5664,2025-01-13 14:29:23,Ads,USA,6,18.0,1,2.0,2025-01-15 14:29:23,0,,,,0,0,
5665,2025-03-12 15:35:28,Ads,India,4,12.0,1,1.0,2025-03-13 15:35:28,0,,,,0,0,
5666,2025-01-22 17:25:45,Organic,India,3,9.0,1,1.0,2025-01-23 17:25:45,0,,,,0,1,1742145945000000000
5667,2025-01-27 10:23:05,Organic,India,7,31.5,1,1.0,2025-01-28 10:23:05,1,11.0,2025-02-07 10:23:05,Basic,50,0,
5668,2025-02-16 05:33:40,Ads,UK,7,42.0,1,2.0,2025-02-18 05:33:40,1,11.0,2025-02-27 05:33:40,Basic,50,1,1740980020000000000
5669,2025-03-10 10:41:18,Referral,UK,4,12.0,1,2.0,2025-03-12 10:41:18,0,,,,0,1,1745404878000000000
5670,2025-01-10 15:54:34,Ads,USA,2,6.0,0,,,0,,,,0,0,
5671,2025-01-11 07:04:53,Organic,India,7,42.0,1,1.0,2025-01-12 07:04:53,0,,,,0,1,1740207893000000000
5672,2025-03-19 09:41:06,Organic,UK,4,12.0,0,,,0,,,,0,0,
5673,2025-01-10 00:19:59,Referral,USA,2,9.0,1,1.0,2025-01-11 00:19:59,0,,,,0,1,1738369199000000000
5674,2025-02-10 21:35:16,Organic,USA,6,27.0,1,1.0,2025-02-11 21:35:16,0,,,,0,1,1742592916000000000
5675,2025-03-14 14:45:14,Organic,Canada,4,16.0,0,,,1,14.0,2025-03-28 14:45:14,Pro,120,0,
5676,2025-02-10 14:17:27,Organic,USA,8,36.0,1,1.0,2025-02-11 14:17:27,0,,,,0,1,1741529847000000000
5677,2025-03-23 22:35:01,Referral,USA,2,12.0,1,2.0,2025-03-25 22:35:01,1,7.0,2025-03-30 22:35:01,Basic,50,1,1746657301000000000
5678,2025-01-11 04:17:39,Organic,Germany,7,31.5,1,1.0,2025-01-12 04:17:39,0,,,,0,1,1738124259000000000
5679,2025-01-26 05:58:53,Organic,USA,3,9.0,1,1.0,2025-01-27 05:58:53,1,7.0,2025-02-02 05:58:53,Basic,50,0,
5680,2025-01-22 02:19:04,Ads,USA,8,36.0,1,3.0,2025-01-25 02:19:04,0,,,,0,1,1741745944000000000
5681,2025-03-24 13:26:04,Organic,USA,4,8.0,0,,,0,,,,0,1,1745155564000000000
5682,2025-01-27 12:25:36,Referral,India,4,8.0,0,,,0,,,,0,1,1739881536000000000
5683,2025-03-27 15:38:24,Ads,UK,7,21.0,1,3.0,2025-03-30 15:38:24,0,,,,0,0,
5684,2025-02-12 03:34:04,Organic,UK,8,24.0,1,1.0,2025-02-13 03:34:04,0,,,,0,0,
5685,2025-02-14 11:32:19,Referral,India,12,48.0,0,,,0,,,,0,1,1744371139000000000
5686,2025-02-05 19:18:30,Referral,India,1,3.0,1,1.0,2025-02-06 19:18:30,1,8.0,2025-02-13 19:18:30,Basic,50,0,
5687,2025-02-27 02:06:40,Organic,Germany,2,6.0,1,3.0,2025-03-02 02:06:40,1,9.0,2025-03-08 02:06:40,Basic,50,1,1743732400000000000
5688,2025-02-18 10:33:44,Organic,USA,6,36.0,1,2.0,2025-02-20 10:33:44,0,,,,0,0,
5689,2025-02-21 11:23:15,Referral,India,6,18.0,1,1.0,2025-02-22 11:23:15,0,,,,0,1,1744975395000000000
5690,2025-01-10 20:40:50,Organic,India,9,27.0,1,2.0,2025-01-12 20:40:50,0,,,,0,0,
5691,2025-01-28 07:53:36,Referral,USA,3,12.0,0,,,0,,,,0,1,1739778816000000000
5692,2025-03-28 04:22:33,Referral,India,5,10.0,0,,,0,,,,0,0,
5693,2025-01-30 17:13:07,Organic,India,3,18.0,1,2.0,2025-02-01 17:13:07,0,,,,0,1,1741453987000000000
5694,2025-02-25 12:04:24,Referral,UK,2,12.0,1,1.0,2025-02-26 12:04:24,0,,,,0,1,1745064264000000000
5695,2025-01-04 01:23:57,Organic,UK,5,22.5,1,3.0,2025-01-07 01:23:57,0,,,,0,1,1740619437000000000
5696,2025-02-21 17:29:13,Ads,India,9,54.0,1,3.0,2025-02-24 17:29:13,0,,,,0,1,1744133353000000000
5697,2025-02-26 00:32:31,Organic,India,6,36.0,1,2.0,2025-02-28 00:32:31,0,,,,0,0,
5698,2025-01-30 02:31:59,Referral,USA,5,15.0,1,1.0,2025-01-31 02:31:59,0,,,,0,0,
5699,2025-03-30 08:19:17,Ads,India,5,30.0,1,2.0,2025-04-01 08:19:17,0,,,,0,1,1745309957000000000
5700,2025-01-23 02:15:11,Ads,India,3,13.5,1,3.0,2025-01-26 02:15:11,0,,,,0,1,1739326511000000000
5701,2025-02-16 07:56:21,Referral,India,0,0.0,1,2.0,2025-02-18 07:56:21,0,,,,0,0,
5702,2025-01-17 10:25:20,Ads,India,3,18.0,1,3.0,2025-01-20 10:25:20,1,11.0,2025-01-28 10:25:20,Basic,50,0,
5703,2025-01-26 05:24:01,Organic,India,4,24.0,1,2.0,2025-01-28 05:24:01,0,,,,0,1,1742275441000000000
5704,2025-02-01 16:32:26,Referral,Germany,11,44.0,0,,,0,,,,0,0,
5705,2025-02-13 09:15:29,Ads,India,5,22.5,1,3.0,2025-02-16 09:15:29,1,11.0,2025-02-24 09:15:29,Basic,50,1,1744276529000000000
5706,2025-02-11 04:33:38,Referral,India,9,27.0,1,3.0,2025-02-14 04:33:38,1,5.0,2025-02-16 04:33:38,Pro,120,1,1741667618000000000
5707,2025-03-10 20:32:51,Referral,India,4,12.0,1,1.0,2025-03-11 20:32:51,0,,,,0,1,1743107571000000000
5708,2025-01-17 18:37:46,Organic,USA,9,27.0,1,2.0,2025-01-19 18:37:46,0,,,,0,0,
5709,2025-01-16 18:07:16,Organic,Canada,7,42.0,1,3.0,2025-01-19 18:07:16,0,,,,0,1,1740593236000000000
5710,2025-01-25 04:01:02,Organic,USA,6,27.0,1,2.0,2025-01-27 04:01:02,0,,,,0,1,1741579262000000000
5711,2025-01-28 06:37:12,Ads,Canada,2,12.0,1,1.0,2025-01-29 06:37:12,0,,,,0,1,1742279832000000000
5712,2025-01-22 05:41:47,Organic,India,6,36.0,1,2.0,2025-01-24 05:41:47,0,,,,0,1,1738906907000000000
5713,2025-02-14 16:42:54,Ads,Canada,5,15.0,1,2.0,2025-02-16 16:42:54,0,,,,0,1,1740933774000000000
5714,2025-02-12 01:23:15,Organic,India,2,6.0,0,,,0,,,,0,0,
5715,2025-02-10 05:51:24,Organic,India,3,9.0,1,2.0,2025-02-12 05:51:24,0,,,,0,1,1741067484000000000
5716,2025-02-20 02:10:02,Organic,India,6,27.0,1,1.0,2025-02-21 02:10:02,0,,,,0,0,
5717,2025-02-09 08:22:32,Organic,India,6,36.0,1,2.0,2025-02-11 08:22:32,1,9.0,2025-02-18 08:22:32,Pro,120,0,
5718,2025-02-13 23:49:46,Ads,USA,5,30.0,1,1.0,2025-02-14 23:49:46,0,,,,0,0,
5719,2025-03-03 17:21:29,Organic,USA,7,21.0,1,1.0,2025-03-04 17:21:29,1,5.0,2025-03-08 17:21:29,Basic,50,0,
5720,2025-01-09 09:04:18,Organic,UK,10,45.0,1,2.0,2025-01-11 09:04:18,1,8.0,2025-01-17 09:04:18,Basic,50,0,
5721,2025-03-19 17:10:15,Organic,India,4,12.0,0,,,0,,,,0,0,
5722,2025-02-02 15:01:47,Ads,USA,1,3.0,0,,,0,,,,0,1,1743087707000000000
5723,2025-01-01 12:26:56,Referral,India,3,18.0,1,3.0,2025-01-04 12:26:56,1,12.0,2025-01-13 12:26:56,Pro,120,0,
5724,2025-01-01 01:08:58,Organic,USA,4,12.0,1,2.0,2025-01-03 01:08:58,1,11.0,2025-01-12 01:08:58,Pro,120,0,
5725,2025-02-18 04:39:20,Ads,India,4,12.0,1,3.0,2025-02-21 04:39:20,0,,,,0,1,1743309560000000000
5726,2025-02-07 11:08:24,Organic,India,4,24.0,1,1.0,2025-02-08 11:08:24,0,,,,0,1,1743505704000000000
5727,2025-03-30 20:48:41,Organic,USA,7,21.0,1,3.0,2025-04-02 20:48:41,0,,,,0,1,1748465321000000000
5728,2025-03-23 23:11:45,Ads,Canada,4,24.0,1,1.0,2025-03-24 23:11:45,0,,,,0,1,1746832305000000000
5729,2025-02-27 18:26:27,Organic,UK,2,9.0,1,2.0,2025-03-01 18:26:27,0,,,,0,1,1744309587000000000
5730,2025-02-14 17:20:44,Ads,India,9,40.5,1,2.0,2025-02-16 17:20:44,0,,,,0,1,1743355244000000000
5731,2025-03-18 22:31:03,Organic,India,14,84.0,1,2.0,2025-03-20 22:31:03,0,,,,0,0,
5732,2025-03-24 00:56:06,Referral,India,6,27.0,1,3.0,2025-03-27 00:56:06,1,7.0,2025-03-31 00:56:06,Pro,120,0,
5733,2025-01-03 13:32:32,Organic,USA,9,54.0,1,3.0,2025-01-06 13:32:32,0,,,,0,0,
5734,2025-01-01 12:09:24,Ads,USA,4,18.0,1,1.0,2025-01-02 12:09:24,1,5.0,2025-01-06 12:09:24,Basic,50,1,1739880564000000000
5735,2025-01-26 16:43:02,Referral,India,7,14.0,0,,,0,,,,0,1,1739637782000000000
5736,2025-03-01 04:15:42,Organic,India,10,60.0,1,1.0,2025-03-02 04:15:42,1,14.0,2025-03-15 04:15:42,Basic,50,0,
5737,2025-01-22 23:12:31,Organic,USA,5,10.0,0,,,0,,,,0,0,
5738,2025-03-09 20:33:55,Organic,India,3,18.0,1,3.0,2025-03-12 20:33:55,0,,,,0,0,
5739,2025-01-04 15:54:22,Ads,India,7,14.0,0,,,1,12.0,2025-01-16 15:54:22,Basic,50,0,
5740,2025-01-11 07:10:55,Organic,USA,3,12.0,0,,,0,,,,0,1,1739344255000000000
5741,2025-01-17 08:58:38,Organic,India,2,4.0,0,,,0,,,,0,1,1739782718000000000
5742,2025-01-25 23:14:40,Ads,Canada,4,16.0,0,,,0,,,,0,0,
5743,2025-03-17 08:29:44,Organic,UK,5,22.5,1,1.0,2025-03-18 08:29:44,0,,,,0,1,1744792184000000000
5744,2025-01-10 08:31:41,Ads,India,5,30.0,1,2.0,2025-01-12 08:31:41,0,,,,0,1,1738312301000000000
5745,2025-03-05 09:13:40,Organic,India,3,12.0,0,,,1,6.0,2025-03-11 09:13:40,Basic,50,0,
5746,2025-02-18 09:11:06,Organic,India,11,66.0,1,2.0,2025-02-20 09:11:06,0,,,,0,0,
5747,2025-03-14 21:01:35,Ads,USA,2,6.0,0,,,1,13.0,2025-03-27 21:01:35,Pro,120,0,
5748,2025-02-20 07:24:17,Ads,Germany,8,16.0,0,,,0,,,,0,1,1742887457000000000
5749,2025-01-02 07:22:15,Organic,India,5,22.5,1,2.0,2025-01-04 07:22:15,1,6.0,2025-01-08 07:22:15,Pro,120,1,1739172135000000000
5750,2025-03-08 20:53:30,Organic,Canada,4,12.0,0,,,0,,,,0,0,
5751,2025-02-16 21:31:29,Organic,USA,7,14.0,0,,,0,,,,0,1,1744493489000000000
5752,2025-01-16 11:45:06,Organic,Canada,6,36.0,1,1.0,2025-01-17 11:45:06,0,,,,0,0,
5753,2025-01-25 21:16:45,Organic,UK,4,24.0,1,1.0,2025-01-26 21:16:45,1,8.0,2025-02-02 21:16:45,Basic,50,0,
5754,2025-03-04 18:47:21,Organic,UK,4,12.0,1,1.0,2025-03-05 18:47:21,0,,,,0,1,1745088441000000000
5755,2025-03-11 05:29:04,Ads,USA,6,27.0,1,2.0,2025-03-13 05:29:04,0,,,,0,0,
5756,2025-02-19 13:04:10,Ads,Canada,3,6.0,0,,,0,,,,0,1,1743080650000000000
5757,2025-02-22 08:32:15,Organic,India,9,36.0,0,,,0,,,,0,1,1741854735000000000
5758,2025-02-23 05:49:05,Organic,Germany,6,12.0,0,,,0,,,,0,0,
5759,2025-02-25 00:16:29,Organic,USA,7,21.0,1,2.0,2025-02-27 00:16:29,0,,,,0,1,1744589789000000000
5760,2025-01-16 20:23:11,Ads,USA,2,8.0,0,,,1,7.0,2025-01-23 20:23:11,Pro,120,1,1741810991000000000
5761,2025-02-19 21:21:58,Referral,Germany,7,31.5,1,3.0,2025-02-22 21:21:58,0,,,,0,1,1742505718000000000
5762,2025-01-30 21:15:53,Ads,Canada,7,21.0,1,1.0,2025-01-31 21:15:53,0,,,,0,0,
5763,2025-01-10 21:02:09,Ads,UK,3,18.0,1,2.0,2025-01-12 21:02:09,0,,,,0,1,1740517329000000000
5764,2025-01-21 00:34:45,Referral,India,5,30.0,1,3.0,2025-01-24 00:34:45,0,,,,0,1,1740789285000000000
5765,2025-01-24 10:48:30,Organic,Germany,8,36.0,1,1.0,2025-01-25 10:48:30,1,13.0,2025-02-06 10:48:30,Basic,50,0,
5766,2025-02-05 16:49:22,Organic,UK,2,8.0,0,,,0,,,,0,1,1741798162000000000
5767,2025-03-07 07:02:59,Ads,USA,3,13.5,1,2.0,2025-03-09 07:02:59,1,12.0,2025-03-19 07:02:59,Basic,50,0,
5768,2025-02-23 04:25:30,Organic,Germany,3,18.0,1,2.0,2025-02-25 04:25:30,0,,,,0,0,
5769,2025-01-06 01:15:42,Ads,India,4,8.0,0,,,0,,,,0,1,1739927742000000000
5770,2025-03-05 21:19:08,Ads,India,4,12.0,1,2.0,2025-03-07 21:19:08,0,,,,0,1,1743628748000000000
5771,2025-03-22 04:41:27,Ads,USA,4,12.0,1,3.0,2025-03-25 04:41:27,0,,,,0,1,1746420087000000000
5772,2025-02-22 20:31:41,Organic,India,7,42.0,1,1.0,2025-02-23 20:31:41,0,,,,0,1,1743453101000000000
5773,2025-02-17 21:49:54,Ads,UK,3,9.0,1,2.0,2025-02-19 21:49:54,1,10.0,2025-02-27 21:49:54,Basic,50,1,1741384194000000000
5774,2025-03-19 00:18:17,Ads,India,6,18.0,0,,,0,,,,0,0,
5775,2025-02-04 11:57:52,Referral,India,7,21.0,1,3.0,2025-02-07 11:57:52,0,,,,0,0,
5776,2025-03-11 19:05:26,Ads,USA,4,12.0,1,2.0,2025-03-13 19:05:26,0,,,,0,0,
5777,2025-03-21 00:04:07,Referral,USA,4,16.0,0,,,1,5.0,2025-03-26 00:04:07,Basic,50,0,
5778,2025-03-08 04:30:18,Organic,India,4,18.0,1,2.0,2025-03-10 04:30:18,0,,,,0,1,1743309018000000000
5779,2025-01-24 20:48:07,Organic,India,4,18.0,1,2.0,2025-01-26 20:48:07,1,11.0,2025-02-04 20:48:07,Basic,50,1,1739306887000000000
5780,2025-01-05 22:31:14,Organic,USA,5,15.0,1,1.0,2025-01-06 22:31:14,1,8.0,2025-01-13 22:31:14,Basic,50,0,
5781,2025-03-02 05:06:53,Organic,UK,6,27.0,1,3.0,2025-03-05 05:06:53,0,,,,0,1,1744866413000000000
5782,2025-01-01 22:53:29,Referral,Canada,6,18.0,1,2.0,2025-01-03 22:53:29,0,,,,0,1,1740524009000000000
5783,2025-03-27 05:21:20,Referral,India,7,21.0,0,,,0,,,,0,1,1745299280000000000
5784,2025-02-11 23:48:24,Organic,USA,5,30.0,1,2.0,2025-02-13 23:48:24,1,7.0,2025-02-18 23:48:24,Basic,50,0,
5785,2025-02-26 15:13:00,Organic,India,5,15.0,1,2.0,2025-02-28 15:13:00,1,13.0,2025-03-11 15:13:00,Pro,120,1,1742224380000000000
5786,2025-01-24 02:12:21,Organic,India,0,0.0,1,3.0,2025-01-27 02:12:21,0,,,,0,1,1741227141000000000
5787,2025-02-14 06:34:18,Referral,Germany,2,9.0,1,3.0,2025-02-17 06:34:18,1,8.0,2025-02-22 06:34:18,Basic,50,0,
5788,2025-03-02 18:35:04,Organic,India,6,18.0,1,1.0,2025-03-03 18:35:04,0,,,,0,1,1743100504000000000
5789,2025-03-20 07:41:26,Organic,India,6,36.0,1,3.0,2025-03-23 07:41:26,0,,,,0,0,
5790,2025-03-05 09:35:44,Organic,India,8,16.0,0,,,0,,,,0,0,
5791,2025-03-04 16:55:55,Organic,Germany,7,42.0,1,3.0,2025-03-07 16:55:55,0,,,,0,1,1742921755000000000
5792,2025-03-01 09:18:24,Referral,USA,4,12.0,1,1.0,2025-03-02 09:18:24,1,12.0,2025-03-13 09:18:24,Basic,50,0,
5793,2025-02-10 12:08:21,Organic,USA,4,18.0,1,2.0,2025-02-12 12:08:21,0,,,,0,0,
5794,2025-01-23 07:28:36,Organic,USA,4,24.0,1,3.0,2025-01-26 07:28:36,0,,,,0,0,
5795,2025-01-23 05:47:52,Organic,India,3,13.5,1,1.0,2025-01-24 05:47:52,1,9.0,2025-02-01 05:47:52,Basic,50,0,
5796,2025-01-14 19:15:03,Organic,Canada,7,21.0,1,3.0,2025-01-17 19:15:03,0,,,,0,0,
5797,2025-01-14 02:55:54,Ads,India,2,4.0,0,,,0,,,,0,1,1741229754000000000
5798,2025-03-02 16:01:24,Organic,UK,1,3.0,1,1.0,2025-03-03 16:01:24,0,,,,0,1,1742400084000000000
5799,2025-02-28 19:37:37,Organic,USA,5,15.0,0,,,0,,,,0,1,1743881857000000000
5800,2025-03-08 15:50:20,Referral,India,4,18.0,1,2.0,2025-03-10 15:50:20,0,,,,0,1,1744213820000000000
5801,2025-02-03 14:33:29,Organic,India,7,14.0,0,,,0,,,,0,1,1740580409000000000
5802,2025-01-17 17:44:10,Ads,UK,4,12.0,1,2.0,2025-01-19 17:44:10,0,,,,0,1,1740851050000000000
5803,2025-03-03 10:01:30,Organic,India,7,28.0,0,,,0,,,,0,1,1745056890000000000
5804,2025-01-20 00:35:07,Organic,India,8,24.0,1,2.0,2025-01-22 00:35:07,0,,,,0,1,1742430907000000000
5805,2025-03-22 03:03:01,Ads,India,5,30.0,1,2.0,2025-03-24 03:03:01,0,,,,0,1,1744426981000000000
5806,2025-03-10 20:14:31,Referral,UK,3,9.0,0,,,0,,,,0,0,
5807,2025-02-26 15:11:31,Ads,Canada,5,15.0,1,2.0,2025-02-28 15:11:31,0,,,,0,1,1742224291000000000
5808,2025-02-13 23:38:35,Organic,Canada,4,12.0,0,,,0,,,,0,0,
5809,2025-02-06 11:23:16,Organic,USA,5,15.0,1,2.0,2025-02-08 11:23:16,0,,,,0,1,1740914596000000000
5810,2025-02-08 23:37:50,Organic,USA,8,48.0,1,3.0,2025-02-11 23:37:50,1,12.0,2025-02-20 23:37:50,Pro,120,0,
5811,2025-03-16 21:08:43,Ads,India,6,36.0,1,3.0,2025-03-19 21:08:43,0,,,,0,1,1743455323000000000
5812,2025-03-12 15:09:05,Ads,India,2,6.0,1,3.0,2025-03-15 15:09:05,1,6.0,2025-03-18 15:09:05,Basic,50,1,1746457745000000000
5813,2025-01-27 01:44:01,Organic,Canada,11,66.0,1,2.0,2025-01-29 01:44:01,1,14.0,2025-02-10 01:44:01,Basic,50,1,1740620641000000000
5814,2025-01-04 23:35:26,Ads,UK,4,8.0,0,,,1,6.0,2025-01-10 23:35:26,Pro,120,1,1738452926000000000
5815,2025-03-09 23:28:21,Ads,UK,6,18.0,0,,,0,,,,0,0,
5816,2025-01-28 20:11:54,Organic,USA,2,6.0,0,,,0,,,,0,0,
5817,2025-03-01 02:43:05,Ads,Canada,8,32.0,0,,,0,,,,0,1,1745203385000000000
5818,2025-01-22 07:46:00,Organic,Germany,9,40.5,1,2.0,2025-01-24 07:46:00,0,,,,0,1,1740555960000000000
5819,2025-01-14 03:56:51,Organic,India,2,12.0,1,2.0,2025-01-16 03:56:51,0,,,,0,0,
5820,2025-01-20 07:59:17,Referral,India,8,24.0,1,1.0,2025-01-21 07:59:17,1,8.0,2025-01-28 07:59:17,Pro,120,0,
5821,2025-02-03 17:01:51,Organic,USA,5,30.0,1,3.0,2025-02-06 17:01:51,0,,,,0,1,1740848511000000000
5822,2025-03-10 17:48:54,Organic,India,5,30.0,1,1.0,2025-03-11 17:48:54,1,14.0,2025-03-24 17:48:54,Pro,120,0,
5823,2025-03-15 23:56:44,Ads,Canada,4,8.0,0,,,0,,,,0,1,1743465404000000000
5824,2025-02-08 13:15:22,Referral,India,3,13.5,1,1.0,2025-02-09 13:15:22,0,,,,0,0,
5825,2025-02-12 19:38:29,Referral,USA,4,12.0,0,,,0,,,,0,1,1743363509000000000
5826,2025-02-18 02:17:59,Ads,USA,3,13.5,1,2.0,2025-02-20 02:17:59,1,10.0,2025-02-28 02:17:59,Basic,50,0,
5827,2025-03-08 02:00:35,Organic,USA,7,42.0,1,1.0,2025-03-09 02:00:35,0,,,,0,1,1745287235000000000
5828,2025-02-21 22:42:35,Referral,India,7,21.0,1,3.0,2025-02-24 22:42:35,1,13.0,2025-03-06 22:42:35,Basic,50,1,1743892955000000000
5829,2025-03-28 13:20:00,Ads,Germany,6,27.0,1,3.0,2025-03-31 13:20:00,0,,,,0,1,1745587200000000000
5830,2025-02-08 05:16:38,Organic,India,5,20.0,0,,,0,,,,0,1,1742274998000000000
5831,2025-01-04 10:46:26,Referral,UK,7,42.0,1,2.0,2025-01-06 10:46:26,1,6.0,2025-01-10 10:46:26,Basic,50,1,1739961986000000000
5832,2025-03-14 23:18:37,Organic,UK,7,42.0,1,2.0,2025-03-16 23:18:37,0,,,,0,1,1744327117000000000
5833,2025-03-27 20:12:21,Organic,India,5,15.0,1,1.0,2025-03-28 20:12:21,0,,,,0,1,1745871141000000000
5834,2025-02-13 14:06:41,Referral,Germany,3,9.0,1,3.0,2025-02-16 14:06:41,0,,,,0,1,1742566001000000000
5835,2025-01-29 12:58:32,Ads,USA,5,20.0,0,,,0,,,,0,1,1740315512000000000
5836,2025-01-24 09:53:04,Organic,USA,5,22.5,1,2.0,2025-01-26 09:53:04,0,,,,0,1,1741600384000000000
5837,2025-01-10 21:06:45,Organic,USA,5,30.0,1,3.0,2025-01-13 21:06:45,0,,,,0,1,1739826405000000000
5838,2025-03-06 02:00:05,Ads,USA,7,21.0,0,,,0,,,,0,1,1742868005000000000
5839,2025-01-28 11:09:08,Organic,India,7,42.0,1,1.0,2025-01-29 11:09:08,1,13.0,2025-02-10 11:09:08,Basic,50,0,
5840,2025-01-16 05:30:23,Organic,UK,6,18.0,1,2.0,2025-01-18 05:30:23,0,,,,0,0,
5841,2025-02-09 17:42:52,Ads,USA,7,21.0,0,,,0,,,,0,0,
5842,2025-01-09 22:04:52,Referral,India,6,12.0,0,,,0,,,,0,0,
5843,2025-03-09 21:51:44,Ads,UK,6,18.0,1,1.0,2025-03-10 21:51:44,0,,,,0,1,1743630704000000000
5844,2025-01-05 23:05:45,Ads,UK,4,8.0,0,,,0,,,,0,0,
5845,2025-02-25 22:14:51,Ads,USA,2,4.0,0,,,1,5.0,2025-03-02 22:14:51,Pro,120,1,1742854491000000000
5846,2025-01-08 19:10:12,Ads,India,5,22.5,1,3.0,2025-01-11 19:10:12,0,,,,0,1,1737832212000000000
5847,2025-02-03 22:42:57,Organic,India,4,8.0,0,,,0,,,,0,0,
5848,2025-02-11 07:41:58,Referral,India,9,40.5,1,1.0,2025-02-12 07:41:58,0,,,,0,0,
5849,2025-03-22 19:30:52,Organic,USA,8,48.0,1,1.0,2025-03-23 19:30:52,0,,,,0,1,1746127852000000000
5850,2025-01-16 17:15:26,Organic,Germany,9,36.0,0,,,0,,,,0,0,
5851,2025-03-18 13:57:39,Organic,India,4,24.0,1,1.0,2025-03-19 13:57:39,0,,,,0,0,
5852,2025-02-14 04:17:22,Ads,India,7,42.0,1,2.0,2025-02-16 04:17:22,1,5.0,2025-02-19 04:17:22,Basic,50,0,
5853,2025-02-22 12:52:50,Organic,UK,3,12.0,0,,,0,,,,0,1,1743252770000000000
5854,2025-02-27 12:23:31,Organic,India,4,8.0,0,,,0,,,,0,1,1745756611000000000
5855,2025-01-07 05:04:04,Ads,India,4,16.0,0,,,0,,,,0,0,
5856,2025-01-08 13:13:36,Referral,USA,5,10.0,0,,,0,,,,0,1,1739279616000000000
5857,2025-03-02 07:18:27,Ads,UK,7,21.0,1,1.0,2025-03-03 07:18:27,0,,,,0,1,1744183107000000000
5858,2025-02-06 10:25:15,Organic,UK,5,22.5,1,2.0,2025-02-08 10:25:15,0,,,,0,0,
5859,2025-03-08 07:16:07,Organic,UK,7,21.0,1,1.0,2025-03-09 07:16:07,0,,,,0,1,1743405367000000000
5860,2025-02-02 02:28:57,Ads,India,6,27.0,1,2.0,2025-02-04 02:28:57,0,,,,0,1,1742783337000000000
5861,2025-01-20 18:19:02,Organic,Canada,3,9.0,1,1.0,2025-01-21 18:19:02,0,,,,0,1,1742494742000000000
5862,2025-02-18 12:24:56,Ads,India,5,20.0,0,,,0,,,,0,1,1743510296000000000
5863,2025-03-12 10:48:52,Organic,India,4,12.0,1,3.0,2025-03-15 10:48:52,0,,,,0,1,1744886932000000000
5864,2025-01-18 01:37:00,Referral,India,7,21.0,1,3.0,2025-01-21 01:37:00,0,,,,0,1,1741052220000000000
5865,2025-01-14 14:20:46,Organic,India,7,21.0,1,1.0,2025-01-15 14:20:46,1,10.0,2025-01-24 14:20:46,Basic,50,0,
5866,2025-01-24 01:29:29,Organic,India,4,12.0,1,2.0,2025-01-26 01:29:29,0,,,,0,1,1740619769000000000
5867,2025-01-22 09:43:15,Referral,USA,7,28.0,0,,,0,,,,0,1,1740562995000000000
5868,2025-03-18 15:44:23,Organic,USA,2,9.0,1,1.0,2025-03-19 15:44:23,0,,,,0,0,
5869,2025-01-12 10:48:56,Organic,India,11,49.5,1,3.0,2025-01-15 10:48:56,0,,,,0,0,
5870,2025-02-27 10:13:10,Referral,UK,5,30.0,1,1.0,2025-02-28 10:13:10,0,,,,0,1,1745057590000000000
5871,2025-03-02 11:10:37,Organic,UK,3,13.5,1,3.0,2025-03-05 11:10:37,0,,,,0,1,1745320237000000000
5872,2025-03-25 11:12:31,Organic,India,2,8.0,0,,,0,,,,0,1,1744974751000000000
5873,2025-02-06 07:41:42,Organic,India,4,18.0,1,3.0,2025-02-09 07:41:42,0,,,,0,1,1742197302000000000
5874,2025-03-23 16:20:47,Organic,India,3,9.0,1,2.0,2025-03-25 16:20:47,0,,,,0,1,1744820447000000000
5875,2025-03-01 17:25:24,Organic,India,10,30.0,1,3.0,2025-03-04 17:25:24,0,,,,0,1,1742145924000000000
5876,2025-01-29 08:49:39,Ads,UK,4,16.0,0,,,0,,,,0,1,1740386979000000000
5877,2025-03-09 11:13:49,Ads,India,6,18.0,1,1.0,2025-03-10 11:13:49,0,,,,0,1,1746357229000000000
5878,2025-02-15 04:51:53,Organic,India,3,9.0,1,1.0,2025-02-16 04:51:53,0,,,,0,0,
5879,2025-01-24 12:40:16,Organic,India,5,20.0,0,,,0,,,,0,0,
5880,2025-03-27 21:28:09,Referral,Canada,3,18.0,1,2.0,2025-03-29 21:28:09,1,5.0,2025-04-01 21:28:09,Pro,120,0,
5881,2025-01-01 17:09:13,Referral,India,3,12.0,0,,,0,,,,0,1,1739725753000000000
5882,2025-03-24 21:37:42,Organic,UK,10,30.0,1,2.0,2025-03-26 21:37:42,1,9.0,2025-04-02 21:37:42,Basic,50,0,
5883,2025-03-07 08:39:43,Referral,India,2,12.0,1,2.0,2025-03-09 08:39:43,0,,,,0,1,1744274383000000000
5884,2025-03-07 14:08:32,Ads,UK,3,12.0,0,,,0,,,,0,0,
5885,2025-01-13 09:46:24,Organic,Germany,7,31.5,1,3.0,2025-01-16 09:46:24,0,,,,0,1,1738575984000000000
5886,2025-02-19 23:33:40,Organic,USA,5,15.0,1,3.0,2025-02-22 23:33:40,0,,,,0,1,1744673620000000000
5887,2025-03-02 09:11:24,Organic,Canada,6,36.0,1,2.0,2025-03-04 09:11:24,1,10.0,2025-03-12 09:11:24,Pro,120,1,1744535484000000000
5888,2025-01-08 14:04:56,Referral,UK,5,22.5,1,3.0,2025-01-11 14:04:56,0,,,,0,0,
5889,2025-03-15 00:27:49,Ads,UK,2,4.0,0,,,1,9.0,2025-03-24 00:27:49,Basic,50,0,
5890,2025-02-01 15:44:50,Ads,UK,3,9.0,1,3.0,2025-02-04 15:44:50,0,,,,0,1,1741535090000000000
5891,2025-02-07 02:20:28,Organic,India,4,16.0,0,,,0,,,,0,0,
5892,2025-02-28 15:00:50,Ads,USA,10,45.0,1,1.0,2025-03-01 15:00:50,1,8.0,2025-03-08 15:00:50,Basic,50,0,
5893,2025-03-03 08:00:38,Ads,Germany,6,18.0,1,1.0,2025-03-04 08:00:38,0,,,,0,0,
5894,2025-01-26 00:55:49,Referral,India,9,27.0,0,,,0,,,,0,1,1741827349000000000
5895,2025-01-06 17:13:12,Organic,Germany,3,13.5,1,1.0,2025-01-07 17:13:12,1,13.0,2025-01-19 17:13:12,Pro,120,0,
5896,2025-03-11 08:10:29,Ads,USA,10,40.0,0,,,0,,,,0,1,1745741429000000000
5897,2025-03-17 09:42:28,Organic,USA,6,36.0,1,1.0,2025-03-18 09:42:28,0,,,,0,1,1743586948000000000
5898,2025-02-27 15:22:17,Ads,UK,5,15.0,1,1.0,2025-02-28 15:22:17,0,,,,0,0,
5899,2025-03-19 17:58:46,Ads,Canada,4,18.0,1,1.0,2025-03-20 17:58:46,0,,,,0,1,1744307926000000000
5900,2025-01-01 21:10:40,Organic,India,5,15.0,1,1.0,2025-01-02 21:10:40,0,,,,0,0,
5901,2025-02-21 06:31:39,Ads,India,1,2.0,0,,,0,,,,0,1,1741933899000000000
5902,2025-03-08 17:33:10,Organic,UK,3,9.0,1,3.0,2025-03-11 17:33:10,0,,,,0,1,1744133590000000000
5903,2025-02-15 00:52:31,Referral,Germany,5,15.0,1,2.0,2025-02-17 00:52:31,0,,,,0,1,1743036751000000000
5904,2025-01-16 08:37:22,Organic,USA,5,30.0,1,1.0,2025-01-17 08:37:22,1,12.0,2025-01-28 08:37:22,Pro,120,0,
5905,2025-01-23 13:07:41,Ads,India,4,12.0,1,2.0,2025-01-25 13:07:41,0,,,,0,1,1740056861000000000
5906,2025-03-27 00:50:00,Referral,India,8,36.0,1,3.0,2025-03-30 00:50:00,0,,,,0,0,
5907,2025-03-18 04:05:18,Organic,Germany,6,36.0,1,3.0,2025-03-21 04:05:18,1,13.0,2025-03-31 04:05:18,Basic,50,0,
5908,2025-02-28 05:57:41,Ads,India,6,36.0,1,1.0,2025-03-01 05:57:41,0,,,,0,0,
5909,2025-02-20 18:07:04,Organic,USA,10,30.0,1,1.0,2025-02-21 18:07:04,1,8.0,2025-02-28 18:07:04,Basic,50,0,
5910,2025-01-11 09:32:12,Organic,India,5,20.0,0,,,0,,,,0,0,
5911,2025-01-11 04:24:14,Ads,India,5,22.5,1,3.0,2025-01-14 04:24:14,0,,,,0,1,1738038254000000000
5912,2025-03-30 00:11:16,Ads,India,4,12.0,1,1.0,2025-03-31 00:11:16,0,,,,0,1,1745280676000000000
5913,2025-02-16 14:19:02,Referral,India,1,4.5,1,2.0,2025-02-18 14:19:02,1,9.0,2025-02-25 14:19:02,Basic,50,0,
5914,2025-03-17 12:05:32,Referral,UK,6,27.0,1,2.0,2025-03-19 12:05:32,0,,,,0,1,1747051532000000000
5915,2025-03-02 22:47:59,Ads,India,7,42.0,1,3.0,2025-03-05 22:47:59,0,,,,0,0,
5916,2025-01-30 08:09:17,Ads,India,5,22.5,1,3.0,2025-02-02 08:09:17,0,,,,0,1,1740384557000000000
5917,2025-01-02 21:19:47,Referral,USA,9,54.0,1,2.0,2025-01-04 21:19:47,1,14.0,2025-01-16 21:19:47,Basic,50,1,1740172787000000000
5918,2025-02-23 19:30:54,Organic,Germany,14,84.0,1,3.0,2025-02-26 19:30:54,0,,,,0,0,
5919,2025-02-24 10:37:35,Organic,UK,6,36.0,1,1.0,2025-02-25 10:37:35,0,,,,0,1,1743503855000000000
5920,2025-01-19 02:01:58,Organic,India,3,6.0,0,,,0,,,,0,1,1740708118000000000
5921,2025-03-02 17:53:20,Referral,India,5,30.0,1,3.0,2025-03-05 17:53:20,0,,,,0,1,1745603600000000000
5922,2025-01-20 11:24:38,Ads,USA,6,27.0,1,1.0,2025-01-21 11:24:38,0,,,,0,0,
5923,2025-01-02 22:32:07,Ads,Canada,10,60.0,1,3.0,2025-01-05 22:32:07,1,11.0,2025-01-13 22:32:07,Pro,120,0,
5924,2025-03-23 17:41:40,Organic,India,2,12.0,1,1.0,2025-03-24 17:41:40,0,,,,0,1,1747071700000000000
5925,2025-02-01 18:26:44,Referral,India,5,20.0,0,,,0,,,,0,0,
5926,2025-01-19 09:03:39,Organic,UK,7,31.5,1,2.0,2025-01-21 09:03:39,1,14.0,2025-02-02 09:03:39,Basic,50,0,
5927,2025-03-04 17:00:01,Ads,USA,5,30.0,1,1.0,2025-03-05 17:00:01,0,,,,0,1,1745427601000000000
5928,2025-03-01 23:28:21,Organic,USA,4,18.0,1,3.0,2025-03-04 23:28:21,0,,,,0,1,1743895701000000000
5929,2025-01-18 14:19:33,Organic,India,4,18.0,1,1.0,2025-01-19 14:19:33,0,,,,0,1,1738678773000000000
5930,2025-03-17 17:06:40,Ads,India,5,10.0,0,,,0,,,,0,0,
5931,2025-03-15 13:39:41,Referral,India,6,18.0,1,1.0,2025-03-16 13:39:41,0,,,,0,0,
5932,2025-03-19 02:13:36,Organic,India,7,21.0,1,2.0,2025-03-21 02:13:36,1,12.0,2025-03-31 02:13:36,Basic,50,1,1747275216000000000
5933,2025-01-07 21:09:17,Organic,Germany,3,13.5,1,2.0,2025-01-09 21:09:17,0,,,,0,0,
5934,2025-03-25 19:05:14,Organic,India,8,16.0,0,,,0,,,,0,1,1745694314000000000
5935,2025-01-12 11:02:01,Organic,USA,13,78.0,1,1.0,2025-01-13 11:02:01,0,,,,0,0,
5936,2025-02-09 22:08:50,Organic,USA,7,21.0,1,1.0,2025-02-10 22:08:50,1,5.0,2025-02-14 22:08:50,Basic,50,0,
5937,2025-03-06 17:54:21,Ads,India,3,6.0,0,,,0,,,,0,0,
5938,2025-01-20 23:10:49,Referral,Canada,5,15.0,1,1.0,2025-01-21 23:10:49,1,8.0,2025-01-28 23:10:49,Basic,50,0,
5939,2025-02-07 13:35:05,Organic,UK,3,9.0,1,2.0,2025-02-09 13:35:05,0,,,,0,0,
5940,2025-01-06 14:17:22,Ads,Germany,4,16.0,0,,,0,,,,0,1,1737728242000000000
5941,2025-03-24 10:17:07,Organic,India,8,48.0,1,1.0,2025-03-25 10:17:07,0,,,,0,1,1744107427000000000
5942,2025-03-03 00:30:25,Organic,India,7,31.5,1,3.0,2025-03-06 00:30:25,0,,,,0,0,
5943,2025-03-23 20:17:12,Organic,India,5,15.0,1,2.0,2025-03-25 20:17:12,0,,,,0,0,
5944,2025-02-17 13:32:25,Ads,India,4,18.0,1,2.0,2025-02-19 13:32:25,1,14.0,2025-03-03 13:32:25,Basic,50,0,
5945,2025-01-17 10:40:27,Organic,USA,5,30.0,1,2.0,2025-01-19 10:40:27,1,8.0,2025-01-25 10:40:27,Pro,120,0,
5946,2025-01-23 15:34:34,Organic,Canada,9,40.5,1,2.0,2025-01-25 15:34:34,1,11.0,2025-02-03 15:34:34,Pro,120,0,
5947,2025-03-02 05:36:13,Organic,India,0,0.0,1,1.0,2025-03-03 05:36:13,0,,,,0,1,1745818573000000000
5948,2025-02-15 12:10:14,Organic,Germany,6,36.0,1,2.0,2025-02-17 12:10:14,0,,,,0,0,
5949,2025-02-24 06:15:18,Organic,USA,5,22.5,1,2.0,2025-02-26 06:15:18,0,,,,0,1,1744438518000000000
5950,2025-03-18 15:39:26,Referral,USA,4,12.0,1,1.0,2025-03-19 15:39:26,0,,,,0,1,1744990766000000000
5951,2025-01-21 06:36:37,Ads,India,6,36.0,1,2.0,2025-01-23 06:36:37,0,,,,0,1,1741502197000000000
5952,2025-01-02 03:03:26,Referral,India,6,27.0,1,2.0,2025-01-04 03:03:26,0,,,,0,0,
5953,2025-03-30 13:24:34,Organic,Canada,6,27.0,1,2.0,2025-04-01 13:24:34,0,,,,0,1,1747833874000000000
5954,2025-03-25 23:36:21,Organic,India,3,18.0,1,1.0,2025-03-26 23:36:21,1,9.0,2025-04-03 23:36:21,Pro,120,0,
5955,2025-02-09 23:06:54,Organic,UK,2,6.0,1,3.0,2025-02-12 23:06:54,0,,,,0,1,1744153614000000000
5956,2025-03-08 18:57:01,Organic,USA,6,18.0,1,1.0,2025-03-09 18:57:01,0,,,,0,0,
5957,2025-02-13 16:00:27,Ads,Canada,4,12.0,1,2.0,2025-02-15 16:00:27,0,,,,0,1,1742486427000000000
5958,2025-03-21 12:31:19,Organic,UK,2,12.0,1,1.0,2025-03-22 12:31:19,0,,,,0,1,1746361879000000000
5959,2025-02-22 23:54:47,Organic,India,4,12.0,1,3.0,2025-02-25 23:54:47,0,,,,0,0,
5960,2025-01-12 19:43:56,Ads,USA,5,15.0,1,3.0,2025-01-15 19:43:56,0,,,,0,0,
5961,2025-02-03 11:18:32,Organic,India,7,14.0,0,,,0,,,,0,1,1742383112000000000
5962,2025-03-27 03:12:46,Referral,USA,4,12.0,1,2.0,2025-03-29 03:12:46,0,,,,0,0,
5963,2025-03-02 03:32:13,Organic,India,6,36.0,1,3.0,2025-03-05 03:32:13,0,,,,0,1,1743823933000000000
5964,2025-01-19 14:59:44,Ads,USA,4,24.0,1,1.0,2025-01-20 14:59:44,0,,,,0,1,1741532384000000000
5965,2025-03-03 20:17:06,Organic,India,2,9.0,1,2.0,2025-03-05 20:17:06,1,5.0,2025-03-08 20:17:06,Basic,50,0,
5966,2025-02-25 12:59:53,Referral,Germany,3,13.5,1,2.0,2025-02-27 12:59:53,0,,,,0,1,1743166793000000000
5967,2025-03-26 22:18:15,Organic,USA,2,8.0,0,,,1,13.0,2025-04-08 22:18:15,Pro,120,0,
5968,2025-02-18 10:17:18,Ads,Germany,4,8.0,0,,,0,,,,0,1,1744971438000000000
5969,2025-03-23 14:23:37,Organic,India,4,18.0,1,1.0,2025-03-24 14:23:37,1,14.0,2025-04-06 14:23:37,Basic,50,1,1744295017000000000
5970,2025-03-30 02:06:56,Ads,USA,5,22.5,1,3.0,2025-04-02 02:06:56,0,,,,0,1,1747274816000000000
5971,2025-01-27 22:47:56,Organic,India,5,15.0,1,2.0,2025-01-29 22:47:56,0,,,,0,1,1740264476000000000
5972,2025-01-06 14:31:13,Organic,USA,4,12.0,0,,,0,,,,0,1,1737729073000000000
5973,2025-03-10 14:44:49,Referral,Canada,4,12.0,1,2.0,2025-03-12 14:44:49,0,,,,0,1,1746456289000000000
5974,2025-03-29 15:47:24,Referral,Germany,5,10.0,0,,,0,,,,0,1,1748360844000000000
5975,2025-03-10 21:58:13,Organic,India,4,16.0,0,,,0,,,,0,1,1746741493000000000
5976,2025-03-01 04:28:48,Referral,Germany,3,12.0,0,,,0,,,,0,0,
5977,2025-01-28 19:33:53,Organic,UK,2,12.0,1,3.0,2025-01-31 19:33:53,0,,,,0,1,1741635233000000000
5978,2025-02-02 15:57:16,Referral,Germany,1,4.5,1,2.0,2025-02-04 15:57:16,1,7.0,2025-02-09 15:57:16,Basic,50,0,
5979,2025-03-04 08:09:19,Ads,USA,2,6.0,1,3.0,2025-03-07 08:09:19,0,,,,0,1,1745136559000000000
5980,2025-03-29 05:34:38,Organic,Germany,6,18.0,0,,,0,,,,0,0,
5981,2025-01-08 23:12:12,Referral,Canada,3,13.5,1,1.0,2025-01-09 23:12:12,0,,,,0,0,
5982,2025-03-07 08:34:55,Referral,India,4,16.0,0,,,0,,,,0,1,1745570095000000000
5983,2025-01-09 09:47:28,Organic,India,5,22.5,1,1.0,2025-01-10 09:47:28,0,,,,0,0,
5984,2025-03-19 16:53:08,Ads,India,7,42.0,1,2.0,2025-03-21 16:53:08,1,7.0,2025-03-26 16:53:08,Basic,50,1,1744044788000000000
5985,2025-01-01 19:34:23,Organic,USA,4,12.0,1,2.0,2025-01-03 19:34:23,0,,,,0,1,1738179263000000000
5986,2025-03-15 21:35:56,Referral,Canada,6,18.0,1,2.0,2025-03-17 21:35:56,0,,,,0,1,1743716156000000000
5987,2025-03-05 02:04:12,Ads,UK,4,18.0,1,3.0,2025-03-08 02:04:12,0,,,,0,0,
5988,2025-03-21 07:35:02,Organic,UK,4,24.0,1,1.0,2025-03-22 07:35:02,0,,,,0,1,1744356902000000000
5989,2025-01-14 02:46:23,Ads,India,8,24.0,0,,,0,,,,0,1,1741488383000000000
5990,2025-02-03 04:14:17,Ads,India,5,30.0,1,3.0,2025-02-06 04:14:17,1,11.0,2025-02-14 04:14:17,Pro,120,1,1743653657000000000
5991,2025-01-29 03:16:32,Ads,India,6,12.0,0,,,0,,,,0,1,1742526992000000000
5992,2025-02-28 08:37:26,Organic,UK,4,8.0,0,,,0,,,,0,1,1744706246000000000
5993,2025-02-19 22:26:20,Organic,India,5,22.5,1,1.0,2025-02-20 22:26:20,1,10.0,2025-03-01 22:26:20,Pro,120,1,1744842380000000000
5994,2025-03-03 08:39:32,Ads,India,3,6.0,0,,,0,,,,0,0,
5995,2025-02-26 03:03:53,Organic,USA,7,21.0,1,3.0,2025-03-01 03:03:53,0,,,,0,1,1742612633000000000
5996,2025-02-26 20:16:48,Organic,India,4,12.0,1,1.0,2025-02-27 20:16:48,0,,,,0,0,
5997,2025-02-27 19:55:46,Ads,India,3,13.5,1,3.0,2025-03-02 19:55:46,0,,,,0,1,1742759746000000000
5998,2025-03-01 05:22:14,Organic,India,5,22.5,1,3.0,2025-03-04 05:22:14,0,,,,0,1,1743571334000000000
5999,2025-03-16 16:22:17,Ads,Germany,5,30.0,1,2.0,2025-03-18 16:22:17,0,,,,0,1,1745079737000000000
6000,2025-01-14 10:18:14,Ads,India,5,10.0,0,,,0,,,,0,0,
6001,2025-03-06 18:25:56,Ads,Canada,2,12.0,1,3.0,2025-03-09 18:25:56,1,14.0,2025-03-20 18:25:56,Pro,120,0,
6002,2025-02-24 14:46:24,Organic,India,2,4.0,0,,,1,14.0,2025-03-10 14:46:24,Basic,50,0,
6003,2025-01-28 03:18:08,Organic,Canada,9,54.0,1,1.0,2025-01-29 03:18:08,0,,,,0,1,1740021488000000000
6004,2025-01-01 10:06:53,Organic,USA,5,15.0,1,1.0,2025-01-02 10:06:53,0,,,,0,1,1739268413000000000
6005,2025-03-28 14:52:00,Referral,Canada,6,27.0,1,2.0,2025-03-30 14:52:00,1,14.0,2025-04-11 14:52:00,Pro,120,0,
6006,2025-02-04 03:03:52,Organic,Canada,9,27.0,1,3.0,2025-02-07 03:03:52,0,,,,0,0,
6007,2025-03-10 04:11:38,Referral,USA,2,6.0,0,,,0,,,,0,1,1746072698000000000
6008,2025-03-21 11:24:44,Ads,Germany,3,13.5,1,1.0,2025-03-22 11:24:44,0,,,,0,1,1744889084000000000
6009,2025-01-07 12:47:10,Referral,USA,7,21.0,0,,,0,,,,0,0,
6010,2025-02-12 11:01:48,Organic,UK,4,12.0,1,2.0,2025-02-14 11:01:48,0,,,,0,1,1741863708000000000
6011,2025-03-15 05:45:24,Organic,USA,7,42.0,1,3.0,2025-03-18 05:45:24,0,,,,0,0,
6012,2025-03-01 12:28:26,Referral,Germany,5,30.0,1,3.0,2025-03-04 12:28:26,0,,,,0,1,1744115306000000000
6013,2025-02-26 06:05:19,Organic,Canada,5,22.5,1,3.0,2025-03-01 06:05:19,1,13.0,2025-03-11 06:05:19,Basic,50,0,
6014,2025-03-29 00:36:41,Organic,India,6,36.0,1,1.0,2025-03-30 00:36:41,1,9.0,2025-04-07 00:36:41,Basic,50,0,
6015,2025-03-07 13:56:11,Organic,USA,6,18.0,1,3.0,2025-03-10 13:56:11,0,,,,0,0,
6016,2025-02-05 00:00:15,Referral,Canada,6,36.0,1,1.0,2025-02-06 00:00:15,1,12.0,2025-02-17 00:00:15,Basic,50,1,1743638415000000000
6017,2025-01-11 14:18:00,Ads,UK,5,15.0,0,,,0,,,,0,1,1741097880000000000
6018,2025-02-12 03:25:41,Ads,Germany,4,12.0,1,1.0,2025-02-13 03:25:41,1,8.0,2025-02-20 03:25:41,Basic,50,0,
6019,2025-02-09 03:25:15,Ads,India,7,42.0,1,3.0,2025-02-12 03:25:15,1,7.0,2025-02-16 03:25:15,Basic,50,0,
6020,2025-01-01 11:40:56,Organic,India,7,42.0,1,3.0,2025-01-04 11:40:56,0,,,,0,1,1737891656000000000
6021,2025-01-25 20:56:23,Ads,USA,5,10.0,0,,,0,,,,0,1,1739739383000000000
6022,2025-02-04 01:26:15,Organic,India,11,66.0,1,1.0,2025-02-05 01:26:15,1,9.0,2025-02-13 01:26:15,Basic,50,0,
6023,2025-01-09 22:59:12,Referral,India,6,18.0,1,1.0,2025-01-10 22:59:12,0,,,,0,1,1738191552000000000
6024,2025-01-11 12:19:40,Organic,USA,5,15.0,0,,,0,,,,0,1,1739017180000000000
6025,2025-02-23 11:33:12,Organic,India,4,12.0,1,1.0,2025-02-24 11:33:12,0,,,,0,0,
6026,2025-02-25 20:45:09,Ads,India,5,20.0,0,,,0,,,,0,1,1741812309000000000
6027,2025-03-18 00:31:11,Organic,India,3,18.0,1,3.0,2025-03-21 00:31:11,1,6.0,2025-03-24 00:31:11,Basic,50,0,
6028,2025-01-16 11:36:08,Ads,UK,3,13.5,1,2.0,2025-01-18 11:36:08,1,5.0,2025-01-21 11:36:08,Basic,50,0,
6029,2025-02-05 18:35:30,Organic,India,2,12.0,1,3.0,2025-02-08 18:35:30,1,14.0,2025-02-19 18:35:30,Basic,50,0,
6030,2025-01-22 12:56:11,Organic,India,8,48.0,1,3.0,2025-01-25 12:56:11,0,,,,0,1,1740660971000000000
6031,2025-03-21 09:28:18,Organic,USA,5,30.0,1,3.0,2025-03-24 09:28:18,0,,,,0,1,1747214898000000000
6032,2025-01-18 12:35:01,Ads,India,6,36.0,1,1.0,2025-01-19 12:35:01,0,,,,0,1,1742128501000000000
6033,2025-01-27 23:19:04,Organic,Germany,2,12.0,1,2.0,2025-01-29 23:19:04,0,,,,0,0,
6034,2025-01-17 06:35:50,Ads,India,5,10.0,0,,,0,,,,0,1,1739860550000000000
6035,2025-01-07 01:50:05,Organic,Canada,6,27.0,1,2.0,2025-01-09 01:50:05,0,,,,0,1,1739497805000000000
6036,2025-02-09 13:52:28,Organic,USA,6,36.0,1,3.0,2025-02-12 13:52:28,0,,,,0,1,1743774748000000000
6037,2025-01-15 05:30:58,Organic,Canada,6,36.0,1,2.0,2025-01-17 05:30:58,0,,,,0,0,
6038,2025-03-14 11:55:45,Referral,India,7,14.0,0,,,0,,,,0,1,1746014145000000000
6039,2025-01-14 12:14:32,Ads,India,8,24.0,1,1.0,2025-01-15 12:14:32,0,,,,0,1,1738584872000000000
6040,2025-03-26 12:46:36,Organic,Canada,7,28.0,0,,,0,,,,0,0,
6041,2025-03-14 21:00:50,Ads,India,3,13.5,1,2.0,2025-03-16 21:00:50,0,,,,0,0,
6042,2025-03-23 23:15:22,Referral,UK,4,12.0,1,2.0,2025-03-25 23:15:22,1,12.0,2025-04-04 23:15:22,Pro,120,0,
6043,2025-03-15 14:52:36,Organic,India,5,22.5,1,3.0,2025-03-18 14:52:36,0,,,,0,0,
6044,2025-03-18 08:39:09,Referral,UK,7,42.0,1,2.0,2025-03-20 08:39:09,1,12.0,2025-03-30 08:39:09,Pro,120,0,
6045,2025-02-25 01:06:37,Organic,Germany,6,36.0,1,3.0,2025-02-28 01:06:37,1,8.0,2025-03-05 01:06:37,Basic,50,0,
6046,2025-03-06 02:51:36,Referral,Germany,8,32.0,0,,,0,,,,0,1,1744512696000000000
6047,2025-02-09 22:21:27,Ads,India,4,24.0,1,3.0,2025-02-12 22:21:27,0,,,,0,1,1741299687000000000
6048,2025-03-10 18:28:02,Organic,India,4,8.0,0,,,0,,,,0,1,1746556082000000000
6049,2025-03-20 19:05:35,Organic,Germany,3,18.0,1,1.0,2025-03-21 19:05:35,0,,,,0,1,1745607935000000000
6050,2025-01-18 06:52:31,Referral,Canada,5,20.0,0,,,0,,,,0,1,1740725551000000000
6051,2025-02-15 23:41:53,Ads,India,6,36.0,1,2.0,2025-02-17 23:41:53,1,5.0,2025-02-20 23:41:53,Basic,50,0,
6052,2025-01-29 04:53:51,Ads,USA,9,27.0,1,1.0,2025-01-30 04:53:51,0,,,,0,0,
6053,2025-02-18 05:00:55,Organic,India,7,42.0,1,2.0,2025-02-20 05:00:55,1,10.0,2025-02-28 05:00:55,Basic,50,0,
6054,2025-01-20 18:01:57,Organic,Germany,2,8.0,0,,,0,,,,0,0,
6055,2025-02-07 00:10:45,Organic,India,3,13.5,1,2.0,2025-02-09 00:10:45,0,,,,0,1,1740269445000000000
6056,2025-02-06 10:34:51,Organic,USA,0,0.0,0,,,0,,,,0,1,1741430091000000000
6057,2025-01-05 02:37:34,Ads,UK,5,22.5,1,3.0,2025-01-08 02:37:34,0,,,,0,1,1738809454000000000
6058,2025-02-07 01:13:28,Referral,Germany,5,15.0,0,,,0,,,,0,1,1741137208000000000
6059,2025-02-14 10:37:27,Ads,Canada,6,27.0,1,3.0,2025-02-17 10:37:27,0,,,,0,1,1744108647000000000
6060,2025-03-05 01:53:39,Organic,India,2,8.0,0,,,0,,,,0,1,1743472419000000000
6061,2025-01-14 12:04:30,Ads,USA,8,36.0,1,2.0,2025-01-16 12:04:30,1,6.0,2025-01-20 12:04:30,Basic,50,1,1740657870000000000
6062,2025-01-08 21:04:27,Referral,Germany,6,18.0,1,3.0,2025-01-11 21:04:27,1,10.0,2025-01-18 21:04:27,Pro,120,0,
6063,2025-02-02 23:21:23,Ads,UK,4,12.0,1,3.0,2025-02-05 23:21:23,0,,,,0,0,
6064,2025-03-03 13:42:08,Ads,UK,4,12.0,0,,,0,,,,0,1,1744810928000000000
6065,2025-03-04 15:01:37,Referral,UK,1,6.0,1,1.0,2025-03-05 15:01:37,0,,,,0,1,1745506897000000000
6066,2025-01-24 07:26:57,Ads,India,4,12.0,1,3.0,2025-01-27 07:26:57,1,11.0,2025-02-04 07:26:57,Basic,50,0,
6067,2025-03-23 23:52:44,Organic,UK,6,24.0,0,,,0,,,,0,1,1744069964000000000
6068,2025-02-23 16:41:16,Organic,India,6,18.0,1,1.0,2025-02-24 16:41:16,0,,,,0,0,
6069,2025-02-16 13:17:41,Referral,USA,3,13.5,1,1.0,2025-02-17 13:17:41,1,9.0,2025-02-25 13:17:41,Basic,50,0,
6070,2025-02-23 16:06:43,Organic,Canada,6,18.0,1,1.0,2025-02-24 16:06:43,0,,,,0,0,
6071,2025-02-24 02:45:19,Organic,India,1,4.5,1,3.0,2025-02-27 02:45:19,1,6.0,2025-03-02 02:45:19,Basic,50,1,1744685119000000000
6072,2025-02-26 15:42:20,Organic,USA,8,36.0,1,1.0,2025-02-27 15:42:20,0,,,,0,1,1742744540000000000
6073,2025-01-24 03:24:42,Ads,India,2,8.0,0,,,0,,,,0,1,1739762682000000000
6074,2025-02-12 05:40:44,Referral,India,4,12.0,1,3.0,2025-02-15 05:40:44,1,6.0,2025-02-18 05:40:44,Basic,50,0,
6075,2025-02-23 09:47:46,Organic,Canada,6,27.0,1,1.0,2025-02-24 09:47:46,0,,,,0,0,
6076,2025-03-09 16:07:46,Ads,UK,3,13.5,1,1.0,2025-03-10 16:07:46,0,,,,0,1,1746288466000000000
6077,2025-03-23 17:31:46,Referral,India,6,18.0,1,3.0,2025-03-26 17:31:46,0,,,,0,1,1746552706000000000
6078,2025-02-15 07:03:17,Organic,USA,3,18.0,1,1.0,2025-02-16 07:03:17,0,,,,0,1,1741935797000000000
6079,2025-02-05 17:56:29,Organic,USA,6,36.0,1,1.0,2025-02-06 17:56:29,0,,,,0,0,
6080,2025-03-13 13:25:19,Referral,India,6,36.0,1,2.0,2025-03-15 13:25:19,0,,,,0,0,
6081,2025-02-19 01:36:39,Organic,UK,4,24.0,1,1.0,2025-02-20 01:36:39,0,,,,0,1,1744594599000000000
6082,2025-01-18 14:42:02,Ads,India,6,27.0,1,1.0,2025-01-19 14:42:02,1,9.0,2025-01-27 14:42:02,Pro,120,1,1738680122000000000
6083,2025-03-19 08:32:54,Ads,UK,5,22.5,1,1.0,2025-03-20 08:32:54,0,,,,0,0,
6084,2025-01-22 13:16:45,Organic,India,6,27.0,1,3.0,2025-01-25 13:16:45,0,,,,0,1,1740316605000000000
6085,2025-03-13 06:15:31,Referral,India,2,12.0,1,2.0,2025-03-15 06:15:31,0,,,,0,1,1746166531000000000
6086,2025-03-09 00:06:18,Organic,India,5,20.0,0,,,0,,,,0,1,1745798778000000000
6087,2025-01-17 23:11:55,Organic,India,7,31.5,1,3.0,2025-01-20 23:11:55,0,,,,0,1,1740006715000000000
6088,2025-01-05 01:14:27,Organic,Canada,8,36.0,1,3.0,2025-01-08 01:14:27,0,,,,0,1,1740014067000000000
6089,2025-01-20 18:07:06,Organic,India,3,13.5,1,3.0,2025-01-23 18:07:06,0,,,,0,1,1741716426000000000
6090,2025-01-24 20:03:05,Referral,India,6,18.0,1,3.0,2025-01-27 20:03:05,0,,,,0,1,1739304185000000000
6091,2025-01-17 16:20:46,Ads,Germany,4,18.0,1,1.0,2025-01-18 16:20:46,1,8.0,2025-01-25 16:20:46,Pro,120,0,
6092,2025-03-28 05:13:14,Referral,USA,6,12.0,0,,,0,,,,0,0,
6093,2025-03-19 06:02:07,Organic,India,5,30.0,1,3.0,2025-03-22 06:02:07,0,,,,0,1,1746338527000000000
6094,2025-01-28 09:35:22,Ads,Germany,4,24.0,1,2.0,2025-01-30 09:35:22,1,13.0,2025-02-10 09:35:22,Pro,120,0,
6095,2025-01-16 22:07:25,Ads,India,4,16.0,0,,,0,,,,0,1,1738966045000000000
6096,2025-02-13 06:34:18,Referral,UK,4,8.0,0,,,0,,,,0,1,1740897258000000000
6097,2025-03-06 02:31:29,Ads,India,4,16.0,0,,,0,,,,0,0,
6098,2025-03-17 23:01:17,Organic,USA,5,15.0,1,3.0,2025-03-20 23:01:17,1,6.0,2025-03-23 23:01:17,Basic,50,1,1746572477000000000
6099,2025-01-27 06:41:03,Organic,USA,4,12.0,0,,,0,,,,0,0,
6100,2025-03-19 22:05:36,Organic,India,4,8.0,0,,,0,,,,0,0,
6101,2025-01-10 15:47:20,Ads,USA,3,18.0,1,2.0,2025-01-12 15:47:20,1,14.0,2025-01-24 15:47:20,Basic,50,0,
6102,2025-03-11 22:53:15,Referral,USA,2,8.0,0,,,0,,,,0,1,1745016795000000000
6103,2025-02-26 03:18:54,Organic,UK,6,24.0,0,,,0,,,,0,1,1743477534000000000
6104,2025-03-29 12:05:15,Organic,Canada,3,6.0,0,,,0,,,,0,1,1745409915000000000
6105,2025-03-22 14:38:25,Organic,USA,8,48.0,1,1.0,2025-03-23 14:38:25,0,,,,0,0,
6106,2025-03-07 21:01:48,Ads,USA,8,24.0,0,,,0,,,,0,0,
6107,2025-01-09 02:24:55,Organic,USA,3,12.0,0,,,0,,,,0,1,1737685495000000000
6108,2025-03-18 18:15:42,Organic,UK,2,8.0,0,,,0,,,,0,0,
6109,2025-03-30 14:48:15,Organic,India,6,18.0,1,3.0,2025-04-02 14:48:15,0,,,,0,1,1745765295000000000
6110,2025-01-03 20:05:44,Ads,USA,4,24.0,1,2.0,2025-01-05 20:05:44,1,14.0,2025-01-17 20:05:44,Basic,50,0,
6111,2025-02-16 13:50:27,Ads,USA,6,18.0,1,1.0,2025-02-17 13:50:27,0,,,,0,1,1742305827000000000
6112,2025-02-14 05:52:07,Ads,Germany,6,27.0,1,2.0,2025-02-16 05:52:07,1,10.0,2025-02-24 05:52:07,Basic,50,1,1743400327000000000
6113,2025-01-15 09:39:20,Organic,USA,5,20.0,0,,,1,9.0,2025-01-24 09:39:20,Pro,120,0,
6114,2025-03-25 15:06:33,Organic,India,6,27.0,1,1.0,2025-03-26 15:06:33,0,,,,0,0,
6115,2025-02-27 12:46:49,Organic,USA,2,6.0,1,2.0,2025-03-01 12:46:49,1,14.0,2025-03-13 12:46:49,Pro,120,1,1743684409000000000
6116,2025-02-05 07:01:56,Organic,Canada,7,31.5,1,1.0,2025-02-06 07:01:56,0,,,,0,1,1742886116000000000
6117,2025-03-18 15:36:15,Organic,Canada,5,15.0,1,1.0,2025-03-19 15:36:15,1,7.0,2025-03-25 15:36:15,Basic,50,0,
6118,2025-03-28 20:14:36,Organic,Canada,5,22.5,1,2.0,2025-03-30 20:14:36,1,12.0,2025-04-09 20:14:36,Basic,50,0,
6119,2025-01-30 12:12:45,Ads,Canada,6,36.0,1,2.0,2025-02-01 12:12:45,0,,,,0,0,
6120,2025-01-14 07:22:14,Organic,India,7,28.0,0,,,0,,,,0,0,
6121,2025-03-26 02:50:07,Organic,USA,3,12.0,0,,,0,,,,0,0,
6122,2025-01-22 08:56:25,Referral,UK,2,6.0,1,3.0,2025-01-25 08:56:25,1,14.0,2025-02-05 08:56:25,Pro,120,0,
6123,2025-02-04 06:28:03,Ads,India,8,36.0,1,2.0,2025-02-06 06:28:03,0,,,,0,1,1741760883000000000
6124,2025-03-24 03:41:04,Ads,India,8,16.0,0,,,0,,,,0,0,
6125,2025-02-17 13:00:18,Referral,Canada,9,36.0,0,,,0,,,,0,0,
6126,2025-03-03 10:07:32,Organic,UK,2,6.0,0,,,0,,,,0,1,1745489252000000000
6127,2025-01-11 11:47:30,Ads,Germany,4,12.0,1,1.0,2025-01-12 11:47:30,0,,,,0,1,1738583250000000000
6128,2025-03-08 06:31:27,Ads,Germany,2,6.0,0,,,0,,,,0,1,1745217087000000000
6129,2025-01-18 03:53:15,Organic,India,8,32.0,0,,,0,,,,0,1,1740714795000000000
6130,2025-01-04 06:22:20,Organic,Germany,5,22.5,1,1.0,2025-01-05 06:22:20,0,,,,0,0,
6131,2025-01-19 14:53:15,Organic,India,8,48.0,1,1.0,2025-01-20 14:53:15,1,6.0,2025-01-25 14:53:15,Pro,120,0,
6132,2025-03-22 07:45:12,Organic,UK,6,24.0,0,,,0,,,,0,1,1744357512000000000
6133,2025-03-04 14:41:02,Organic,India,7,31.5,1,1.0,2025-03-05 14:41:02,0,,,,0,1,1744209662000000000
6134,2025-03-28 09:05:31,Organic,India,2,4.0,0,,,0,,,,0,0,
6135,2025-01-07 11:16:21,Organic,Germany,5,22.5,1,3.0,2025-01-10 11:16:21,0,,,,0,1,1738754181000000000
6136,2025-01-24 15:35:21,Organic,India,5,22.5,1,1.0,2025-01-25 15:35:21,0,,,,0,0,
6137,2025-01-02 06:15:44,Organic,UK,2,6.0,1,3.0,2025-01-05 06:15:44,0,,,,0,1,1738304144000000000
6138,2025-01-21 19:18:39,Organic,India,10,60.0,1,2.0,2025-01-23 19:18:39,0,,,,0,1,1742498319000000000
6139,2025-02-14 21:06:30,Organic,India,6,18.0,1,3.0,2025-02-17 21:06:30,1,12.0,2025-02-26 21:06:30,Basic,50,0,
6140,2025-03-14 04:30:58,Ads,India,9,36.0,0,,,0,,,,0,1,1743654658000000000
6141,2025-03-17 16:23:48,Organic,USA,10,60.0,1,2.0,2025-03-19 16:23:48,0,,,,0,0,
6142,2025-03-30 22:20:47,Referral,India,5,15.0,0,,,0,,,,0,1,1746829247000000000
6143,2025-02-13 00:12:09,Referral,India,3,13.5,1,2.0,2025-02-15 00:12:09,1,7.0,2025-02-20 00:12:09,Basic,50,0,
6144,2025-01-23 16:04:51,Ads,UK,4,12.0,1,2.0,2025-01-25 16:04:51,0,,,,0,1,1739289891000000000
6145,2025-02-20 19:50:01,Ads,India,6,27.0,1,3.0,2025-02-23 19:50:01,1,14.0,2025-03-06 19:50:01,Basic,50,1,1745005801000000000
6146,2025-02-03 21:21:40,Organic,USA,4,12.0,0,,,0,,,,0,0,
6147,2025-02-01 08:33:56,Organic,Germany,1,4.0,0,,,0,,,,0,0,
6148,2025-03-18 03:41:09,Referral,India,8,24.0,0,,,0,,,,0,0,
6149,2025-01-23 14:35:41,Organic,USA,2,12.0,1,1.0,2025-01-24 14:35:41,0,,,,0,0,
6150,2025-01-12 06:28:57,Referral,UK,8,36.0,1,2.0,2025-01-14 06:28:57,1,9.0,2025-01-21 06:28:57,Pro,120,0,
6151,2025-01-14 02:49:47,Ads,UK,6,36.0,1,1.0,2025-01-15 02:49:47,0,,,,0,1,1740278987000000000
6152,2025-03-04 21:10:01,Organic,UK,6,27.0,1,1.0,2025-03-05 21:10:01,0,,,,0,1,1745874601000000000
6153,2025-02-15 04:08:28,Organic,Germany,7,42.0,1,1.0,2025-02-16 04:08:28,0,,,,0,1,1742875708000000000
6154,2025-03-19 05:13:48,Ads,India,4,12.0,1,2.0,2025-03-21 05:13:48,0,,,,0,0,
6155,2025-03-12 03:55:33,Organic,Germany,5,10.0,0,,,0,,,,0,1,1745294133000000000
6156,2025-03-13 21:35:11,Organic,Germany,9,40.5,1,2.0,2025-03-15 21:35:11,0,,,,0,1,1746394511000000000
6157,2025-02-23 19:14:15,Ads,Canada,4,12.0,1,3.0,2025-02-26 19:14:15,1,14.0,2025-03-09 19:14:15,Basic,50,0,
6158,2025-01-31 12:53:59,Ads,USA,7,21.0,1,1.0,2025-02-01 12:53:59,0,,,,0,1,1740228839000000000
6159,2025-03-07 22:56:58,Organic,Canada,8,36.0,1,2.0,2025-03-09 22:56:58,0,,,,0,0,
6160,2025-03-30 10:28:08,Organic,India,2,6.0,1,3.0,2025-04-02 10:28:08,1,10.0,2025-04-09 10:28:08,Basic,50,1,1747045688000000000
6161,2025-03-04 22:41:43,Referral,UK,6,36.0,1,1.0,2025-03-05 22:41:43,0,,,,0,1,1743979303000000000
6162,2025-01-09 01:12:12,Ads,India,8,36.0,1,3.0,2025-01-12 01:12:12,1,8.0,2025-01-17 01:12:12,Basic,50,1,1741050732000000000
6163,2025-01-04 10:11:06,Ads,Canada,5,15.0,0,,,0,,,,0,1,1737627066000000000
6164,2025-01-10 05:24:17,Referral,USA,10,60.0,1,3.0,2025-01-13 05:24:17,1,9.0,2025-01-19 05:24:17,Basic,50,0,
6165,2025-02-20 20:09:01,Organic,India,5,30.0,1,1.0,2025-02-21 20:09:01,0,,,,0,0,
6166,2025-03-14 04:28:13,Organic,Canada,5,15.0,1,3.0,2025-03-17 04:28:13,0,,,,0,0,
6167,2025-03-20 23:10:03,Referral,USA,10,30.0,0,,,0,,,,0,0,
6168,2025-03-25 22:02:49,Ads,UK,4,12.0,1,1.0,2025-03-26 22:02:49,0,,,,0,0,
6169,2025-03-01 15:58:35,Organic,India,3,9.0,0,,,0,,,,0,0,
6170,2025-03-22 04:05:30,Organic,Canada,4,18.0,1,3.0,2025-03-25 04:05:30,0,,,,0,1,1744689930000000000
6171,2025-01-21 21:31:58,Ads,USA,5,22.5,1,2.0,2025-01-23 21:31:58,0,,,,0,1,1740864718000000000
6172,2025-03-05 23:14:23,Organic,USA,9,27.0,1,1.0,2025-03-06 23:14:23,1,11.0,2025-03-16 23:14:23,Basic,50,0,
6173,2025-02-09 18:11:28,Referral,USA,4,12.0,0,,,0,,,,0,1,1742321488000000000
6174,2025-02-03 23:42:17,Organic,UK,7,21.0,1,2.0,2025-02-05 23:42:17,0,,,,0,1,1742773337000000000
6175,2025-02-11 22:30:25,Organic,UK,2,9.0,1,3.0,2025-02-14 22:30:25,0,,,,0,1,1742164225000000000
6176,2025-02-11 15:52:17,Organic,India,4,16.0,0,,,0,,,,0,0,
6177,2025-01-25 20:17:54,Ads,India,9,27.0,1,3.0,2025-01-28 20:17:54,0,,,,0,1,1739564274000000000
6178,2025-03-17 11:34:49,Referral,USA,2,6.0,0,,,0,,,,0,0,
6179,2025-03-19 10:12:38,Ads,Germany,5,30.0,1,2.0,2025-03-21 10:12:38,0,,,,0,1,1746267158000000000
6180,2025-03-07 00:04:33,Referral,UK,7,21.0,1,3.0,2025-03-10 00:04:33,0,,,,0,1,1744848273000000000
6181,2025-03-14 21:42:21,Organic,India,4,16.0,0,,,0,,,,0,0,
6182,2025-03-07 14:19:11,Organic,India,10,45.0,1,2.0,2025-03-09 14:19:11,0,,,,0,0,
6183,2025-03-11 13:30:24,Referral,USA,6,27.0,1,2.0,2025-03-13 13:30:24,1,10.0,2025-03-21 13:30:24,Pro,120,1,1743341424000000000
6184,2025-01-23 22:47:27,Referral,Canada,6,18.0,1,2.0,2025-01-25 22:47:27,1,6.0,2025-01-29 22:47:27,Basic,50,1,1740523647000000000
6185,2025-01-26 13:50:53,Referral,India,0,0.0,1,2.0,2025-01-28 13:50:53,0,,,,0,0,
6186,2025-02-17 08:34:45,Ads,UK,6,36.0,1,1.0,2025-02-18 08:34:45,0,,,,0,0,
6187,2025-01-03 09:35:52,Organic,India,8,36.0,1,3.0,2025-01-06 09:35:52,0,,,,0,1,1738402552000000000
6188,2025-01-20 09:25:02,Organic,India,2,8.0,0,,,0,,,,0,1,1739525102000000000
6189,2025-01-03 03:15:14,Referral,India,5,30.0,1,2.0,2025-01-05 03:15:14,0,,,,0,1,1739070914000000000
6190,2025-03-19 23:15:49,Organic,Canada,3,9.0,1,1.0,2025-03-20 23:15:49,0,,,,0,0,
6191,2025-01-10 05:50:58,Organic,Germany,4,24.0,1,3.0,2025-01-13 05:50:58,0,,,,0,0,
6192,2025-03-21 23:12:29,Ads,India,4,12.0,0,,,0,,,,0,1,1745277149000000000
6193,2025-01-22 11:59:56,Organic,USA,4,12.0,0,,,0,,,,0,1,1740484796000000000
6194,2025-01-15 13:37:04,Referral,India,3,18.0,1,1.0,2025-01-16 13:37:04,1,10.0,2025-01-25 13:37:04,Basic,50,1,1741181824000000000
6195,2025-03-10 15:12:29,Organic,UK,5,22.5,1,3.0,2025-03-13 15:12:29,0,,,,0,1,1744211549000000000
6196,2025-03-26 10:56:31,Ads,UK,9,54.0,1,3.0,2025-03-29 10:56:31,0,,,,0,1,1745319391000000000
6197,2025-03-15 05:54:35,Ads,India,9,54.0,1,2.0,2025-03-17 05:54:35,0,,,,0,1,1744264475000000000
6198,2025-01-12 03:20:52,Ads,India,7,21.0,1,1.0,2025-01-13 03:20:52,0,,,,0,1,1738984852000000000
6199,2025-03-05 16:59:37,Organic,Canada,4,8.0,0,,,0,,,,0,1,1744045177000000000
6200,2025-02-25 08:48:45,Organic,UK,3,18.0,1,1.0,2025-02-26 08:48:45,0,,,,0,0,
6201,2025-01-21 11:46:34,Organic,India,5,15.0,1,1.0,2025-01-22 11:46:34,0,,,,0,1,1742298394000000000
6202,2025-03-19 05:06:43,Organic,USA,3,13.5,1,2.0,2025-03-21 05:06:43,0,,,,0,0,
6203,2025-03-16 15:40:54,Ads,Canada,5,30.0,1,1.0,2025-03-17 15:40:54,0,,,,0,0,
6204,2025-02-17 21:05:25,Organic,USA,3,9.0,1,3.0,2025-02-20 21:05:25,0,,,,0,1,1744751125000000000
6205,2025-02-01 19:53:45,Organic,USA,4,12.0,1,1.0,2025-02-02 19:53:45,0,,,,0,1,1742154825000000000
6206,2025-03-11 14:05:40,Organic,USA,4,12.0,1,1.0,2025-03-12 14:05:40,1,13.0,2025-03-24 14:05:40,Basic,50,1,1743343540000000000
6207,2025-01-25 04:32:14,Ads,USA,3,9.0,1,2.0,2025-01-27 04:32:14,0,,,,0,1,1741321934000000000
6208,2025-03-08 09:13:50,Organic,USA,5,30.0,1,3.0,2025-03-11 09:13:50,0,,,,0,1,1746177230000000000
6209,2025-02-03 21:02:59,Referral,Germany,5,15.0,0,,,0,,,,0,1,1740690179000000000
6210,2025-01-30 02:26:39,Ads,India,4,24.0,1,2.0,2025-02-01 02:26:39,0,,,,0,1,1743042399000000000
6211,2025-02-23 23:17:42,Ads,USA,3,18.0,1,3.0,2025-02-26 23:17:42,1,8.0,2025-03-03 23:17:42,Basic,50,0,
6212,2025-02-13 22:23:50,Referral,India,6,27.0,1,2.0,2025-02-15 22:23:50,0,,,,0,1,1742682230000000000
6213,2025-01-12 01:20:05,Organic,India,5,15.0,0,,,0,,,,0,0,
6214,2025-03-19 03:43:19,Referral,UK,4,16.0,0,,,0,,,,0,0,
6215,2025-01-25 13:44:51,Ads,Germany,4,8.0,0,,,0,,,,0,0,
6216,2025-01-12 04:30:49,Referral,India,5,20.0,0,,,0,,,,0,1,1740112249000000000
6217,2025-03-25 16:08:04,Referral,Germany,7,42.0,1,3.0,2025-03-28 16:08:04,0,,,,0,1,1744992484000000000
6218,2025-03-28 17:39:31,Organic,India,6,36.0,1,2.0,2025-03-30 17:39:31,0,,,,0,0,
6219,2025-02-27 15:35:39,Organic,India,5,10.0,0,,,0,,,,0,1,1742571339000000000
6220,2025-01-11 19:27:28,Ads,India,7,21.0,0,,,0,,,,0,0,
6221,2025-02-05 01:49:15,Ads,USA,9,27.0,1,2.0,2025-02-07 01:49:15,1,8.0,2025-02-13 01:49:15,Basic,50,0,
6222,2025-01-22 13:47:51,Organic,USA,3,6.0,0,,,0,,,,0,1,1741614471000000000
6223,2025-02-24 15:45:40,Organic,USA,3,12.0,0,,,0,,,,0,0,
6224,2025-03-29 16:28:46,Organic,USA,1,2.0,0,,,0,,,,0,1,1744993726000000000
6225,2025-01-17 12:39:49,Ads,USA,4,12.0,1,2.0,2025-01-19 12:39:49,0,,,,0,1,1739795989000000000
6226,2025-01-24 12:38:29,Referral,USA,4,12.0,0,,,0,,,,0,0,
6227,2025-02-28 13:58:20,Ads,India,6,12.0,0,,,0,,,,0,1,1743256700000000000
6228,2025-01-14 21:28:52,Organic,Canada,4,8.0,0,,,0,,,,0,0,
6229,2025-03-28 18:18:07,Organic,UK,8,48.0,1,3.0,2025-03-31 18:18:07,0,,,,0,1,1744913887000000000
6230,2025-03-02 02:36:18,Organic,India,9,54.0,1,2.0,2025-03-04 02:36:18,0,,,,0,0,
6231,2025-01-06 09:01:02,Organic,India,4,12.0,1,1.0,2025-01-07 09:01:02,1,14.0,2025-01-20 09:01:02,Basic,50,1,1739782862000000000
6232,2025-02-04 15:00:20,Referral,UK,1,3.0,0,,,0,,,,0,1,1743260420000000000
6233,2025-02-26 08:28:43,Organic,India,4,24.0,1,2.0,2025-02-28 08:28:43,0,,,,0,0,
6234,2025-02-04 17:21:49,Ads,UK,3,18.0,1,2.0,2025-02-06 17:21:49,1,9.0,2025-02-13 17:21:49,Basic,50,0,
6235,2025-02-11 08:20:01,Referral,India,4,16.0,0,,,0,,,,0,1,1742718001000000000
6236,2025-01-29 07:09:35,Referral,USA,5,15.0,1,2.0,2025-01-31 07:09:35,0,,,,0,0,
6237,2025-02-07 20:45:57,Organic,India,5,15.0,1,3.0,2025-02-10 20:45:57,0,,,,0,1,1742244357000000000
6238,2025-03-04 03:58:16,Organic,Germany,5,30.0,1,3.0,2025-03-07 03:58:16,0,,,,0,1,1744862296000000000
6239,2025-03-13 07:48:07,Organic,Germany,4,18.0,1,3.0,2025-03-16 07:48:07,0,,,,0,1,1746863287000000000
6240,2025-03-11 13:35:54,Ads,Germany,11,66.0,1,3.0,2025-03-14 13:35:54,1,8.0,2025-03-19 13:35:54,Basic,50,0,
6241,2025-01-27 07:19:19,Referral,India,8,16.0,0,,,0,,,,0,0,
6242,2025-02-23 06:47:03,Organic,Canada,5,22.5,1,1.0,2025-02-24 06:47:03,0,,,,0,1,1745304423000000000
6243,2025-01-29 08:21:48,Organic,USA,9,36.0,0,,,0,,,,0,1,1740903708000000000
6244,2025-02-13 09:11:34,Referral,UK,5,30.0,1,2.0,2025-02-15 09:11:34,1,14.0,2025-02-27 09:11:34,Basic,50,0,
6245,2025-01-04 04:15:35,Ads,India,5,22.5,1,3.0,2025-01-07 04:15:35,0,,,,0,1,1739506535000000000
6246,2025-02-07 14:16:44,Referral,UK,2,6.0,1,1.0,2025-02-08 14:16:44,1,9.0,2025-02-16 14:16:44,Basic,50,0,
6247,2025-03-01 11:58:29,Organic,Germany,5,30.0,1,3.0,2025-03-04 11:58:29,0,,,,0,1,1744113509000000000
6248,2025-01-29 16:53:37,Organic,India,8,48.0,1,3.0,2025-02-01 16:53:37,1,11.0,2025-02-09 16:53:37,Basic,50,0,
6249,2025-02-25 17:48:49,Organic,India,10,30.0,1,3.0,2025-02-28 17:48:49,0,,,,0,1,1745603329000000000
6250,2025-02-17 19:32:26,Organic,India,4,18.0,1,2.0,2025-02-19 19:32:26,1,14.0,2025-03-03 19:32:26,Basic,50,1,1744745546000000000
6251,2025-01-11 14:51:12,Ads,India,5,22.5,1,1.0,2025-01-12 14:51:12,0,,,,0,0,
6252,2025-01-27 08:56:21,Organic,USA,4,18.0,1,1.0,2025-01-28 08:56:21,0,,,,0,1,1741596981000000000
6253,2025-03-29 11:26:52,Organic,Canada,10,45.0,1,1.0,2025-03-30 11:26:52,0,,,,0,0,
6254,2025-02-12 05:41:19,Referral,India,9,54.0,1,3.0,2025-02-15 05:41:19,1,6.0,2025-02-18 05:41:19,Basic,50,0,
6255,2025-01-24 04:48:37,Organic,USA,1,3.0,0,,,0,,,,0,1,1739508517000000000
6256,2025-02-28 01:23:59,Ads,USA,4,8.0,0,,,0,,,,0,1,1745285039000000000
6257,2025-01-24 20:52:42,Organic,India,5,20.0,0,,,0,,,,0,1,1741726362000000000
6258,2025-02-12 01:00:03,Referral,USA,5,22.5,1,1.0,2025-02-13 01:00:03,0,,,,0,0,
6259,2025-02-07 06:45:31,Organic,India,3,13.5,1,2.0,2025-02-09 06:45:31,0,,,,0,1,1740984331000000000
6260,2025-01-24 05:35:38,Ads,USA,2,6.0,0,,,0,,,,0,1,1740029738000000000
6261,2025-01-07 19:29:34,Organic,India,1,3.0,1,1.0,2025-01-08 19:29:34,0,,,,0,0,
6262,2025-01-29 04:08:58,Organic,UK,8,24.0,1,2.0,2025-01-31 04:08:58,0,,,,0,1,1742702938000000000
6263,2025-01-02 05:08:47,Ads,India,1,3.0,0,,,0,,,,0,1,1740719327000000000
6264,2025-01-22 09:51:56,Organic,Germany,2,6.0,1,1.0,2025-01-23 09:51:56,0,,,,0,1,1741686716000000000
6265,2025-01-30 21:29:45,Organic,Canada,3,9.0,0,,,0,,,,0,0,
6266,2025-03-18 06:47:08,Referral,India,10,30.0,1,3.0,2025-03-21 06:47:08,0,,,,0,1,1746859628000000000
6267,2025-02-18 19:34:50,Referral,USA,4,24.0,1,1.0,2025-02-19 19:34:50,1,7.0,2025-02-25 19:34:50,Basic,50,0,
6268,2025-03-04 17:45:06,Organic,India,7,31.5,1,1.0,2025-03-05 17:45:06,0,,,,0,1,1744393506000000000
6269,2025-02-12 05:51:26,Organic,UK,2,4.0,0,,,0,,,,0,1,1743659486000000000
6270,2025-03-06 01:02:06,Organic,India,4,12.0,0,,,0,,,,0,1,1745802126000000000
6271,2025-03-06 10:03:59,Organic,UK,6,24.0,0,,,0,,,,0,1,1743674639000000000
6272,2025-02-21 11:07:40,Referral,India,1,6.0,1,1.0,2025-02-22 11:07:40,0,,,,0,0,
6273,2025-03-26 10:01:48,Ads,India,9,27.0,1,3.0,2025-03-29 10:01:48,0,,,,0,1,1744365708000000000
6274,2025-02-28 09:08:00,Organic,India,4,24.0,1,3.0,2025-03-03 09:08:00,1,7.0,2025-03-07 09:08:00,Pro,120,0,
6275,2025-01-12 00:45:22,Referral,India,0,0.0,1,2.0,2025-01-14 00:45:22,1,9.0,2025-01-21 00:45:22,Basic,50,0,
6276,2025-02-16 19:16:03,Ads,USA,4,24.0,1,1.0,2025-02-17 19:16:03,1,13.0,2025-03-01 19:16:03,Basic,50,1,1741634163000000000
6277,2025-02-23 23:29:14,Ads,India,2,6.0,0,,,0,,,,0,1,1744673354000000000
6278,2025-02-22 06:52:42,Organic,Canada,6,18.0,1,2.0,2025-02-24 06:52:42,0,,,,0,0,
6279,2025-03-17 16:43:00,Organic,UK,3,12.0,0,,,0,,,,0,0,
6280,2025-01-27 14:25:54,Ads,India,1,4.0,0,,,0,,,,0,1,1742826354000000000
6281,2025-03-27 05:59:17,Organic,USA,6,27.0,1,2.0,2025-03-29 05:59:17,1,8.0,2025-04-04 05:59:17,Basic,50,0,
6282,2025-03-27 21:04:10,Organic,USA,3,12.0,0,,,0,,,,0,0,
6283,2025-01-02 07:49:49,Organic,UK,3,6.0,0,,,0,,,,0,1,1739778589000000000
6284,2025-01-14 19:39:42,Organic,USA,0,0.0,0,,,0,,,,0,1,1738179582000000000
6285,2025-01-08 03:56:43,Ads,India,10,45.0,1,2.0,2025-01-10 03:56:43,0,,,,0,1,1740628603000000000
6286,2025-01-03 05:50:39,Ads,India,3,12.0,0,,,0,,,,0,1,1737438639000000000
6287,2025-03-23 23:55:32,Organic,USA,4,18.0,1,1.0,2025-03-24 23:55:32,1,10.0,2025-04-02 23:55:32,Basic,50,1,1747439732000000000
6288,2025-03-19 00:32:34,Organic,Germany,3,9.0,1,1.0,2025-03-20 00:32:34,1,8.0,2025-03-27 00:32:34,Pro,120,0,
6289,2025-01-06 20:40:53,Ads,Canada,4,18.0,1,2.0,2025-01-08 20:40:53,0,,,,0,1,1739047253000000000
6290,2025-02-05 06:33:09,Organic,India,3,9.0,1,2.0,2025-02-07 06:33:09,0,,,,0,1,1741674789000000000
6291,2025-03-17 19:08:14,Ads,UK,6,36.0,1,3.0,2025-03-20 19:08:14,0,,,,0,0,
6292,2025-02-03 21:04:13,Ads,Germany,9,27.0,1,1.0,2025-02-04 21:04:13,1,13.0,2025-02-16 21:04:13,Basic,50,0,
6293,2025-01-30 05:07:35,Organic,India,9,18.0,0,,,0,,,,0,1,1740632855000000000
6294,2025-02-04 14:36:33,Ads,UK,7,42.0,1,2.0,2025-02-06 14:36:33,0,,,,0,1,1740234993000000000
6295,2025-02-23 16:56:16,Ads,USA,8,36.0,1,3.0,2025-02-26 16:56:16,1,9.0,2025-03-04 16:56:16,Basic,50,1,1744995376000000000
6296,2025-01-30 00:35:43,Organic,UK,1,6.0,1,3.0,2025-02-02 00:35:43,0,,,,0,1,1739752543000000000
6297,2025-01-19 00:10:11,Organic,USA,6,24.0,0,,,1,12.0,2025-01-31 00:10:11,Pro,120,0,
6298,2025-03-30 17:49:42,Referral,Germany,6,18.0,1,3.0,2025-04-02 17:49:42,0,,,,0,1,1746985782000000000
6299,2025-02-28 18:19:58,Organic,India,9,27.0,1,3.0,2025-03-03 18:19:58,1,8.0,2025-03-08 18:19:58,Basic,50,0,
6300,2025-01-20 04:00:42,Referral,UK,4,12.0,0,,,0,,,,0,0,
6301,2025-03-13 13:52:57,Ads,India,7,21.0,1,2.0,2025-03-15 13:52:57,0,,,,0,1,1746625977000000000
6302,2025-02-14 12:11:14,Organic,USA,1,4.0,0,,,0,,,,0,0,
6303,2025-02-15 10:08:02,Organic,Germany,2,6.0,0,,,0,,,,0,1,1741601282000000000
6304,2025-03-19 21:42:39,Organic,UK,8,32.0,0,,,0,,,,0,0,
6305,2025-02-07 09:54:12,Organic,India,7,21.0,1,1.0,2025-02-08 09:54:12,0,,,,0,1,1741773252000000000
6306,2025-02-27 06:23:16,Ads,USA,10,60.0,1,1.0,2025-02-28 06:23:16,0,,,,0,1,1743315796000000000
6307,2025-02-19 15:51:37,Referral,India,5,22.5,1,2.0,2025-02-21 15:51:37,0,,,,0,1,1741881097000000000
6308,2025-02-13 08:38:48,Referral,India,2,9.0,1,3.0,2025-02-16 08:38:48,0,,,,0,1,1743410328000000000
6309,2025-02-18 04:00:03,Organic,UK,5,15.0,1,3.0,2025-02-21 04:00:03,0,,,,0,1,1741924803000000000
6310,2025-01-23 02:38:52,Referral,USA,8,36.0,1,1.0,2025-01-24 02:38:52,0,,,,0,1,1738895932000000000
6311,2025-03-21 17:02:20,Referral,USA,4,12.0,1,3.0,2025-03-24 17:02:20,0,,,,0,1,1746550940000000000
6312,2025-02-13 06:53:50,Referral,UK,3,18.0,1,1.0,2025-02-14 06:53:50,1,14.0,2025-02-27 06:53:50,Basic,50,0,
6313,2025-01-29 22:02:58,Organic,India,4,18.0,1,2.0,2025-01-31 22:02:58,1,8.0,2025-02-06 22:02:58,Basic,50,1,1740434578000000000
6314,2025-02-14 02:53:30,Ads,India,5,22.5,1,1.0,2025-02-15 02:53:30,0,,,,0,1,1742957610000000000
6315,2025-01-18 02:34:41,Ads,USA,4,18.0,1,1.0,2025-01-19 02:34:41,1,14.0,2025-02-01 02:34:41,Pro,120,0,
6316,2025-01-19 04:21:29,Organic,Germany,2,9.0,1,3.0,2025-01-22 04:21:29,0,,,,0,0,
6317,2025-03-27 08:09:32,Referral,Canada,5,22.5,1,1.0,2025-03-28 08:09:32,0,,,,0,1,1746000572000000000
6318,2025-01-28 18:25:46,Organic,USA,7,21.0,0,,,0,,,,0,0,
6319,2025-02-05 13:14:00,Organic,India,6,36.0,1,1.0,2025-02-06 13:14:00,0,,,,0,1,1740316440000000000
6320,2025-01-18 21:18:11,Referral,USA,5,30.0,1,2.0,2025-01-20 21:18:11,0,,,,0,1,1741641491000000000
6321,2025-02-25 22:18:23,Organic,UK,3,18.0,1,2.0,2025-02-27 22:18:23,1,9.0,2025-03-06 22:18:23,Pro,120,1,1744323503000000000
6322,2025-02-27 02:30:42,Referral,India,6,18.0,1,3.0,2025-03-02 02:30:42,0,,,,0,1,1743042642000000000
6323,2025-03-02 19:26:14,Ads,USA,4,16.0,0,,,0,,,,0,1,1743017174000000000
6324,2025-01-23 06:09:27,Organic,Germany,7,31.5,1,1.0,2025-01-24 06:09:27,0,,,,0,0,
6325,2025-01-12 00:08:42,Organic,USA,7,31.5,1,3.0,2025-01-15 00:08:42,0,,,,0,0,
6326,2025-03-11 20:24:13,Ads,India,6,36.0,1,3.0,2025-03-14 20:24:13,0,,,,0,1,1745785453000000000
6327,2025-01-20 11:54:09,Ads,USA,3,9.0,0,,,0,,,,0,1,1741434849000000000
6328,2025-01-06 09:19:50,Referral,India,8,24.0,1,1.0,2025-01-07 09:19:50,0,,,,0,0,
6329,2025-03-08 14:09:31,Referral,India,5,20.0,0,,,0,,,,0,0,
6330,2025-01-17 14:08:04,Organic,Germany,7,14.0,0,,,0,,,,0,1,1739023684000000000
6331,2025-01-13 22:22:54,Organic,India,7,42.0,1,2.0,2025-01-15 22:22:54,0,,,,0,1,1741558974000000000
6332,2025-02-04 17:13:30,Referral,India,1,3.0,0,,,0,,,,0,0,
6333,2025-01-27 14:32:36,Ads,USA,7,21.0,1,3.0,2025-01-30 14:32:36,0,,,,0,1,1742567556000000000
6334,2025-03-16 02:13:06,Organic,Canada,1,4.5,1,2.0,2025-03-18 02:13:06,0,,,,0,0,
6335,2025-03-24 04:14:12,Referral,UK,5,30.0,1,2.0,2025-03-26 04:14:12,0,,,,0,1,1744690452000000000
6336,2025-02-02 06:28:27,Referral,India,10,45.0,1,3.0,2025-02-05 06:28:27,0,,,,0,1,1741069707000000000
6337,2025-01-01 08:24:17,Ads,UK,5,10.0,0,,,0,,,,0,1,1737620657000000000
6338,2025-02-23 06:15:31,Organic,USA,7,28.0,0,,,0,,,,0,1,1741673731000000000
6339,2025-03-25 00:44:37,Ads,USA,5,30.0,1,2.0,2025-03-27 00:44:37,0,,,,0,1,1744245877000000000
6340,2025-03-25 11:56:32,Ads,UK,2,6.0,0,,,0,,,,0,1,1745150192000000000
6341,2025-01-12 09:40:57,Referral,India,4,12.0,0,,,0,,,,0,1,1741167657000000000
6342,2025-01-13 17:54:27,Referral,Germany,6,18.0,1,2.0,2025-01-15 17:54:27,0,,,,0,1,1740074067000000000
6343,2025-01-24 19:04:05,Ads,USA,3,9.0,1,3.0,2025-01-27 19:04:05,0,,,,0,0,
6344,2025-03-09 16:08:56,Ads,India,2,8.0,0,,,0,,,,0,0,
6345,2025-01-05 20:20:29,Referral,USA,8,48.0,1,3.0,2025-01-08 20:20:29,0,,,,0,1,1740774029000000000
6346,2025-01-31 12:04:26,Organic,India,1,6.0,1,1.0,2025-02-01 12:04:26,0,,,,0,1,1743163466000000000
6347,2025-03-23 11:48:26,Organic,USA,2,6.0,1,2.0,2025-03-25 11:48:26,0,,,,0,1,1747396106000000000
6348,2025-02-09 19:13:00,Referral,India,5,22.5,1,3.0,2025-02-12 19:13:00,0,,,,0,1,1740683580000000000
6349,2025-02-17 15:09:05,Organic,India,5,22.5,1,1.0,2025-02-18 15:09:05,1,13.0,2025-03-02 15:09:05,Pro,120,1,1744124945000000000
6350,2025-02-24 20:10:02,Organic,UK,9,54.0,1,3.0,2025-02-27 20:10:02,0,,,,0,1,1743538202000000000
6351,2025-03-29 00:15:50,Organic,Canada,7,42.0,1,3.0,2025-04-01 00:15:50,0,,,,0,0,
6352,2025-01-18 21:42:13,Organic,India,6,27.0,1,3.0,2025-01-21 21:42:13,0,,,,0,1,1742074933000000000
6353,2025-01-04 18:22:09,Organic,USA,5,30.0,1,1.0,2025-01-05 18:22:09,0,,,,0,1,1739816529000000000
6354,2025-02-04 05:09:11,Organic,USA,3,12.0,0,,,0,,,,0,0,
6355,2025-01-15 04:53:42,Referral,USA,3,9.0,1,1.0,2025-01-16 04:53:42,1,6.0,2025-01-21 04:53:42,Pro,120,1,1740804822000000000
6356,2025-03-02 14:23:06,Ads,India,7,31.5,1,2.0,2025-03-04 14:23:06,1,5.0,2025-03-07 14:23:06,Basic,50,0,
6357,2025-03-08 16:21:40,Ads,UK,6,27.0,1,2.0,2025-03-10 16:21:40,0,,,,0,1,1746202900000000000
6358,2025-02-08 23:30:51,Organic,India,6,12.0,0,,,0,,,,0,1,1742081451000000000
6359,2025-01-18 20:50:12,Ads,Germany,4,8.0,0,,,0,,,,0,1,1740257412000000000
6360,2025-03-24 08:07:50,Ads,USA,4,12.0,1,2.0,2025-03-26 08:07:50,0,,,,0,1,1745050070000000000
6361,2025-03-13 03:04:08,Ads,Canada,8,36.0,1,2.0,2025-03-15 03:04:08,0,,,,0,1,1743303848000000000
6362,2025-03-25 10:38:50,Organic,India,5,22.5,1,3.0,2025-03-28 10:38:50,0,,,,0,1,1744972730000000000
6363,2025-03-21 02:37:12,Organic,Canada,6,18.0,1,1.0,2025-03-22 02:37:12,0,,,,0,1,1744425432000000000
6364,2025-01-11 00:20:56,Referral,India,7,31.5,1,3.0,2025-01-14 00:20:56,1,11.0,2025-01-22 00:20:56,Pro,120,1,1739233256000000000
6365,2025-03-13 15:31:01,Ads,UK,2,6.0,0,,,0,,,,0,0,
6366,2025-01-01 00:15:17,Ads,India,1,3.0,1,2.0,2025-01-03 00:15:17,1,9.0,2025-01-10 00:15:17,Basic,50,0,
6367,2025-03-26 12:53:20,Ads,USA,1,6.0,1,1.0,2025-03-27 12:53:20,0,,,,0,1,1747572800000000000
6368,2025-02-28 09:28:31,Organic,India,7,31.5,1,2.0,2025-03-02 09:28:31,0,,,,0,1,1742203711000000000
6369,2025-03-24 18:13:26,Ads,India,8,48.0,1,1.0,2025-03-25 18:13:26,0,,,,0,1,1745259206000000000
6370,2025-03-23 19:35:31,Organic,UK,8,36.0,1,3.0,2025-03-26 19:35:31,0,,,,0,1,1745350531000000000
6371,2025-03-27 09:45:36,Ads,USA,9,54.0,1,3.0,2025-03-30 09:45:36,0,,,,0,0,
6372,2025-03-22 14:41:18,Referral,USA,9,54.0,1,2.0,2025-03-24 14:41:18,1,13.0,2025-04-04 14:41:18,Pro,120,0,
6373,2025-02-21 18:37:27,Ads,India,3,9.0,0,,,0,,,,0,0,
6374,2025-01-04 00:48:11,Organic,India,8,36.0,1,1.0,2025-01-05 00:48:11,0,,,,0,1,1740444491000000000
6375,2025-03-07 22:45:41,Organic,Canada,10,45.0,1,2.0,2025-03-09 22:45:41,1,8.0,2025-03-15 22:45:41,Basic,50,0,
6376,2025-01-05 15:59:17,Ads,UK,7,31.5,1,3.0,2025-01-08 15:59:17,0,,,,0,0,
6377,2025-03-21 14:15:13,Referral,India,3,18.0,1,1.0,2025-03-22 14:15:13,1,8.0,2025-03-29 14:15:13,Pro,120,0,
6378,2025-03-28 17:49:34,Ads,USA,6,18.0,1,2.0,2025-03-30 17:49:34,1,13.0,2025-04-10 17:49:34,Basic,50,0,
6379,2025-03-28 10:56:16,Ads,Canada,2,9.0,1,2.0,2025-03-30 10:56:16,0,,,,0,0,
6380,2025-03-13 01:33:16,Organic,Canada,4,18.0,1,2.0,2025-03-15 01:33:16,0,,,,0,0,
6381,2025-03-15 12:14:37,Ads,India,4,8.0,0,,,0,,,,0,1,1746706477000000000
6382,2025-03-29 11:22:53,Ads,Canada,5,22.5,1,3.0,2025-04-01 11:22:53,0,,,,0,1,1744716173000000000
6383,2025-01-03 21:14:25,Referral,India,4,12.0,0,,,0,,,,0,1,1740863665000000000
6384,2025-03-19 21:11:47,Organic,UK,5,22.5,1,2.0,2025-03-21 21:11:47,0,,,,0,1,1746220307000000000
6385,2025-03-29 10:22:39,Ads,India,2,8.0,0,,,0,,,,0,1,1747650159000000000
6386,2025-03-17 23:49:52,Organic,USA,5,30.0,1,1.0,2025-03-18 23:49:52,0,,,,0,1,1744588192000000000
6387,2025-01-17 00:40:22,Ads,USA,4,12.0,1,2.0,2025-01-19 00:40:22,0,,,,0,1,1741999222000000000
6388,2025-03-17 04:14:50,Referral,USA,3,6.0,0,,,1,8.0,2025-03-25 04:14:50,Basic,50,1,1743740090000000000
6389,2025-01-21 22:03:22,Organic,USA,4,12.0,1,2.0,2025-01-23 22:03:22,0,,,,0,1,1740607402000000000
6390,2025-01-23 13:38:22,Organic,UK,7,42.0,1,1.0,2025-01-24 13:38:22,1,7.0,2025-01-30 13:38:22,Basic,50,0,
6391,2025-01-14 03:22:51,Ads,USA,5,15.0,0,,,0,,,,0,1,1738207371000000000
6392,2025-03-28 20:46:31,Ads,India,9,36.0,0,,,0,,,,0,1,1745181991000000000
6393,2025-01-04 19:20:21,Organic,India,8,36.0,1,3.0,2025-01-07 19:20:21,0,,,,0,1,1740338421000000000
6394,2025-01-08 15:19:47,Organic,UK,3,13.5,1,3.0,2025-01-11 15:19:47,0,,,,0,0,
6395,2025-01-03 19:44:37,Ads,Canada,5,20.0,0,,,0,,,,0,1,1739907877000000000
6396,2025-02-08 17:10:26,Referral,UK,6,27.0,1,3.0,2025-02-11 17:10:26,1,14.0,2025-02-22 17:10:26,Pro,120,0,
6397,2025-01-18 21:50:19,Organic,India,6,36.0,1,3.0,2025-01-21 21:50:19,0,,,,0,1,1740433819000000000
6398,2025-01-11 15:45:59,Referral,USA,7,28.0,0,,,0,,,,0,0,
6399,2025-01-21 09:16:09,Organic,India,10,60.0,1,2.0,2025-01-23 09:16:09,1,10.0,2025-01-31 09:16:09,Basic,50,0,
6400,2025-03-16 09:29:01,Organic,Germany,4,12.0,1,1.0,2025-03-17 09:29:01,0,,,,0,0,
6401,2025-02-07 14:15:40,Organic,India,3,13.5,1,2.0,2025-02-09 14:15:40,0,,,,0,0,
6402,2025-03-08 23:22:52,Referral,USA,5,15.0,1,2.0,2025-03-10 23:22:52,0,,,,0,1,1745104972000000000
6403,2025-01-26 14:54:57,Organic,UK,5,15.0,1,2.0,2025-01-28 14:54:57,0,,,,0,0,
6404,2025-01-17 23:32:52,Ads,Canada,8,36.0,1,2.0,2025-01-19 23:32:52,0,,,,0,1,1740871972000000000
6405,2025-03-29 12:36:00,Organic,India,1,6.0,1,1.0,2025-03-30 12:36:00,0,,,,0,0,
6406,2025-03-22 14:59:49,Referral,India,2,6.0,1,2.0,2025-03-24 14:59:49,0,,,,0,0,
6407,2025-03-10 21:07:47,Referral,USA,5,10.0,0,,,0,,,,0,1,1746479267000000000
6408,2025-01-22 12:23:17,Ads,USA,7,42.0,1,1.0,2025-01-23 12:23:17,0,,,,0,1,1740399797000000000
6409,2025-02-27 15:24:09,Referral,India,5,30.0,1,3.0,2025-03-02 15:24:09,0,,,,0,1,1743002649000000000
6410,2025-01-17 10:07:06,Ads,UK,3,12.0,0,,,0,,,,0,0,
6411,2025-02-21 20:42:47,Referral,USA,5,22.5,1,2.0,2025-02-23 20:42:47,0,,,,0,1,1745095367000000000
6412,2025-02-27 14:04:27,Organic,Canada,4,18.0,1,3.0,2025-03-02 14:04:27,0,,,,0,1,1744553067000000000
6413,2025-03-12 01:02:31,Organic,India,2,12.0,1,2.0,2025-03-14 01:02:31,0,,,,0,0,
6414,2025-01-17 13:01:30,Ads,India,2,6.0,0,,,0,,,,0,1,1740574890000000000
6415,2025-03-02 01:19:17,Organic,UK,6,24.0,0,,,0,,,,0,1,1742347157000000000
6416,2025-03-14 23:47:31,Organic,UK,5,30.0,1,2.0,2025-03-16 23:47:31,1,13.0,2025-03-27 23:47:31,Basic,50,0,
6417,2025-01-25 13:05:11,Ads,UK,5,22.5,1,1.0,2025-01-26 13:05:11,0,,,,0,1,1740488711000000000
6418,2025-01-07 00:47:24,Organic,UK,8,24.0,0,,,0,,,,0,1,1740358044000000000
6419,2025-03-14 14:01:11,Ads,India,6,36.0,1,1.0,2025-03-15 14:01:11,0,,,,0,1,1744034471000000000
6420,2025-01-17 04:49:29,Organic,India,3,9.0,0,,,0,,,,0,0,
6421,2025-01-29 21:09:49,Referral,India,6,18.0,1,1.0,2025-01-30 21:09:49,1,6.0,2025-02-04 21:09:49,Pro,120,1,1742591389000000000
6422,2025-03-22 00:29:04,Referral,Germany,7,21.0,1,3.0,2025-03-25 00:29:04,0,,,,0,0,
6423,2025-03-10 12:15:59,Referral,USA,3,9.0,1,2.0,2025-03-12 12:15:59,0,,,,0,1,1743336959000000000
6424,2025-02-23 16:37:39,Organic,India,8,48.0,1,3.0,2025-02-26 16:37:39,0,,,,0,1,1743784659000000000
6425,2025-01-06 15:34:11,Ads,India,7,21.0,1,3.0,2025-01-09 15:34:11,1,12.0,2025-01-18 15:34:11,Pro,120,1,1740929651000000000
6426,2025-01-10 13:23:02,Referral,Canada,4,24.0,1,2.0,2025-01-12 13:23:02,1,7.0,2025-01-17 13:23:02,Basic,50,0,
6427,2025-01-06 02:03:59,Referral,Canada,9,40.5,1,1.0,2025-01-07 02:03:59,1,11.0,2025-01-17 02:03:59,Pro,120,0,
6428,2025-03-02 23:26:37,Ads,Germany,7,31.5,1,3.0,2025-03-05 23:26:37,1,5.0,2025-03-07 23:26:37,Basic,50,0,
6429,2025-02-11 20:53:17,Organic,India,4,12.0,1,3.0,2025-02-14 20:53:17,0,,,,0,0,
6430,2025-02-23 08:29:30,Ads,USA,5,20.0,0,,,0,,,,0,0,
6431,2025-01-15 15:08:54,Ads,India,1,4.0,0,,,0,,,,0,1,1740928134000000000
6432,2025-03-20 07:52:47,Organic,India,4,8.0,0,,,0,,,,0,0,
6433,2025-03-24 22:50:20,Ads,India,9,27.0,1,1.0,2025-03-25 22:50:20,0,,,,0,0,
6434,2025-03-20 10:08:58,Referral,India,5,22.5,1,1.0,2025-03-21 10:08:58,0,,,,0,0,
6435,2025-03-08 00:08:14,Ads,USA,5,22.5,1,1.0,2025-03-09 00:08:14,0,,,,0,1,1742947694000000000
6436,2025-03-08 15:58:39,Organic,Germany,4,18.0,1,3.0,2025-03-11 15:58:39,1,6.0,2025-03-14 15:58:39,Basic,50,1,1743609519000000000
6437,2025-01-22 22:15:54,Ads,India,8,16.0,0,,,0,,,,0,1,1740867354000000000
6438,2025-02-24 13:55:00,Referral,Germany,5,22.5,1,2.0,2025-02-26 13:55:00,0,,,,0,1,1743774900000000000
6439,2025-03-03 21:42:46,Ads,India,3,9.0,0,,,0,,,,0,1,1743025366000000000
6440,2025-03-09 18:28:39,Ads,USA,5,20.0,0,,,0,,,,0,1,1745432919000000000
6441,2025-03-30 00:38:23,Ads,India,3,13.5,1,1.0,2025-03-31 00:38:23,1,12.0,2025-04-11 00:38:23,Basic,50,0,
6442,2025-01-11 23:07:52,Ads,USA,2,9.0,1,2.0,2025-01-13 23:07:52,1,5.0,2025-01-16 23:07:52,Basic,50,0,
6443,2025-02-26 21:01:22,Ads,India,9,54.0,1,2.0,2025-02-28 21:01:22,0,,,,0,1,1742677282000000000
6444,2025-03-08 07:48:02,Organic,UK,1,4.5,1,2.0,2025-03-10 07:48:02,0,,,,0,0,
6445,2025-02-06 05:53:23,Organic,UK,8,48.0,1,1.0,2025-02-07 05:53:23,0,,,,0,0,
6446,2025-03-10 18:17:08,Organic,Canada,2,9.0,1,1.0,2025-03-11 18:17:08,0,,,,0,0,
6447,2025-02-13 19:39:21,Organic,India,3,9.0,0,,,0,,,,0,0,
6448,2025-03-29 10:11:28,Organic,UK,5,15.0,0,,,0,,,,0,1,1745143888000000000
6449,2025-03-18 09:27:10,Organic,USA,8,24.0,0,,,0,,,,0,1,1745400430000000000
6450,2025-03-15 10:11:42,Referral,Germany,5,22.5,1,2.0,2025-03-17 10:11:42,1,5.0,2025-03-20 10:11:42,Basic,50,0,
6451,2025-02-06 02:35:34,Organic,USA,2,4.0,0,,,0,,,,0,0,
6452,2025-01-09 05:45:43,Organic,Germany,8,24.0,1,3.0,2025-01-12 05:45:43,1,14.0,2025-01-23 05:45:43,Basic,50,0,
6453,2025-03-07 15:01:34,Organic,UK,9,27.0,1,3.0,2025-03-10 15:01:34,0,,,,0,1,1745938894000000000
6454,2025-03-25 18:03:10,Ads,UK,6,18.0,1,1.0,2025-03-26 18:03:10,0,,,,0,1,1747677790000000000
6455,2025-01-26 21:28:20,Organic,India,10,20.0,0,,,0,,,,0,0,
6456,2025-02-18 21:43:09,Organic,USA,8,36.0,1,1.0,2025-02-19 21:43:09,0,,,,0,0,
6457,2025-03-06 08:36:35,Organic,USA,10,60.0,1,2.0,2025-03-08 08:36:35,0,,,,0,1,1745224595000000000
6458,2025-01-31 08:05:58,Referral,India,8,48.0,1,1.0,2025-02-01 08:05:58,0,,,,0,1,1742544358000000000
6459,2025-02-06 11:24:38,Referral,India,5,15.0,0,,,0,,,,0,1,1743852278000000000
6460,2025-03-13 02:27:23,Referral,Germany,3,12.0,0,,,0,,,,0,0,
6461,2025-01-29 05:14:24,Organic,USA,5,15.0,1,1.0,2025-01-30 05:14:24,0,,,,0,1,1740114864000000000
6462,2025-03-08 14:30:40,Ads,India,7,21.0,1,3.0,2025-03-11 14:30:40,0,,,,0,0,
6463,2025-02-18 23:03:27,Ads,USA,8,48.0,1,2.0,2025-02-20 23:03:27,0,,,,0,1,1742511807000000000
6464,2025-03-05 00:54:01,Organic,India,3,13.5,1,1.0,2025-03-06 00:54:01,1,9.0,2025-03-14 00:54:01,Basic,50,0,
6465,2025-01-24 03:02:53,Organic,USA,4,8.0,0,,,0,,,,0,1,1740366173000000000
6466,2025-03-09 19:16:44,Organic,USA,4,18.0,1,3.0,2025-03-12 19:16:44,1,13.0,2025-03-22 19:16:44,Basic,50,1,1743016604000000000
6467,2025-02-25 15:09:06,Ads,India,6,18.0,0,,,0,,,,0,1,1742224146000000000
6468,2025-02-24 11:26:37,Organic,UK,0,0.0,0,,,1,12.0,2025-03-08 11:26:37,Basic,50,1,1743938797000000000
6469,2025-02-11 08:34:18,Organic,India,2,6.0,0,,,0,,,,0,1,1742286858000000000
6470,2025-01-18 05:53:37,Organic,Canada,5,20.0,0,,,0,,,,0,0,
6471,2025-02-05 21:50:41,Ads,Germany,2,6.0,1,3.0,2025-02-08 21:50:41,0,,,,0,1,1740174641000000000
6472,2025-01-11 01:30:46,Referral,India,4,12.0,0,,,0,,,,0,1,1737855046000000000
6473,2025-01-08 10:13:13,Ads,Canada,7,21.0,1,1.0,2025-01-09 10:13:13,1,7.0,2025-01-15 10:13:13,Basic,50,0,
6474,2025-02-12 06:16:01,Ads,USA,4,18.0,1,1.0,2025-02-13 06:16:01,0,,,,0,0,
6475,2025-01-17 23:32:10,Ads,USA,5,10.0,0,,,0,,,,0,1,1740785530000000000
6476,2025-01-18 18:10:27,Organic,India,6,27.0,1,1.0,2025-01-19 18:10:27,1,5.0,2025-01-23 18:10:27,Pro,120,0,
6477,2025-01-27 14:18:25,Organic,USA,8,24.0,0,,,0,,,,0,0,
6478,2025-02-18 22:00:05,Referral,Germany,5,10.0,0,,,0,,,,0,1,1742162405000000000
6479,2025-02-18 13:51:19,Referral,India,5,30.0,1,2.0,2025-02-20 13:51:19,0,,,,0,0,
6480,2025-03-10 00:57:45,Ads,India,3,12.0,0,,,0,,,,0,1,1743469065000000000
6481,2025-01-30 22:45:51,Organic,India,7,21.0,1,2.0,2025-02-01 22:45:51,0,,,,0,0,
6482,2025-03-15 08:17:55,Organic,USA,6,18.0,1,2.0,2025-03-17 08:17:55,0,,,,0,0,
6483,2025-02-17 13:24:30,Organic,Germany,3,18.0,1,1.0,2025-02-18 13:24:30,0,,,,0,0,
6484,2025-02-09 07:55:16,Referral,USA,8,36.0,1,1.0,2025-02-10 07:55:16,0,,,,0,0,
6485,2025-01-30 01:11:47,Ads,India,4,18.0,1,3.0,2025-02-02 01:11:47,0,,,,0,1,1740791507000000000
6486,2025-01-21 21:43:30,Referral,USA,9,40.5,1,3.0,2025-01-24 21:43:30,0,,,,0,0,
6487,2025-02-16 04:08:04,Ads,India,3,18.0,1,2.0,2025-02-18 04:08:04,1,5.0,2025-02-21 04:08:04,Basic,50,0,
6488,2025-03-15 13:43:25,Organic,India,4,12.0,1,1.0,2025-03-16 13:43:25,0,,,,0,1,1745243005000000000
6489,2025-01-01 07:23:36,Organic,USA,7,31.5,1,1.0,2025-01-02 07:23:36,0,,,,0,1,1738308216000000000
6490,2025-02-17 22:48:07,Organic,India,8,24.0,1,1.0,2025-02-18 22:48:07,0,,,,0,0,
6491,2025-02-27 04:19:19,Ads,Canada,4,24.0,1,3.0,2025-03-02 04:19:19,0,,,,0,1,1742962759000000000
6492,2025-01-15 06:50:15,Organic,USA,6,36.0,1,3.0,2025-01-18 06:50:15,0,,,,0,1,1741071015000000000
6493,2025-02-14 10:09:47,Ads,Canada,5,30.0,1,3.0,2025-02-17 10:09:47,1,5.0,2025-02-19 10:09:47,Basic,50,1,1744625387000000000
6494,2025-02-20 22:33:27,Ads,Germany,11,49.5,1,1.0,2025-02-21 22:33:27,0,,,,0,1,1743460407000000000
6495,2025-03-05 08:36:38,Organic,Germany,6,27.0,1,1.0,2025-03-06 08:36:38,0,,,,0,0,
6496,2025-03-12 11:58:31,Organic,India,4,12.0,1,3.0,2025-03-15 11:58:31,0,,,,0,0,
6497,2025-01-13 00:23:38,Organic,Germany,8,36.0,1,2.0,2025-01-15 00:23:38,1,7.0,2025-01-20 00:23:38,Pro,120,0,
6498,2025-01-05 01:52:45,Ads,UK,6,18.0,1,3.0,2025-01-08 01:52:45,0,,,,0,1,1740534765000000000
6499,2025-03-25 05:59:27,Organic,UK,6,18.0,1,1.0,2025-03-26 05:59:27,0,,,,0,1,1746770367000000000
6500,2025-01-28 14:26:15,Organic,India,4,24.0,1,1.0,2025-01-29 14:26:15,0,,,,0,1,1742048775000000000
6501,2025-02-17 13:30:04,Referral,India,9,18.0,0,,,0,,,,0,1,1741613404000000000
6502,2025-01-05 04:21:49,Ads,Germany,2,9.0,1,3.0,2025-01-08 04:21:49,1,12.0,2025-01-17 04:21:49,Basic,50,1,1738729309000000000
6503,2025-02-19 04:36:07,Ads,India,5,15.0,0,,,0,,,,0,1,1744173367000000000
6504,2025-02-08 09:54:03,Ads,India,8,24.0,1,3.0,2025-02-11 09:54:03,1,5.0,2025-02-13 09:54:03,Pro,120,0,
6505,2025-01-23 04:39:37,Referral,India,9,27.0,1,1.0,2025-01-24 04:39:37,0,,,,0,0,
6506,2025-01-31 00:13:26,Ads,Germany,2,4.0,0,,,0,,,,0,1,1742861606000000000
6507,2025-01-18 23:04:59,Organic,USA,8,36.0,1,3.0,2025-01-21 23:04:59,0,,,,0,1,1741215899000000000
6508,2025-01-10 00:00:35,Organic,Germany,0,0.0,0,,,0,,,,0,0,
6509,2025-01-09 06:09:00,Ads,India,4,8.0,0,,,0,,,,0,1,1738649340000000000
6510,2025-03-26 09:31:56,Ads,India,3,9.0,1,1.0,2025-03-27 09:31:56,0,,,,0,1,1747647116000000000
6511,2025-01-04 05:21:35,Ads,USA,4,16.0,0,,,0,,,,0,1,1739164895000000000
6512,2025-02-07 23:22:11,Referral,USA,6,24.0,0,,,0,,,,0,1,1743636131000000000
6513,2025-03-17 16:29:24,Referral,India,7,31.5,1,3.0,2025-03-20 16:29:24,0,,,,0,0,
6514,2025-01-10 14:54:17,Organic,India,7,42.0,1,2.0,2025-01-12 14:54:17,1,11.0,2025-01-21 14:54:17,Basic,50,0,
6515,2025-01-22 08:52:37,Organic,India,4,12.0,0,,,0,,,,0,1,1741423957000000000
6516,2025-03-29 04:13:55,Organic,India,4,24.0,1,2.0,2025-03-31 04:13:55,0,,,,0,1,1747455235000000000
6517,2025-01-22 18:01:02,Ads,UK,6,36.0,1,1.0,2025-01-23 18:01:02,0,,,,0,0,
6518,2025-03-12 05:25:37,Organic,India,5,30.0,1,1.0,2025-03-13 05:25:37,0,,,,0,1,1743398737000000000
6519,2025-02-12 04:02:07,Organic,India,5,22.5,1,3.0,2025-02-15 04:02:07,0,,,,0,0,
6520,2025-01-16 07:32:53,Organic,India,5,22.5,1,3.0,2025-01-19 07:32:53,0,,,,0,1,1741246373000000000
6521,2025-03-10 11:37:34,Organic,India,3,9.0,1,1.0,2025-03-11 11:37:34,0,,,,0,1,1743161854000000000
6522,2025-01-20 22:23:19,Organic,Germany,6,36.0,1,1.0,2025-01-21 22:23:19,0,,,,0,0,
6523,2025-02-01 05:45:34,Organic,India,5,22.5,1,1.0,2025-02-02 05:45:34,0,,,,0,0,
6524,2025-02-05 01:48:06,Ads,India,1,2.0,0,,,0,,,,0,0,
6525,2025-02-16 01:34:13,Organic,USA,6,27.0,1,2.0,2025-02-18 01:34:13,0,,,,0,1,1742952853000000000
6526,2025-01-09 02:27:13,Organic,UK,8,36.0,1,2.0,2025-01-11 02:27:13,0,,,,0,1,1740450433000000000
6527,2025-03-01 02:49:02,Referral,USA,4,8.0,0,,,0,,,,0,0,
6528,2025-03-23 10:31:18,Referral,India,5,22.5,1,1.0,2025-03-24 10:31:18,1,6.0,2025-03-29 10:31:18,Basic,50,1,1744972278000000000
6529,2025-03-21 09:46:50,Organic,UK,5,15.0,1,2.0,2025-03-23 09:46:50,0,,,,0,0,
6530,2025-02-15 03:43:23,Organic,USA,7,42.0,1,2.0,2025-02-17 03:43:23,0,,,,0,0,
6531,2025-01-02 13:20:45,Ads,India,6,36.0,1,2.0,2025-01-04 13:20:45,0,,,,0,1,1738761645000000000
6532,2025-02-23 05:10:55,Organic,India,3,13.5,1,3.0,2025-02-26 05:10:55,0,,,,0,1,1742879455000000000
6533,2025-03-25 17:05:01,Organic,USA,5,30.0,1,3.0,2025-03-28 17:05:01,1,7.0,2025-04-01 17:05:01,Basic,50,0,
6534,2025-01-22 08:41:40,Organic,UK,5,30.0,1,3.0,2025-01-25 08:41:40,0,,,,0,1,1739176900000000000
6535,2025-01-31 20:49:41,Organic,Germany,7,21.0,0,,,0,,,,0,0,
6536,2025-03-04 14:13:29,Ads,USA,6,18.0,1,3.0,2025-03-07 14:13:29,1,6.0,2025-03-10 14:13:29,Basic,50,0,
6537,2025-03-21 15:52:07,Referral,UK,8,32.0,0,,,1,14.0,2025-04-04 15:52:07,Pro,120,0,
6538,2025-02-14 05:17:51,Ads,India,7,21.0,1,1.0,2025-02-15 05:17:51,0,,,,0,1,1743398271000000000
6539,2025-03-16 14:21:33,Ads,Canada,5,30.0,1,2.0,2025-03-18 14:21:33,0,,,,0,1,1745677293000000000
6540,2025-02-26 19:35:51,Organic,USA,1,3.0,0,,,0,,,,0,0,
6541,2025-02-17 07:18:58,Ads,USA,6,27.0,1,3.0,2025-02-20 07:18:58,0,,,,0,0,
6542,2025-03-01 01:04:43,Organic,India,2,6.0,1,3.0,2025-03-04 01:04:43,0,,,,0,0,
6543,2025-01-11 02:05:35,Organic,India,4,12.0,0,,,0,,,,0,1,1741226735000000000
6544,2025-01-21 15:26:51,Ads,UK,4,12.0,1,3.0,2025-01-24 15:26:51,0,,,,0,1,1740324411000000000
6545,2025-03-16 20:57:33,Referral,India,8,24.0,1,2.0,2025-03-18 20:57:33,0,,,,0,0,
6546,2025-01-21 03:56:06,Organic,India,5,30.0,1,2.0,2025-01-23 03:56:06,0,,,,0,1,1739850966000000000
6547,2025-01-12 23:36:48,Referral,India,4,8.0,0,,,0,,,,0,0,
6548,2025-01-17 21:55:12,Organic,India,6,18.0,1,2.0,2025-01-19 21:55:12,0,,,,0,1,1741643712000000000
6549,2025-01-30 19:26:46,Organic,USA,8,24.0,0,,,0,,,,0,1,1739820406000000000
6550,2025-03-30 06:49:02,Organic,USA,6,18.0,1,3.0,2025-04-02 06:49:02,1,9.0,2025-04-08 06:49:02,Basic,50,0,
6551,2025-02-28 11:52:09,Ads,India,9,54.0,1,3.0,2025-03-03 11:52:09,0,,,,0,1,1744717929000000000
6552,2025-01-06 17:54:00,Referral,USA,6,18.0,1,2.0,2025-01-08 17:54:00,1,7.0,2025-01-13 17:54:00,Basic,50,0,
6553,2025-01-18 00:52:06,Ads,Canada,8,36.0,1,3.0,2025-01-21 00:52:06,1,10.0,2025-01-28 00:52:06,Pro,120,0,
6554,2025-01-17 19:22:17,Organic,Germany,4,12.0,1,1.0,2025-01-18 19:22:17,1,7.0,2025-01-24 19:22:17,Pro,120,0,
6555,2025-02-03 06:12:04,Organic,USA,3,6.0,0,,,0,,,,0,0,
6556,2025-02-01 17:47:35,Ads,USA,6,27.0,1,3.0,2025-02-04 17:47:35,0,,,,0,1,1741715255000000000
6557,2025-01-27 06:23:29,Organic,India,4,8.0,0,,,0,,,,0,0,
6558,2025-03-11 14:28:24,Organic,USA,5,10.0,0,,,0,,,,0,0,
6559,2025-03-05 06:35:01,Referral,UK,3,13.5,1,2.0,2025-03-07 06:35:01,0,,,,0,1,1745130901000000000
6560,2025-01-20 17:17:00,Ads,USA,2,8.0,0,,,0,,,,0,1,1741886220000000000
6561,2025-03-09 13:38:32,Organic,India,3,12.0,0,,,0,,,,0,1,1746538712000000000
6562,2025-01-04 10:06:39,Organic,USA,3,18.0,1,3.0,2025-01-07 10:06:39,0,,,,0,1,1740045999000000000
6563,2025-01-19 00:30:09,Organic,Germany,3,18.0,1,2.0,2025-01-21 00:30:09,0,,,,0,0,
6564,2025-03-01 11:43:46,Ads,Canada,10,60.0,1,3.0,2025-03-04 11:43:46,1,5.0,2025-03-06 11:43:46,Basic,50,1,1743939826000000000
6565,2025-03-18 11:30:19,Referral,UK,3,18.0,1,2.0,2025-03-20 11:30:19,0,,,,0,1,1744198219000000000
6566,2025-03-24 10:51:19,Ads,India,5,22.5,1,2.0,2025-03-26 10:51:19,0,,,,0,0,
6567,2025-01-07 22:05:04,Organic,India,5,22.5,1,2.0,2025-01-09 22:05:04,1,11.0,2025-01-18 22:05:04,Basic,50,1,1739743504000000000
6568,2025-02-13 11:44:14,Organic,Canada,7,21.0,1,1.0,2025-02-14 11:44:14,0,,,,0,1,1742039054000000000
6569,2025-01-02 08:27:21,Referral,India,6,12.0,0,,,0,,,,0,0,
6570,2025-03-10 09:02:06,Referral,USA,9,40.5,1,3.0,2025-03-13 09:02:06,0,,,,0,0,
6571,2025-01-02 23:12:14,Ads,USA,3,18.0,1,3.0,2025-01-05 23:12:14,0,,,,0,0,
6572,2025-02-15 09:39:10,Organic,USA,6,36.0,1,2.0,2025-02-17 09:39:10,0,,,,0,1,1740908350000000000
6573,2025-03-09 10:20:38,Ads,USA,7,31.5,1,2.0,2025-03-11 10:20:38,0,,,,0,1,1745058038000000000
6574,2025-01-14 03:21:10,Referral,Canada,4,24.0,1,1.0,2025-01-15 03:21:10,0,,,,0,1,1738898470000000000
6575,2025-01-03 17:51:08,Ads,India,7,42.0,1,2.0,2025-01-05 17:51:08,0,,,,0,1,1740073868000000000
6576,2025-02-28 03:43:12,Ads,UK,4,12.0,0,,,0,,,,0,0,
6577,2025-03-15 23:47:43,Organic,Canada,7,42.0,1,2.0,2025-03-17 23:47:43,0,,,,0,1,1745192863000000000
6578,2025-02-12 03:01:28,Organic,Germany,6,36.0,1,3.0,2025-02-15 03:01:28,0,,,,0,0,
6579,2025-02-18 00:34:47,Organic,USA,5,15.0,1,2.0,2025-02-20 00:34:47,0,,,,0,1,1743986087000000000
6580,2025-01-19 13:37:23,Referral,USA,5,15.0,1,2.0,2025-01-21 13:37:23,0,,,,0,1,1739972243000000000
6581,2025-01-10 20:26:01,Ads,Germany,11,44.0,0,,,0,,,,0,1,1738700761000000000
6582,2025-03-05 10:03:00,Ads,USA,5,22.5,1,2.0,2025-03-07 10:03:00,0,,,,0,1,1744538580000000000
6583,2025-02-25 05:49:05,Organic,USA,4,12.0,1,2.0,2025-02-27 05:49:05,0,,,,0,0,
6584,2025-01-09 03:55:56,Referral,India,2,12.0,1,1.0,2025-01-10 03:55:56,0,,,,0,0,
6585,2025-03-11 22:42:23,Referral,India,2,12.0,1,2.0,2025-03-13 22:42:23,0,,,,0,1,1743201743000000000
6586,2025-03-29 09:32:56,Organic,USA,4,8.0,0,,,0,,,,0,1,1746610376000000000
6587,2025-01-19 23:14:06,Referral,UK,6,27.0,1,2.0,2025-01-21 23:14:06,0,,,,0,1,1740006846000000000
6588,2025-02-18 23:16:27,Organic,UK,5,15.0,1,1.0,2025-02-19 23:16:27,0,,,,0,1,1743635787000000000
6589,2025-02-07 17:30:19,Organic,India,6,18.0,0,,,0,,,,0,0,
6590,2025-03-16 04:20:53,Organic,Canada,5,15.0,0,,,0,,,,0,1,1746505253000000000
6591,2025-01-17 21:23:30,Referral,USA,7,31.5,1,3.0,2025-01-20 21:23:30,1,8.0,2025-01-25 21:23:30,Basic,50,1,1742246610000000000
6592,2025-01-04 18:15:34,Referral,USA,7,42.0,1,2.0,2025-01-06 18:15:34,0,,,,0,0,
6593,2025-03-30 08:27:36,Organic,Germany,2,4.0,0,,,0,,,,0,0,
6594,2025-01-21 20:41:06,Ads,India,10,45.0,1,3.0,2025-01-24 20:41:06,0,,,,0,0,
6595,2025-02-14 05:33:35,Ads,UK,6,36.0,1,2.0,2025-02-16 05:33:35,0,,,,0,0,
6596,2025-01-28 13:54:25,Referral,USA,6,18.0,1,2.0,2025-01-30 13:54:25,1,14.0,2025-02-11 13:54:25,Pro,120,1,1742133265000000000
6597,2025-01-10 05:33:03,Organic,UK,5,15.0,1,1.0,2025-01-11 05:33:03,1,10.0,2025-01-20 05:33:03,Pro,120,0,
6598,2025-01-06 08:58:30,Ads,USA,5,22.5,1,3.0,2025-01-09 08:58:30,0,,,,0,1,1737536310000000000
6599,2025-03-04 21:12:06,Ads,India,10,30.0,1,1.0,2025-03-05 21:12:06,0,,,,0,1,1743628326000000000
6600,2025-02-12 23:52:35,Organic,USA,3,9.0,0,,,0,,,,0,1,1743551555000000000
6601,2025-01-07 10:47:22,Organic,India,7,42.0,1,3.0,2025-01-10 10:47:22,1,7.0,2025-01-14 10:47:22,Basic,50,0,
6602,2025-02-06 04:47:20,Ads,India,5,15.0,1,2.0,2025-02-08 04:47:20,0,,,,0,0,
6603,2025-01-09 21:23:43,Organic,Canada,5,15.0,1,3.0,2025-01-12 21:23:43,1,5.0,2025-01-14 21:23:43,Pro,120,1,1738877023000000000
6604,2025-02-19 19:27:57,Referral,USA,4,12.0,1,2.0,2025-02-21 19:27:57,0,,,,0,0,
6605,2025-02-17 10:28:55,Organic,Canada,3,9.0,1,3.0,2025-02-20 10:28:55,0,,,,0,0,
6606,2025-02-25 00:21:32,Referral,USA,6,27.0,1,2.0,2025-02-27 00:21:32,0,,,,0,1,1744158092000000000
6607,2025-03-02 05:47:24,Organic,USA,8,24.0,1,3.0,2025-03-05 05:47:24,0,,,,0,1,1745473644000000000
6608,2025-01-14 13:38:24,Organic,Germany,5,15.0,1,1.0,2025-01-15 13:38:24,0,,,,0,0,
6609,2025-03-14 01:59:12,Organic,Germany,5,20.0,0,,,0,,,,0,0,
6610,2025-03-24 16:37:56,Ads,India,6,18.0,1,1.0,2025-03-25 16:37:56,0,,,,0,1,1745253476000000000
6611,2025-01-20 00:38:29,Ads,Canada,2,9.0,1,1.0,2025-01-21 00:38:29,0,,,,0,1,1742085509000000000
6612,2025-03-07 16:05:38,Organic,India,4,18.0,1,2.0,2025-03-09 16:05:38,0,,,,0,0,
6613,2025-03-01 03:05:28,Organic,India,7,21.0,1,2.0,2025-03-03 03:05:28,1,9.0,2025-03-10 03:05:28,Pro,120,0,
6614,2025-02-28 13:46:35,Ads,USA,7,31.5,1,2.0,2025-03-02 13:46:35,0,,,,0,1,1744897595000000000
6615,2025-03-08 18:30:49,Organic,Germany,7,21.0,1,3.0,2025-03-11 18:30:49,0,,,,0,0,
6616,2025-01-24 03:18:37,Ads,Germany,3,9.0,0,,,0,,,,0,0,
6617,2025-01-11 15:18:54,Organic,India,7,28.0,0,,,0,,,,0,1,1739805534000000000
6618,2025-01-22 11:29:57,Ads,UK,7,28.0,0,,,0,,,,0,0,
6619,2025-03-07 04:11:47,Ads,Canada,3,9.0,1,3.0,2025-03-10 04:11:47,0,,,,0,1,1744431107000000000
6620,2025-03-15 20:05:15,Referral,India,1,4.0,0,,,0,,,,0,1,1744056315000000000
6621,2025-02-03 21:48:55,Ads,UK,3,13.5,1,1.0,2025-02-04 21:48:55,0,,,,0,1,1741470535000000000
6622,2025-02-23 15:54:00,Organic,USA,4,18.0,1,2.0,2025-02-25 15:54:00,0,,,,0,1,1743350040000000000
6623,2025-03-10 00:22:36,Organic,India,6,18.0,1,1.0,2025-03-11 00:22:36,1,10.0,2025-03-20 00:22:36,Basic,50,1,1746490956000000000
6624,2025-03-17 02:42:39,Ads,UK,4,8.0,0,,,0,,,,0,0,
6625,2025-01-06 21:59:22,Ads,India,6,36.0,1,1.0,2025-01-07 21:59:22,0,,,,0,0,
6626,2025-01-30 18:05:25,Referral,India,6,18.0,0,,,0,,,,0,0,
6627,2025-02-09 11:32:14,Ads,India,4,18.0,1,2.0,2025-02-11 11:32:14,1,7.0,2025-02-16 11:32:14,Basic,50,0,
6628,2025-01-29 01:57:57,Ads,UK,4,18.0,1,2.0,2025-01-31 01:57:57,0,,,,0,1,1739843877000000000
6629,2025-03-01 01:08:07,Organic,USA,6,36.0,1,2.0,2025-03-03 01:08:07,0,,,,0,0,
6630,2025-03-25 08:16:27,Organic,USA,8,48.0,1,3.0,2025-03-28 08:16:27,1,9.0,2025-04-03 08:16:27,Basic,50,0,
6631,2025-03-03 15:07:32,Organic,USA,7,31.5,1,1.0,2025-03-04 15:07:32,0,,,,0,0,
6632,2025-03-06 14:08:29,Organic,India,10,30.0,1,3.0,2025-03-09 14:08:29,0,,,,0,1,1743516509000000000
6633,2025-02-07 01:00:50,Ads,Canada,3,12.0,0,,,0,,,,0,0,
6634,2025-01-27 09:04:02,Organic,USA,4,12.0,1,3.0,2025-01-30 09:04:02,0,,,,0,1,1741856642000000000
6635,2025-03-01 12:15:40,Organic,India,2,8.0,0,,,0,,,,0,1,1745324140000000000
6636,2025-01-16 06:00:21,Organic,India,6,36.0,1,3.0,2025-01-19 06:00:21,0,,,,0,1,1741672821000000000
6637,2025-03-16 04:15:29,Organic,India,2,6.0,0,,,0,,,,0,1,1746072929000000000
6638,2025-02-12 02:32:47,Organic,Germany,4,18.0,1,3.0,2025-02-15 02:32:47,1,9.0,2025-02-21 02:32:47,Basic,50,0,
6639,2025-01-28 09:44:53,Ads,USA,1,6.0,1,3.0,2025-01-31 09:44:53,1,10.0,2025-02-07 09:44:53,Pro,120,0,
6640,2025-01-17 16:05:51,Organic,UK,4,16.0,0,,,0,,,,0,1,1740758751000000000
6641,2025-03-08 17:42:20,Ads,India,4,18.0,1,3.0,2025-03-11 17:42:20,0,,,,0,1,1742838140000000000
6642,2025-01-22 23:28:37,Ads,USA,6,27.0,1,1.0,2025-01-23 23:28:37,1,6.0,2025-01-28 23:28:37,Basic,50,0,
6643,2025-02-28 11:38:47,Referral,Germany,6,12.0,0,,,0,,,,0,0,
6644,2025-01-09 13:26:14,Organic,India,7,14.0,0,,,0,,,,0,1,1738243574000000000
6645,2025-02-17 02:58:15,Organic,USA,4,12.0,1,1.0,2025-02-18 02:58:15,1,13.0,2025-03-02 02:58:15,Basic,50,1,1743476295000000000
6646,2025-01-04 18:23:57,Organic,Germany,4,18.0,1,3.0,2025-01-07 18:23:57,1,9.0,2025-01-13 18:23:57,Pro,120,1,1737656637000000000
6647,2025-01-22 00:39:20,Organic,UK,10,45.0,1,1.0,2025-01-23 00:39:20,0,,,,0,0,
6648,2025-01-25 04:50:13,Referral,India,2,6.0,1,3.0,2025-01-28 04:50:13,0,,,,0,1,1742187013000000000
6649,2025-03-16 15:12:13,Ads,India,5,22.5,1,3.0,2025-03-19 15:12:13,0,,,,0,1,1743520333000000000
6650,2025-02-12 00:30:23,Ads,India,4,8.0,0,,,0,,,,0,1,1743899423000000000
6651,2025-02-12 14:44:50,Organic,Canada,4,8.0,0,,,0,,,,0,1,1743086690000000000
6652,2025-03-11 08:15:05,Ads,USA,6,18.0,1,2.0,2025-03-13 08:15:05,0,,,,0,1,1746519305000000000
6653,2025-01-11 02:27:14,Organic,Germany,7,42.0,1,2.0,2025-01-13 02:27:14,0,,,,0,1,1739586434000000000
6654,2025-03-11 22:43:11,Ads,India,5,15.0,1,1.0,2025-03-12 22:43:11,1,7.0,2025-03-18 22:43:11,Basic,50,0,
6655,2025-02-23 16:09:30,Ads,USA,2,8.0,0,,,0,,,,0,1,1742573370000000000
6656,2025-03-18 16:39:39,Organic,India,5,15.0,1,1.0,2025-03-19 16:39:39,1,10.0,2025-03-28 16:39:39,Pro,120,1,1745771979000000000
6657,2025-01-08 04:08:16,Organic,India,10,60.0,1,2.0,2025-01-10 04:08:16,0,,,,0,1,1740283696000000000
6658,2025-02-17 03:10:50,Referral,India,5,10.0,0,,,0,,,,0,0,
6659,2025-03-10 03:29:34,Organic,India,6,18.0,0,,,0,,,,0,1,1743218974000000000
6660,2025-02-17 14:25:32,Organic,Canada,0,0.0,0,,,0,,,,0,1,1741357532000000000
6661,2025-02-19 22:26:06,Organic,India,3,6.0,0,,,0,,,,0,1,1744755966000000000
6662,2025-03-27 02:15:32,Organic,USA,10,45.0,1,1.0,2025-03-28 02:15:32,1,14.0,2025-04-10 02:15:32,Basic,50,0,
6663,2025-03-06 09:00:45,Ads,Germany,4,18.0,1,2.0,2025-03-08 09:00:45,0,,,,0,1,1743498045000000000
6664,2025-01-12 22:48:19,Ads,Germany,4,8.0,0,,,0,,,,0,1,1740782899000000000
6665,2025-02-14 05:21:28,Ads,India,8,36.0,1,1.0,2025-02-15 05:21:28,0,,,,0,1,1741152088000000000
6666,2025-03-29 04:55:04,Organic,Germany,6,18.0,0,,,0,,,,0,1,1745384104000000000
6667,2025-02-04 10:40:30,Ads,India,3,9.0,0,,,0,,,,0,1,1743072030000000000
6668,2025-03-12 02:59:09,Referral,USA,5,15.0,1,3.0,2025-03-15 02:59:09,0,,,,0,1,1745549949000000000
6669,2025-01-27 23:35:48,Organic,Canada,8,48.0,1,1.0,2025-01-28 23:35:48,1,9.0,2025-02-05 23:35:48,Pro,120,1,1741563348000000000
6670,2025-02-20 22:45:13,Organic,UK,8,16.0,0,,,0,,,,0,1,1743893113000000000
6671,2025-01-24 07:05:55,Referral,Canada,4,12.0,1,3.0,2025-01-27 07:05:55,0,,,,0,0,
6672,2025-03-22 15:12:38,Organic,Canada,4,24.0,1,3.0,2025-03-25 15:12:38,0,,,,0,0,
6673,2025-02-21 19:41:50,Organic,India,7,14.0,0,,,0,,,,0,0,
6674,2025-03-17 23:41:09,Organic,USA,3,18.0,1,1.0,2025-03-18 23:41:09,0,,,,0,1,1744760469000000000
6675,2025-03-25 07:45:07,Organic,India,5,22.5,1,3.0,2025-03-28 07:45:07,0,,,,0,0,
6676,2025-02-02 11:31:24,Organic,USA,4,18.0,1,3.0,2025-02-05 11:31:24,0,,,,0,1,1743334284000000000
6677,2025-01-22 10:08:44,Organic,India,3,9.0,1,1.0,2025-01-23 10:08:44,0,,,,0,0,
6678,2025-03-17 23:27:58,Ads,India,2,6.0,1,3.0,2025-03-20 23:27:58,1,13.0,2025-03-30 23:27:58,Pro,120,0,
6679,2025-02-03 09:49:29,Organic,Canada,2,9.0,1,1.0,2025-02-04 09:49:29,1,6.0,2025-02-09 09:49:29,Basic,50,1,1741686569000000000
6680,2025-03-20 12:02:57,Referral,Canada,6,36.0,1,1.0,2025-03-21 12:02:57,0,,,,0,1,1743768177000000000
6681,2025-02-08 18:40:48,Organic,USA,6,27.0,1,1.0,2025-02-09 18:40:48,1,6.0,2025-02-14 18:40:48,Basic,50,0,
6682,2025-01-19 16:21:39,Referral,USA,4,12.0,1,3.0,2025-01-22 16:21:39,1,11.0,2025-01-30 16:21:39,Basic,50,1,1741537299000000000
6683,2025-03-18 01:42:11,Referral,UK,1,4.5,1,3.0,2025-03-21 01:42:11,0,,,,0,1,1744335731000000000
6684,2025-01-14 05:04:12,Ads,USA,6,27.0,1,3.0,2025-01-17 05:04:12,0,,,,0,1,1740805452000000000
6685,2025-03-20 21:21:20,Referral,Germany,8,48.0,1,3.0,2025-03-23 21:21:20,0,,,,0,1,1744838480000000000
6686,2025-03-24 10:00:21,Ads,India,3,9.0,0,,,0,,,,0,1,1744538421000000000
6687,2025-03-26 10:04:19,Referral,USA,6,36.0,1,2.0,2025-03-28 10:04:19,0,,,,0,1,1747130659000000000
6688,2025-03-06 05:49:20,Organic,Germany,4,18.0,1,2.0,2025-03-08 05:49:20,0,,,,0,0,
6689,2025-03-21 16:34:08,Organic,Germany,2,8.0,0,,,0,,,,0,1,1745512448000000000
6690,2025-03-22 00:49:18,Ads,USA,2,12.0,1,2.0,2025-03-24 00:49:18,0,,,,0,1,1744591758000000000
6691,2025-01-15 05:53:16,Organic,India,4,18.0,1,2.0,2025-01-17 05:53:16,1,11.0,2025-01-26 05:53:16,Basic,50,0,
6692,2025-01-02 07:38:56,Referral,Canada,10,30.0,0,,,1,10.0,2025-01-12 07:38:56,Basic,50,0,
6693,2025-02-18 17:36:23,Referral,USA,4,18.0,1,2.0,2025-02-20 17:36:23,0,,,,0,1,1744824983000000000
6694,2025-03-29 06:22:49,Organic,UK,3,12.0,0,,,0,,,,0,1,1744784569000000000
6695,2025-02-07 14:37:59,Referral,USA,4,12.0,1,3.0,2025-02-10 14:37:59,1,8.0,2025-02-15 14:37:59,Pro,120,0,
6696,2025-02-10 15:38:25,Organic,India,6,18.0,1,2.0,2025-02-12 15:38:25,0,,,,0,1,1743781105000000000
6697,2025-03-03 12:11:06,Organic,India,1,6.0,1,3.0,2025-03-06 12:11:06,0,,,,0,1,1744719066000000000
6698,2025-02-19 13:00:28,Ads,USA,4,16.0,0,,,0,,,,0,1,1744462828000000000
6699,2025-03-06 22:32:54,Organic,India,5,30.0,1,3.0,2025-03-09 22:32:54,0,,,,0,0,
6700,2025-01-23 03:14:53,Ads,India,7,31.5,1,2.0,2025-01-25 03:14:53,1,10.0,2025-02-02 03:14:53,Basic,50,1,1742267693000000000
6701,2025-01-29 03:55:51,Ads,USA,7,31.5,1,3.0,2025-02-01 03:55:51,1,8.0,2025-02-06 03:55:51,Basic,50,1,1740801351000000000
6702,2025-01-26 08:04:23,Organic,USA,5,15.0,0,,,0,,,,0,0,
6703,2025-02-04 12:23:22,Ads,India,1,2.0,0,,,0,,,,0,1,1742819002000000000
6704,2025-02-02 15:06:22,Ads,India,6,27.0,1,3.0,2025-02-05 15:06:22,0,,,,0,0,
6705,2025-01-12 12:06:18,Organic,Germany,7,14.0,0,,,0,,,,0,0,
6706,2025-01-06 04:14:04,Organic,India,5,15.0,0,,,0,,,,0,1,1741148044000000000
6707,2025-03-05 05:46:14,Referral,India,6,18.0,1,2.0,2025-03-07 05:46:14,0,,,,0,1,1746078374000000000
6708,2025-01-29 14:59:48,Referral,India,2,12.0,1,3.0,2025-02-01 14:59:48,0,,,,0,1,1742482788000000000
6709,2025-03-14 08:40:16,Organic,Canada,8,48.0,1,1.0,2025-03-15 08:40:16,0,,,,0,1,1745052016000000000
6710,2025-02-21 07:07:07,Organic,USA,8,48.0,1,2.0,2025-02-23 07:07:07,0,,,,0,1,1743145627000000000
6711,2025-02-10 06:23:20,Referral,India,6,18.0,1,2.0,2025-02-12 06:23:20,0,,,,0,0,
6712,2025-03-07 10:36:44,Ads,India,4,12.0,1,3.0,2025-03-10 10:36:44,0,,,,0,1,1743763004000000000
6713,2025-01-10 17:02:07,Organic,UK,8,36.0,1,2.0,2025-01-12 17:02:07,0,,,,0,1,1740157327000000000
6714,2025-01-01 23:00:06,Ads,UK,6,18.0,1,1.0,2025-01-02 23:00:06,0,,,,0,1,1738537206000000000
6715,2025-02-16 14:09:05,Organic,USA,1,2.0,0,,,0,,,,0,1,1743775745000000000
6716,2025-02-02 17:50:45,Ads,India,3,13.5,1,3.0,2025-02-05 17:50:45,1,11.0,2025-02-13 17:50:45,Basic,50,1,1742147445000000000
6717,2025-01-15 19:11:13,Organic,India,3,6.0,0,,,0,,,,0,1,1739819473000000000
6718,2025-03-01 19:43:58,Organic,USA,4,12.0,1,2.0,2025-03-03 19:43:58,0,,,,0,1,1745005438000000000
6719,2025-03-02 00:40:48,Organic,UK,8,48.0,1,2.0,2025-03-04 00:40:48,1,8.0,2025-03-10 00:40:48,Basic,50,1,1743381648000000000
6720,2025-02-17 15:15:41,Referral,India,2,9.0,1,2.0,2025-02-19 15:15:41,0,,,,0,1,1742310941000000000
6721,2025-03-17 02:28:54,Ads,USA,5,30.0,1,3.0,2025-03-20 02:28:54,0,,,,0,1,1745116134000000000
6722,2025-03-20 11:01:32,Ads,India,4,12.0,1,1.0,2025-03-21 11:01:32,1,7.0,2025-03-27 11:01:32,Pro,120,1,1746874892000000000
6723,2025-02-10 00:25:21,Ads,USA,9,40.5,1,1.0,2025-02-11 00:25:21,0,,,,0,0,
6724,2025-03-10 15:59:24,Organic,USA,7,31.5,1,1.0,2025-03-11 15:59:24,0,,,,0,0,
6725,2025-02-24 05:06:53,Referral,Germany,4,16.0,0,,,0,,,,0,0,
6726,2025-03-10 15:48:45,Organic,USA,7,42.0,1,2.0,2025-03-12 15:48:45,0,,,,0,1,1743436125000000000
6727,2025-02-23 14:38:09,Referral,USA,2,12.0,1,2.0,2025-02-25 14:38:09,0,,,,0,1,1743345489000000000
6728,2025-02-09 02:18:52,Organic,India,4,18.0,1,2.0,2025-02-11 02:18:52,0,,,,0,1,1741832332000000000
6729,2025-01-29 09:51:38,Organic,India,4,12.0,0,,,1,14.0,2025-02-12 09:51:38,Basic,50,0,
6730,2025-02-28 00:03:32,Ads,India,7,31.5,1,2.0,2025-03-02 00:03:32,0,,,,0,1,1745280212000000000
6731,2025-02-28 09:20:29,Ads,India,12,36.0,0,,,0,,,,0,1,1742203229000000000
6732,2025-03-07 18:51:00,Referral,India,5,15.0,1,1.0,2025-03-08 18:51:00,0,,,,0,0,
6733,2025-01-27 09:03:43,Ads,Germany,3,12.0,0,,,0,,,,0,1,1739696623000000000
6734,2025-01-29 05:25:10,Organic,USA,5,22.5,1,3.0,2025-02-01 05:25:10,0,,,,0,1,1742621110000000000
6735,2025-01-06 18:28:32,Referral,India,1,2.0,0,,,0,,,,0,0,
6736,2025-02-10 12:29:27,Organic,India,5,30.0,1,2.0,2025-02-12 12:29:27,0,,,,0,0,
6737,2025-01-09 21:10:42,Referral,India,3,13.5,1,1.0,2025-01-10 21:10:42,1,13.0,2025-01-22 21:10:42,Pro,120,0,
6738,2025-01-06 12:01:18,Ads,India,6,18.0,1,1.0,2025-01-07 12:01:18,1,14.0,2025-01-20 12:01:18,Basic,50,0,
6739,2025-01-23 08:14:00,Organic,India,3,13.5,1,1.0,2025-01-24 08:14:00,0,,,,0,0,
6740,2025-03-18 05:18:43,Organic,USA,3,6.0,0,,,0,,,,0,1,1743743923000000000
6741,2025-01-05 09:26:33,Organic,Germany,6,36.0,1,1.0,2025-01-06 09:26:33,0,,,,0,1,1738142793000000000
6742,2025-01-06 17:29:15,Organic,USA,3,6.0,0,,,0,,,,0,0,
6743,2025-03-05 09:54:38,Organic,USA,6,24.0,0,,,0,,,,0,1,1744106078000000000
6744,2025-01-18 14:16:20,Organic,Canada,7,21.0,1,2.0,2025-01-20 14:16:20,0,,,,0,0,
6745,2025-03-12 08:01:26,Organic,India,6,12.0,0,,,0,,,,0,1,1744358486000000000
6746,2025-03-07 17:38:07,Ads,India,2,9.0,1,3.0,2025-03-10 17:38:07,0,,,,0,0,
6747,2025-03-26 22:14:11,Referral,USA,6,12.0,0,,,0,,,,0,1,1747520051000000000
6748,2025-02-26 00:32:29,Organic,UK,5,15.0,0,,,0,,,,0,1,1742085149000000000
6749,2025-01-19 19:48:48,Organic,USA,3,18.0,1,2.0,2025-01-21 19:48:48,0,,,,0,0,
6750,2025-03-12 13:31:36,Organic,India,7,21.0,1,3.0,2025-03-15 13:31:36,0,,,,0,1,1745069496000000000
6751,2025-02-03 17:36:51,Ads,Germany,4,18.0,1,1.0,2025-02-04 17:36:51,1,14.0,2025-02-17 17:36:51,Pro,120,0,
6752,2025-02-02 06:26:16,Referral,India,7,31.5,1,2.0,2025-02-04 06:26:16,0,,,,0,0,
6753,2025-03-06 02:45:09,Ads,UK,7,28.0,0,,,0,,,,0,0,
6754,2025-01-16 03:20:14,Referral,Canada,6,18.0,1,2.0,2025-01-18 03:20:14,1,12.0,2025-01-28 03:20:14,Basic,50,0,
6755,2025-01-27 00:21:20,Ads,India,2,6.0,1,2.0,2025-01-29 00:21:20,0,,,,0,1,1740183680000000000
6756,2025-02-23 23:05:15,Ads,Canada,5,22.5,1,1.0,2025-02-24 23:05:15,0,,,,0,1,1743203115000000000
6757,2025-03-18 06:19:14,Organic,UK,5,15.0,0,,,0,,,,0,1,1744870754000000000
6758,2025-03-30 12:44:58,Referral,Germany,6,18.0,1,2.0,2025-04-01 12:44:58,1,9.0,2025-04-08 12:44:58,Pro,120,0,
6759,2025-03-30 03:26:25,Referral,India,6,36.0,1,3.0,2025-04-02 03:26:25,0,,,,0,0,
6760,2025-02-02 15:50:39,Ads,Germany,9,40.5,1,1.0,2025-02-03 15:50:39,0,,,,0,1,1739980239000000000
6761,2025-02-27 04:31:04,Referral,India,4,8.0,0,,,0,,,,0,1,1743654664000000000
6762,2025-01-04 10:59:43,Organic,UK,1,3.0,1,1.0,2025-01-05 10:59:43,0,,,,0,0,
6763,2025-02-09 02:01:50,Referral,USA,4,18.0,1,2.0,2025-02-11 02:01:50,0,,,,0,0,
6764,2025-02-11 16:42:51,Organic,India,6,18.0,1,2.0,2025-02-13 16:42:51,0,,,,0,1,1743266571000000000
6765,2025-01-14 04:00:13,Organic,India,8,32.0,0,,,0,,,,0,0,
6766,2025-02-14 21:45:28,Organic,India,5,22.5,1,3.0,2025-02-17 21:45:28,1,9.0,2025-02-23 21:45:28,Basic,50,1,1744494328000000000
6767,2025-02-14 14:54:48,Referral,India,5,30.0,1,2.0,2025-02-16 14:54:48,0,,,,0,1,1741704888000000000
6768,2025-03-23 11:31:19,Referral,India,9,54.0,1,2.0,2025-03-25 11:31:19,0,,,,0,1,1747740679000000000
6769,2025-03-29 03:15:19,Referral,India,3,18.0,1,1.0,2025-03-30 03:15:19,0,,,,0,1,1748056519000000000
6770,2025-01-25 11:33:46,Referral,India,7,42.0,1,3.0,2025-01-28 11:33:46,0,,,,0,0,
6771,2025-03-22 13:59:25,Organic,USA,7,42.0,1,1.0,2025-03-23 13:59:25,0,,,,0,1,1744984765000000000
6772,2025-01-16 12:24:43,Referral,USA,2,9.0,1,2.0,2025-01-18 12:24:43,0,,,,0,0,
6773,2025-02-12 00:26:40,Referral,Canada,5,10.0,0,,,0,,,,0,1,1743467200000000000
6774,2025-03-11 09:10:02,Ads,USA,6,27.0,1,2.0,2025-03-13 09:10:02,0,,,,0,1,1742980202000000000
6775,2025-02-03 00:48:39,Organic,India,3,6.0,0,,,0,,,,0,1,1742777319000000000
6776,2025-01-31 22:41:45,Ads,USA,6,12.0,0,,,0,,,,0,1,1740091305000000000
6777,2025-03-15 00:05:17,Referral,UK,7,14.0,0,,,0,,,,0,0,
6778,2025-02-11 15:12:50,Referral,India,5,30.0,1,2.0,2025-02-13 15:12:50,0,,,,0,1,1741273970000000000
6779,2025-02-08 06:13:30,Referral,USA,4,24.0,1,1.0,2025-02-09 06:13:30,0,,,,0,0,
6780,2025-01-06 05:53:42,Referral,USA,3,9.0,1,3.0,2025-01-09 05:53:42,1,11.0,2025-01-17 05:53:42,Pro,120,1,1739512422000000000
6781,2025-01-25 04:10:18,Referral,Germany,3,6.0,0,,,1,10.0,2025-02-04 04:10:18,Pro,120,0,
6782,2025-02-25 22:14:54,Ads,USA,2,4.0,0,,,1,13.0,2025-03-10 22:14:54,Basic,50,1,1745360094000000000
6783,2025-03-05 23:30:24,Ads,UK,3,9.0,1,2.0,2025-03-07 23:30:24,0,,,,0,1,1744327824000000000
6784,2025-01-31 02:02:07,Organic,India,3,12.0,0,,,0,,,,0,1,1740967327000000000
6785,2025-03-29 22:08:57,Ads,UK,4,18.0,1,1.0,2025-03-30 22:08:57,1,5.0,2025-04-03 22:08:57,Basic,50,1,1745273337000000000
6786,2025-03-22 03:02:52,Ads,India,4,12.0,0,,,0,,,,0,1,1747105372000000000
6787,2025-02-20 22:27:32,Referral,USA,8,48.0,1,1.0,2025-02-21 22:27:32,0,,,,0,1,1744842452000000000
6788,2025-03-08 00:52:36,Organic,USA,4,18.0,1,2.0,2025-03-10 00:52:36,1,11.0,2025-03-19 00:52:36,Basic,50,0,
6789,2025-02-23 18:21:27,Organic,Germany,7,42.0,1,3.0,2025-02-26 18:21:27,0,,,,0,0,
6790,2025-03-12 02:36:06,Organic,India,5,20.0,0,,,0,,,,0,1,1743820566000000000
6791,2025-03-20 05:46:31,Ads,India,3,9.0,1,3.0,2025-03-23 05:46:31,0,,,,0,1,1744955191000000000
6792,2025-01-31 00:19:17,Ads,UK,4,12.0,1,3.0,2025-02-03 00:19:17,0,,,,0,1,1742689157000000000
6793,2025-02-02 09:11:49,Organic,USA,9,18.0,0,,,0,,,,0,0,
6794,2025-03-27 02:34:25,Organic,India,5,30.0,1,2.0,2025-03-29 02:34:25,0,,,,0,0,
6795,2025-03-23 16:33:41,Organic,India,10,45.0,1,2.0,2025-03-25 16:33:41,0,,,,0,0,
6796,2025-03-20 09:51:32,Organic,India,6,24.0,0,,,0,,,,0,1,1744105892000000000
6797,2025-03-10 13:21:48,Organic,USA,7,31.5,1,1.0,2025-03-11 13:21:48,0,,,,0,1,1746019308000000000
6798,2025-02-04 03:15:11,Organic,Canada,2,8.0,0,,,0,,,,0,0,
6799,2025-03-12 19:58:42,Organic,India,4,8.0,0,,,0,,,,0,1,1743710322000000000
6800,2025-03-06 12:44:37,Organic,Canada,2,8.0,0,,,0,,,,0,0,
6801,2025-03-22 02:11:19,Organic,USA,4,16.0,0,,,0,,,,0,1,1746756679000000000
6802,2025-03-19 02:34:24,Referral,India,4,24.0,1,3.0,2025-03-22 02:34:24,0,,,,0,0,
6803,2025-01-03 12:21:54,Organic,USA,3,9.0,0,,,0,,,,0,1,1740572514000000000
6804,2025-01-31 11:58:42,Organic,UK,0,0.0,0,,,0,,,,0,1,1743163122000000000
6805,2025-03-08 07:13:14,Organic,India,2,6.0,1,2.0,2025-03-10 07:13:14,0,,,,0,0,
6806,2025-03-16 14:31:51,Organic,UK,10,40.0,0,,,0,,,,0,0,
6807,2025-02-10 02:47:12,Organic,UK,4,12.0,1,2.0,2025-02-12 02:47:12,0,,,,0,0,
6808,2025-01-09 15:58:12,Organic,India,4,16.0,0,,,0,,,,0,1,1738425492000000000
6809,2025-01-28 13:56:02,Ads,India,5,15.0,1,1.0,2025-01-29 13:56:02,0,,,,0,1,1742478962000000000
6810,2025-02-10 02:58:09,Ads,India,9,18.0,0,,,0,,,,0,1,1743389889000000000
6811,2025-01-25 00:52:55,Ads,UK,4,18.0,1,2.0,2025-01-27 00:52:55,0,,,,0,1,1741222375000000000
6812,2025-03-19 18:28:34,Ads,India,3,13.5,1,1.0,2025-03-20 18:28:34,0,,,,0,1,1743964114000000000
6813,2025-01-19 16:31:34,Organic,UK,10,40.0,0,,,0,,,,0,0,
6814,2025-03-21 00:06:18,Referral,USA,10,30.0,0,,,0,,,,0,0,
6815,2025-01-07 17:38:24,Organic,UK,3,18.0,1,2.0,2025-01-09 17:38:24,1,10.0,2025-01-17 17:38:24,Basic,50,0,
6816,2025-02-21 16:27:49,Ads,USA,7,42.0,1,1.0,2025-02-22 16:27:49,0,,,,0,1,1741796869000000000
6817,2025-02-08 01:23:30,Organic,India,4,18.0,1,1.0,2025-02-09 01:23:30,1,5.0,2025-02-13 01:23:30,Pro,120,0,
6818,2025-02-14 22:05:43,Referral,Germany,2,8.0,0,,,0,,,,0,0,
6819,2025-02-26 20:11:17,Ads,UK,4,24.0,1,3.0,2025-03-01 20:11:17,0,,,,0,1,1745007077000000000
6820,2025-02-06 10:06:19,Organic,USA,11,44.0,0,,,0,,,,0,1,1740305179000000000
6821,2025-01-23 12:25:37,Ads,USA,4,12.0,0,,,0,,,,0,1,1742646337000000000
6822,2025-01-24 15:03:01,Organic,USA,5,15.0,0,,,0,,,,0,1,1740063781000000000
6823,2025-01-01 21:41:56,Ads,India,3,13.5,1,1.0,2025-01-02 21:41:56,0,,,,0,0,
6824,2025-01-05 10:46:10,Ads,USA,5,15.0,0,,,0,,,,0,0,
6825,2025-01-24 09:50:43,Organic,India,7,31.5,1,2.0,2025-01-26 09:50:43,0,,,,0,1,1740736243000000000
6826,2025-02-09 01:24:19,Organic,Germany,0,0.0,1,1.0,2025-02-10 01:24:19,0,,,,0,1,1742001859000000000
6827,2025-02-09 23:03:49,Organic,USA,5,15.0,1,1.0,2025-02-10 23:03:49,0,,,,0,1,1741907029000000000
6828,2025-01-07 00:16:25,Ads,India,9,54.0,1,2.0,2025-01-09 00:16:25,0,,,,0,1,1739837785000000000
6829,2025-02-10 20:14:40,Organic,USA,3,13.5,1,2.0,2025-02-12 20:14:40,0,,,,0,0,
6830,2025-01-19 04:42:18,Ads,India,2,12.0,1,1.0,2025-01-20 04:42:18,0,,,,0,1,1740544938000000000
6831,2025-01-24 08:22:17,Referral,India,6,18.0,1,2.0,2025-01-26 08:22:17,0,,,,0,1,1741767737000000000
6832,2025-01-27 21:28:44,Organic,USA,5,15.0,1,2.0,2025-01-29 21:28:44,0,,,,0,1,1739741324000000000
6833,2025-01-26 19:02:11,Referral,USA,4,12.0,1,3.0,2025-01-29 19:02:11,1,9.0,2025-02-04 19:02:11,Basic,50,0,
6834,2025-01-19 20:42:33,Ads,Germany,4,18.0,1,2.0,2025-01-21 20:42:33,0,,,,0,1,1741639353000000000
6835,2025-03-01 23:05:03,Organic,Germany,4,18.0,1,3.0,2025-03-04 23:05:03,0,,,,0,1,1742943903000000000
6836,2025-01-03 14:50:56,Organic,India,4,8.0,0,,,0,,,,0,1,1739458256000000000
6837,2025-02-28 01:31:20,Ads,USA,5,30.0,1,2.0,2025-03-02 01:31:20,0,,,,0,1,1743211880000000000
6838,2025-02-28 19:11:31,Organic,Canada,6,18.0,0,,,1,10.0,2025-03-10 19:11:31,Pro,120,1,1745003491000000000
6839,2025-03-21 07:51:18,Organic,India,3,9.0,1,3.0,2025-03-24 07:51:18,0,,,,0,1,1746517878000000000
6840,2025-01-05 20:48:59,Organic,UK,5,30.0,1,3.0,2025-01-08 20:48:59,0,,,,0,1,1739825339000000000
6841,2025-03-17 03:58:10,Ads,Canada,2,6.0,0,,,0,,,,0,1,1746676690000000000
6842,2025-03-08 05:48:41,Ads,UK,7,21.0,1,2.0,2025-03-10 05:48:41,0,,,,0,1,1742881721000000000
6843,2025-02-09 01:01:47,Ads,India,6,18.0,1,2.0,2025-02-11 01:01:47,1,7.0,2025-02-16 01:01:47,Basic,50,1,1741654907000000000
6844,2025-01-07 08:50:42,Organic,Germany,2,12.0,1,3.0,2025-01-10 08:50:42,0,,,,0,1,1740559842000000000
6845,2025-03-23 00:57:17,Referral,Canada,6,18.0,1,2.0,2025-03-25 00:57:17,0,,,,0,1,1747270637000000000
6846,2025-02-10 11:37:11,Referral,UK,3,9.0,1,2.0,2025-02-12 11:37:11,0,,,,0,1,1741433831000000000
6847,2025-02-02 23:13:59,Organic,India,4,24.0,1,1.0,2025-02-03 23:13:59,0,,,,0,1,1742426039000000000
6848,2025-03-11 04:35:06,Organic,UK,11,33.0,1,1.0,2025-03-12 04:35:06,0,,,,0,1,1745987706000000000
6849,2025-03-05 18:33:36,Referral,India,4,18.0,1,3.0,2025-03-08 18:33:36,0,,,,0,1,1745346816000000000
6850,2025-02-24 15:15:53,Referral,India,6,18.0,1,1.0,2025-02-25 15:15:53,0,,,,0,1,1743952553000000000
6851,2025-03-21 00:44:01,Ads,USA,3,18.0,1,1.0,2025-03-22 00:44:01,0,,,,0,1,1744159441000000000
6852,2025-03-14 15:52:15,Referral,Germany,2,6.0,0,,,0,,,,0,0,
6853,2025-01-30 04:48:39,Ads,Canada,6,18.0,0,,,0,,,,0,0,
6854,2025-01-24 09:37:15,Organic,UK,10,60.0,1,2.0,2025-01-26 09:37:15,0,,,,0,0,
6855,2025-01-10 06:08:07,Ads,USA,3,9.0,0,,,0,,,,0,1,1738908487000000000
6856,2025-03-16 09:18:15,Ads,India,4,12.0,0,,,0,,,,0,0,
6857,2025-03-12 08:22:39,Referral,Canada,4,24.0,1,1.0,2025-03-13 08:22:39,0,,,,0,0,
6858,2025-03-23 14:47:13,Organic,USA,0,0.0,1,3.0,2025-03-26 14:47:13,0,,,,0,0,
6859,2025-02-14 13:11:31,Ads,Canada,4,18.0,1,3.0,2025-02-17 13:11:31,1,14.0,2025-02-28 13:11:31,Pro,120,1,1741957891000000000
6860,2025-03-02 22:01:09,Ads,USA,10,40.0,0,,,0,,,,0,0,
6861,2025-03-04 17:07:55,Organic,UK,7,21.0,1,2.0,2025-03-06 17:07:55,1,13.0,2025-03-17 17:07:55,Basic,50,0,
6862,2025-02-10 21:01:14,Organic,Canada,6,18.0,0,,,0,,,,0,1,1740776474000000000
6863,2025-01-29 00:27:52,Referral,India,6,18.0,1,2.0,2025-01-31 00:27:52,0,,,,0,1,1740961672000000000
6864,2025-03-26 21:51:42,Organic,India,8,24.0,0,,,0,,,,0,0,
6865,2025-02-03 21:11:43,Ads,India,6,18.0,1,3.0,2025-02-06 21:11:43,1,13.0,2025-02-16 21:11:43,Basic,50,0,
6866,2025-02-27 01:56:07,Referral,Germany,3,9.0,0,,,0,,,,0,0,
6867,2025-03-14 17:13:47,Organic,UK,3,13.5,1,3.0,2025-03-17 17:13:47,0,,,,0,1,1744823627000000000
6868,2025-03-14 20:33:34,Referral,UK,2,6.0,1,3.0,2025-03-17 20:33:34,0,,,,0,1,1745613214000000000
6869,2025-01-05 01:24:39,Ads,India,3,9.0,1,2.0,2025-01-07 01:24:39,1,8.0,2025-01-13 01:24:39,Basic,50,1,1738286679000000000
6870,2025-03-20 14:49:26,Organic,UK,5,22.5,1,3.0,2025-03-23 14:49:26,1,8.0,2025-03-28 14:49:26,Basic,50,0,
6871,2025-03-05 14:30:37,Organic,USA,7,21.0,1,2.0,2025-03-07 14:30:37,0,,,,0,1,1744036237000000000
6872,2025-03-17 05:17:32,Referral,India,7,21.0,1,3.0,2025-03-20 05:17:32,1,7.0,2025-03-24 05:17:32,Basic,50,0,
6873,2025-03-11 16:40:56,Organic,Germany,4,18.0,1,2.0,2025-03-13 16:40:56,1,5.0,2025-03-16 16:40:56,Basic,50,0,
6874,2025-02-25 20:09:34,Organic,India,0,0.0,1,3.0,2025-02-28 20:09:34,1,9.0,2025-03-06 20:09:34,Basic,50,1,1744920574000000000
6875,2025-03-17 10:59:45,Organic,India,3,9.0,0,,,0,,,,0,1,1744023585000000000
6876,2025-01-29 01:55:05,Organic,India,7,31.5,1,2.0,2025-01-31 01:55:05,0,,,,0,0,
6877,2025-02-25 16:34:31,Organic,India,7,31.5,1,2.0,2025-02-27 16:34:31,0,,,,0,0,
6878,2025-01-13 18:46:21,Referral,USA,4,12.0,1,3.0,2025-01-16 18:46:21,1,13.0,2025-01-26 18:46:21,Basic,50,1,1738435581000000000
6879,2025-03-16 16:44:37,Referral,India,6,27.0,1,1.0,2025-03-17 16:44:37,0,,,,0,1,1743957877000000000
6880,2025-03-29 08:38:01,Organic,Canada,5,22.5,1,2.0,2025-03-31 08:38:01,1,10.0,2025-04-08 08:38:01,Pro,120,0,
6881,2025-01-24 08:05:28,Organic,India,1,3.0,1,3.0,2025-01-27 08:05:28,0,,,,0,1,1742803528000000000
6882,2025-02-28 12:22:49,Ads,USA,5,22.5,1,1.0,2025-03-01 12:22:49,0,,,,0,1,1744892569000000000
6883,2025-02-21 07:19:47,Organic,USA,5,15.0,1,2.0,2025-02-23 07:19:47,0,,,,0,0,
6884,2025-03-19 08:40:07,Referral,UK,4,24.0,1,3.0,2025-03-22 08:40:07,0,,,,0,1,1744274407000000000
6885,2025-03-27 11:07:53,Referral,India,10,60.0,1,1.0,2025-03-28 11:07:53,0,,,,0,1,1746270473000000000
6886,2025-03-12 03:41:06,Referral,Germany,4,12.0,1,3.0,2025-03-15 03:41:06,0,,,,0,1,1745898066000000000
6887,2025-01-04 03:02:26,Organic,USA,2,9.0,1,2.0,2025-01-06 03:02:26,1,9.0,2025-01-13 03:02:26,Pro,120,0,
6888,2025-03-06 12:33:27,Organic,India,8,48.0,1,3.0,2025-03-09 12:33:27,0,,,,0,0,
6889,2025-02-19 18:57:08,Organic,USA,4,16.0,0,,,0,,,,0,1,1742151428000000000
6890,2025-03-17 08:16:02,Organic,USA,5,15.0,1,3.0,2025-03-20 08:16:02,0,,,,0,1,1744272962000000000
6891,2025-03-01 02:13:13,Organic,Canada,3,6.0,0,,,0,,,,0,1,1745287993000000000
6892,2025-01-07 07:07:06,Referral,India,9,54.0,1,2.0,2025-01-09 07:07:06,1,12.0,2025-01-19 07:07:06,Pro,120,0,
6893,2025-02-15 15:14:23,Referral,India,5,30.0,1,2.0,2025-02-17 15:14:23,1,8.0,2025-02-23 15:14:23,Basic,50,0,
6894,2025-02-19 20:41:20,Referral,India,7,31.5,1,2.0,2025-02-21 20:41:20,0,,,,0,1,1741380080000000000
6895,2025-02-20 15:13:18,Referral,India,5,15.0,0,,,0,,,,0,0,
6896,2025-03-14 06:18:10,Organic,UK,4,8.0,0,,,0,,,,0,1,1744093090000000000
6897,2025-03-17 01:13:47,Ads,USA,6,36.0,1,1.0,2025-03-18 01:13:47,0,,,,0,1,1747185227000000000
6898,2025-03-25 13:55:52,Organic,India,7,21.0,0,,,0,,,,0,1,1746366952000000000
6899,2025-03-12 07:13:56,Organic,India,3,13.5,1,1.0,2025-03-13 07:13:56,1,13.0,2025-03-25 07:13:56,Basic,50,1,1745046836000000000
6900,2025-03-12 03:46:51,Ads,India,3,6.0,0,,,0,,,,0,1,1746762411000000000
6901,2025-02-21 18:14:49,Ads,UK,6,36.0,1,3.0,2025-02-24 18:14:49,0,,,,0,1,1744568089000000000
6902,2025-01-17 02:10:54,Ads,Canada,8,48.0,1,2.0,2025-01-19 02:10:54,0,,,,0,0,
6903,2025-01-04 02:34:09,Organic,India,9,27.0,1,3.0,2025-01-07 02:34:09,1,8.0,2025-01-12 02:34:09,Basic,50,0,
6904,2025-02-02 23:52:54,Organic,India,7,21.0,0,,,1,8.0,2025-02-10 23:52:54,Pro,120,0,
6905,2025-03-30 04:55:58,Organic,USA,7,21.0,1,2.0,2025-04-01 04:55:58,0,,,,0,0,
6906,2025-03-06 14:54:41,Organic,Germany,1,3.0,1,3.0,2025-03-09 14:54:41,0,,,,0,1,1743778481000000000
6907,2025-02-21 06:44:35,Organic,USA,2,8.0,0,,,0,,,,0,1,1743921875000000000
6908,2025-03-21 18:55:07,Ads,India,7,42.0,1,2.0,2025-03-23 18:55:07,0,,,,0,1,1744311307000000000
6909,2025-02-18 07:48:38,Referral,India,8,24.0,1,1.0,2025-02-19 07:48:38,1,10.0,2025-02-28 07:48:38,Basic,50,0,
6910,2025-01-08 11:31:15,Organic,USA,11,49.5,1,3.0,2025-01-11 11:31:15,0,,,,0,0,
6911,2025-03-10 12:06:46,Ads,UK,3,9.0,0,,,0,,,,0,1,1743250006000000000
6912,2025-01-02 10:36:31,Organic,India,3,13.5,1,2.0,2025-01-04 10:36:31,0,,,,0,0,
6913,2025-03-21 16:05:10,Referral,India,2,4.0,0,,,1,10.0,2025-03-31 16:05:10,Pro,120,0,
6914,2025-03-20 23:04:15,Organic,USA,0,0.0,0,,,0,,,,0,1,1745190255000000000
6915,2025-01-08 09:31:44,Referral,India,2,12.0,1,3.0,2025-01-11 09:31:44,0,,,,0,0,
6916,2025-01-31 01:42:13,Referral,USA,4,8.0,0,,,0,,,,0,0,
6917,2025-02-27 12:00:24,Referral,India,4,24.0,1,1.0,2025-02-28 12:00:24,0,,,,0,1,1743249624000000000
6918,2025-03-01 11:13:05,Organic,UK,5,22.5,1,2.0,2025-03-03 11:13:05,1,7.0,2025-03-08 11:13:05,Pro,120,0,
6919,2025-02-21 15:13:33,Ads,India,3,9.0,1,1.0,2025-02-22 15:13:33,0,,,,0,1,1742915613000000000
6920,2025-02-08 03:52:34,Organic,Germany,3,12.0,0,,,0,,,,0,1,1743306754000000000
6921,2025-01-16 10:44:09,Organic,India,6,27.0,1,3.0,2025-01-19 10:44:09,0,,,,0,1,1738838649000000000
6922,2025-01-14 23:41:08,Organic,India,5,30.0,1,3.0,2025-01-17 23:41:08,1,5.0,2025-01-19 23:41:08,Basic,50,0,
6923,2025-01-14 10:15:52,Referral,Canada,3,9.0,1,2.0,2025-01-16 10:15:52,1,8.0,2025-01-22 10:15:52,Pro,120,0,
6924,2025-02-13 07:11:44,Referral,Canada,2,6.0,0,,,1,12.0,2025-02-25 07:11:44,Pro,120,0,
6925,2025-01-12 09:14:27,Organic,India,7,21.0,0,,,0,,,,0,1,1739697267000000000
6926,2025-02-07 07:20:53,Ads,Germany,6,27.0,1,3.0,2025-02-10 07:20:53,0,,,,0,1,1740727253000000000
6927,2025-03-14 23:27:16,Referral,India,5,10.0,0,,,0,,,,0,0,
6928,2025-01-28 09:11:25,Organic,USA,4,12.0,1,2.0,2025-01-30 09:11:25,0,,,,0,0,
6929,2025-03-13 16:53:16,Organic,India,10,30.0,1,2.0,2025-03-15 16:53:16,0,,,,0,0,
6930,2025-01-11 04:28:16,Organic,India,1,3.0,0,,,0,,,,0,1,1740630496000000000
6931,2025-03-25 23:14:59,Ads,USA,4,12.0,1,3.0,2025-03-28 23:14:59,0,,,,0,0,
6932,2025-02-11 13:20:37,Organic,USA,5,30.0,1,1.0,2025-02-12 13:20:37,0,,,,0,0,
6933,2025-01-26 11:29:00,Ads,USA,6,36.0,1,2.0,2025-01-28 11:29:00,0,,,,0,0,
6934,2025-02-01 10:06:06,Organic,USA,3,13.5,1,1.0,2025-02-02 10:06:06,0,,,,0,1,1741601166000000000
6935,2025-02-03 20:22:17,Organic,Germany,5,30.0,1,2.0,2025-02-05 20:22:17,0,,,,0,0,
6936,2025-02-25 08:59:37,Organic,India,1,6.0,1,2.0,2025-02-27 08:59:37,0,,,,0,0,
6937,2025-01-19 10:16:13,Organic,India,5,15.0,1,2.0,2025-01-21 10:16:13,0,,,,0,1,1738750573000000000
6938,2025-01-19 19:57:39,Organic,UK,6,27.0,1,3.0,2025-01-22 19:57:39,0,,,,0,0,
6939,2025-03-14 15:20:46,Organic,India,7,14.0,0,,,0,,,,0,0,
6940,2025-01-13 10:27:57,Referral,USA,5,30.0,1,2.0,2025-01-15 10:27:57,0,,,,0,1,1738060077000000000
6941,2025-03-10 12:56:56,Organic,USA,8,48.0,1,2.0,2025-03-12 12:56:56,0,,,,0,0,
6942,2025-01-18 01:15:00,Ads,India,2,12.0,1,3.0,2025-01-21 01:15:00,0,,,,0,1,1738890900000000000
6943,2025-03-20 05:36:23,Referral,Germany,4,18.0,1,3.0,2025-03-23 05:36:23,1,6.0,2025-03-26 05:36:23,Pro,120,0,
6944,2025-03-09 01:03:52,Referral,India,7,28.0,0,,,0,,,,0,0,
6945,2025-03-13 23:57:45,Referral,India,7,42.0,1,3.0,2025-03-16 23:57:45,0,,,,0,0,
6946,2025-03-30 04:13:56,Ads,India,5,22.5,1,1.0,2025-03-31 04:13:56,1,13.0,2025-04-12 04:13:56,Pro,120,1,1744863236000000000
6947,2025-03-22 07:59:01,Organic,India,4,8.0,0,,,0,,,,0,0,
6948,2025-01-04 10:39:44,Referral,India,8,36.0,1,1.0,2025-01-05 10:39:44,1,5.0,2025-01-09 10:39:44,Pro,120,0,
6949,2025-01-17 06:30:02,Referral,UK,4,12.0,0,,,0,,,,0,1,1740983402000000000
6950,2025-01-11 07:46:55,Referral,UK,5,15.0,1,3.0,2025-01-14 07:46:55,1,12.0,2025-01-23 07:46:55,Basic,50,0,
6951,2025-02-25 06:27:55,Ads,Canada,3,9.0,0,,,0,,,,0,1,1743575275000000000
6952,2025-01-29 17:51:42,Ads,India,4,12.0,1,2.0,2025-01-31 17:51:42,0,,,,0,1,1741974702000000000
6953,2025-03-16 19:32:38,Organic,India,7,42.0,1,1.0,2025-03-17 19:32:38,0,,,,0,0,
6954,2025-01-23 18:41:07,Ads,Germany,7,31.5,1,1.0,2025-01-24 18:41:07,0,,,,0,1,1741891267000000000
6955,2025-03-08 13:27:54,Organic,India,3,9.0,1,2.0,2025-03-10 13:27:54,0,,,,0,0,
6956,2025-01-20 02:42:28,Organic,Germany,3,9.0,0,,,0,,,,0,1,1738723348000000000
6957,2025-02-03 05:34:19,Ads,Canada,4,8.0,0,,,0,,,,0,1,1741066459000000000
6958,2025-01-10 21:25:41,Organic,Germany,10,30.0,1,3.0,2025-01-13 21:25:41,0,,,,0,1,1740173141000000000
6959,2025-03-24 10:50:15,Organic,India,4,8.0,0,,,0,,,,0,1,1746528615000000000
6960,2025-02-08 19:10:14,Referral,India,3,18.0,1,3.0,2025-02-11 19:10:14,0,,,,0,1,1742670614000000000
6961,2025-01-24 10:06:55,Referral,USA,5,22.5,1,3.0,2025-01-27 10:06:55,0,,,,0,1,1740132415000000000
6962,2025-02-04 20:08:07,Ads,UK,6,18.0,1,2.0,2025-02-06 20:08:07,0,,,,0,1,1740254887000000000
6963,2025-02-23 18:01:21,Ads,India,7,42.0,1,1.0,2025-02-24 18:01:21,0,,,,0,1,1743444081000000000
6964,2025-01-02 15:17:29,Referral,UK,1,6.0,1,1.0,2025-01-03 15:17:29,1,13.0,2025-01-15 15:17:29,Basic,50,0,
6965,2025-01-31 23:03:52,Organic,India,7,14.0,0,,,0,,,,0,1,1742943832000000000
6966,2025-03-04 06:48:19,Ads,USA,2,8.0,0,,,0,,,,0,1,1744440499000000000
6967,2025-02-21 23:17:04,Organic,Canada,6,27.0,1,3.0,2025-02-24 23:17:04,0,,,,0,0,
6968,2025-02-04 22:27:19,Organic,India,4,12.0,0,,,0,,,,0,1,1741300039000000000
6969,2025-01-19 20:24:22,Ads,India,4,18.0,1,1.0,2025-01-20 20:24:22,0,,,,0,1,1739651062000000000
6970,2025-01-02 13:36:10,Ads,India,6,18.0,1,1.0,2025-01-03 13:36:10,0,,,,0,0,
6971,2025-01-10 21:57:16,Organic,India,3,9.0,1,2.0,2025-01-12 21:57:16,0,,,,0,1,1740520636000000000
6972,2025-02-04 08:56:31,Organic,India,6,12.0,0,,,0,,,,0,0,
6973,2025-02-16 16:08:36,Ads,India,2,6.0,0,,,0,,,,0,1,1742918916000000000
6974,2025-02-23 17:38:01,Ads,India,8,36.0,1,2.0,2025-02-25 17:38:01,0,,,,0,1,1744393081000000000
6975,2025-02-04 01:50:36,Ads,Canada,6,36.0,1,3.0,2025-02-07 01:50:36,0,,,,0,0,
6976,2025-03-13 16:47:48,Organic,Germany,6,18.0,1,1.0,2025-03-14 16:47:48,0,,,,0,1,1746290868000000000
6977,2025-02-24 05:42:14,Ads,USA,5,15.0,1,1.0,2025-02-25 05:42:14,0,,,,0,1,1742103734000000000
6978,2025-01-11 14:26:44,Organic,India,3,18.0,1,3.0,2025-01-14 14:26:44,0,,,,0,1,1737988004000000000
6979,2025-03-17 15:20:23,Organic,India,3,12.0,0,,,1,5.0,2025-03-22 15:20:23,Pro,120,0,
6980,2025-01-19 10:43:06,Ads,UK,6,18.0,1,3.0,2025-01-22 10:43:06,1,14.0,2025-02-02 10:43:06,Pro,120,1,1739443386000000000
6981,2025-01-05 22:40:44,Ads,UK,8,24.0,0,,,0,,,,0,1,1738104044000000000
6982,2025-02-24 09:16:21,Organic,Germany,5,15.0,0,,,0,,,,0,1,1742894181000000000
6983,2025-03-24 19:28:04,Organic,India,5,10.0,0,,,0,,,,0,1,1745004484000000000
6984,2025-02-11 03:45:12,Ads,UK,4,12.0,0,,,1,14.0,2025-02-25 03:45:12,Basic,50,0,
6985,2025-02-27 23:56:42,Organic,USA,4,8.0,0,,,0,,,,0,1,1743811002000000000
6986,2025-02-24 13:13:19,Organic,Germany,4,12.0,1,3.0,2025-02-27 13:13:19,1,11.0,2025-03-07 13:13:19,Basic,50,0,
6987,2025-01-15 18:16:33,Organic,USA,3,9.0,0,,,0,,,,0,0,
6988,2025-01-30 02:26:08,Organic,USA,3,9.0,0,,,0,,,,0,1,1739931968000000000
6989,2025-01-25 04:21:59,Organic,UK,5,15.0,1,2.0,2025-01-27 04:21:59,0,,,,0,1,1739593319000000000
6990,2025-03-01 07:50:19,Referral,Canada,5,15.0,1,1.0,2025-03-02 07:50:19,0,,,,0,0,
6991,2025-03-26 23:41:38,Ads,India,3,6.0,0,,,0,,,,0,1,1745538098000000000
6992,2025-01-26 13:50:21,Ads,India,4,12.0,1,1.0,2025-01-27 13:50:21,0,,,,0,1,1739454621000000000
6993,2025-01-10 04:05:30,Ads,USA,3,18.0,1,2.0,2025-01-12 04:05:30,1,9.0,2025-01-19 04:05:30,Basic,50,0,
6994,2025-02-21 19:00:43,Ads,India,6,24.0,0,,,0,,,,0,1,1744743643000000000
6995,2025-01-21 04:09:15,Referral,USA,7,21.0,1,3.0,2025-01-24 04:09:15,1,7.0,2025-01-28 04:09:15,Basic,50,1,1742357355000000000
6996,2025-03-26 15:10:03,Ads,Germany,5,15.0,1,1.0,2025-03-27 15:10:03,0,,,,0,0,
6997,2025-01-04 01:55:50,Organic,USA,9,27.0,0,,,0,,,,0,1,1739843750000000000
6998,2025-02-02 06:08:25,Ads,UK,7,14.0,0,,,0,,,,0,1,1742364505000000000
6999,2025-01-22 08:46:04,Organic,UK,4,8.0,0,,,0,,,,0,0,
7000,2025-03-19 22:45:14,Ads,Canada,7,21.0,0,,,0,,,,0,1,1746744314000000000
7001,2025-01-06 15:56:55,Ads,Germany,3,13.5,1,2.0,2025-01-08 15:56:55,0,,,,0,1,1739203015000000000
7002,2025-03-13 08:54:22,Referral,UK,2,4.0,0,,,0,,,,0,1,1746435262000000000
7003,2025-02-05 05:38:07,Ads,USA,6,27.0,1,2.0,2025-02-07 05:38:07,0,,,,0,0,
7004,2025-02-10 13:12:28,Organic,India,3,18.0,1,2.0,2025-02-12 13:12:28,0,,,,0,1,1741180348000000000
7005,2025-01-08 11:26:52,Organic,India,3,18.0,1,1.0,2025-01-09 11:26:52,0,,,,0,1,1739964412000000000
7006,2025-01-19 22:22:45,Organic,India,6,36.0,1,2.0,2025-01-21 22:22:45,0,,,,0,1,1739398965000000000
7007,2025-03-25 03:51:55,Organic,India,8,48.0,1,3.0,2025-03-28 03:51:55,1,9.0,2025-04-03 03:51:55,Basic,50,1,1746849115000000000
7008,2025-02-26 22:26:01,Organic,UK,2,12.0,1,1.0,2025-02-27 22:26:01,0,,,,0,0,
7009,2025-01-30 22:06:21,Organic,USA,5,30.0,1,1.0,2025-01-31 22:06:21,1,13.0,2025-02-12 22:06:21,Basic,50,1,1741298781000000000
7010,2025-01-27 06:29:58,Organic,India,7,42.0,1,1.0,2025-01-28 06:29:58,0,,,,0,1,1741415398000000000
7011,2025-02-18 09:35:26,Referral,Germany,6,18.0,0,,,1,5.0,2025-02-23 09:35:26,Basic,50,0,
7012,2025-02-09 19:21:29,Organic,USA,1,3.0,0,,,0,,,,0,0,
7013,2025-03-18 20:53:40,Organic,USA,2,9.0,1,1.0,2025-03-19 20:53:40,1,8.0,2025-03-26 20:53:40,Pro,120,1,1745700820000000000
7014,2025-03-30 22:56:55,Organic,UK,5,15.0,0,,,0,,,,0,0,
7015,2025-03-28 01:15:13,Ads,USA,4,18.0,1,3.0,2025-03-31 01:15:13,1,13.0,2025-04-10 01:15:13,Pro,120,1,1746753313000000000
7016,2025-03-17 15:06:30,Organic,India,3,12.0,0,,,0,,,,0,1,1744038390000000000
7017,2025-01-24 05:05:34,Ads,UK,4,8.0,0,,,0,,,,0,0,
7018,2025-01-02 12:50:59,Organic,India,4,8.0,0,,,0,,,,0,0,
7019,2025-01-31 01:47:55,Ads,USA,6,27.0,1,3.0,2025-02-03 01:47:55,0,,,,0,1,1740534475000000000
7020,2025-01-08 09:44:32,Referral,India,4,12.0,1,3.0,2025-01-11 09:44:32,1,12.0,2025-01-20 09:44:32,Pro,120,0,
7021,2025-02-14 15:03:18,Organic,USA,10,30.0,1,1.0,2025-02-15 15:03:18,1,7.0,2025-02-21 15:03:18,Basic,50,0,
7022,2025-03-14 17:25:41,Organic,India,4,24.0,1,1.0,2025-03-15 17:25:41,0,,,,0,1,1744824341000000000
7023,2025-02-27 04:36:52,Organic,UK,8,48.0,1,2.0,2025-03-01 04:36:52,0,,,,0,1,1743395812000000000
7024,2025-02-04 06:04:30,Ads,India,6,12.0,0,,,0,,,,0,0,
7025,2025-01-11 20:05:20,Organic,Canada,2,12.0,1,3.0,2025-01-14 20:05:20,0,,,,0,0,
7026,2025-02-14 23:41:52,Ads,Canada,9,54.0,1,1.0,2025-02-15 23:41:52,0,,,,0,1,1741995712000000000
7027,2025-02-27 23:42:48,Ads,India,1,2.0,0,,,0,,,,0,1,1743118968000000000
7028,2025-03-14 13:42:22,Ads,India,3,12.0,0,,,0,,,,0,0,
7029,2025-03-04 18:16:09,Organic,UK,7,31.5,1,3.0,2025-03-07 18:16:09,1,10.0,2025-03-14 18:16:09,Pro,120,0,
7030,2025-03-30 19:49:09,Organic,India,8,36.0,1,2.0,2025-04-01 19:49:09,0,,,,0,0,
7031,2025-03-04 14:16:09,Ads,India,8,24.0,1,3.0,2025-03-07 14:16:09,1,8.0,2025-03-12 14:16:09,Basic,50,1,1744208169000000000
7032,2025-03-05 22:58:28,Referral,India,4,8.0,0,,,0,,,,0,0,
7033,2025-02-21 15:25:02,Referral,USA,4,18.0,1,2.0,2025-02-23 15:25:02,1,8.0,2025-03-01 15:25:02,Pro,120,0,
7034,2025-01-20 01:43:44,Referral,India,5,30.0,1,1.0,2025-01-21 01:43:44,1,6.0,2025-01-26 01:43:44,Pro,120,1,1739411024000000000
7035,2025-01-14 07:43:17,Ads,India,5,15.0,1,2.0,2025-01-16 07:43:17,0,,,,0,0,
7036,2025-02-09 03:59:33,Ads,USA,5,30.0,1,1.0,2025-02-10 03:59:33,1,14.0,2025-02-23 03:59:33,Pro,120,0,
7037,2025-03-09 06:06:26,Ads,India,4,24.0,1,1.0,2025-03-10 06:06:26,0,,,,0,1,1745993186000000000
7038,2025-03-02 03:15:56,Organic,India,4,12.0,1,1.0,2025-03-03 03:15:56,0,,,,0,0,
7039,2025-02-17 18:05:03,Ads,Germany,6,18.0,0,,,0,,,,0,0,
7040,2025-03-03 05:26:31,Organic,UK,4,18.0,1,2.0,2025-03-05 05:26:31,0,,,,0,0,
7041,2025-01-06 00:13:49,Organic,India,3,13.5,1,2.0,2025-01-08 00:13:49,0,,,,0,0,
7042,2025-02-21 01:17:34,Ads,India,5,22.5,1,2.0,2025-02-23 01:17:34,0,,,,0,1,1742087854000000000
7043,2025-02-19 22:34:56,Organic,USA,5,15.0,0,,,0,,,,0,1,1743892496000000000
7044,2025-01-03 17:00:00,Organic,India,2,9.0,1,3.0,2025-01-06 17:00:00,0,,,,0,1,1737738000000000000
7045,2025-02-03 07:17:09,Organic,Germany,9,54.0,1,2.0,2025-02-05 07:17:09,1,5.0,2025-02-08 07:17:09,Pro,120,1,1742887029000000000
7046,2025-01-04 17:28:57,Referral,UK,3,9.0,0,,,0,,,,0,0,
7047,2025-03-28 10:38:04,Ads,Germany,7,14.0,0,,,0,,,,0,0,
7048,2025-02-04 23:51:44,Ads,Canada,1,3.0,1,2.0,2025-02-06 23:51:44,0,,,,0,1,1740873104000000000
7049,2025-01-31 03:40:21,Organic,USA,6,27.0,1,2.0,2025-02-02 03:40:21,0,,,,0,0,
7050,2025-02-15 08:59:27,Organic,UK,8,36.0,1,3.0,2025-02-18 08:59:27,0,,,,0,0,
7051,2025-03-24 16:26:53,Organic,Canada,10,30.0,1,3.0,2025-03-27 16:26:53,0,,,,0,0,
7052,2025-02-08 22:14:04,Organic,USA,3,9.0,1,2.0,2025-02-10 22:14:04,1,11.0,2025-02-19 22:14:04,Basic,50,0,
7053,2025-02-22 22:32:37,Ads,India,3,6.0,0,,,0,,,,0,1,1745188357000000000
7054,2025-03-03 09:28:02,Organic,USA,6,27.0,1,3.0,2025-03-06 09:28:02,0,,,,0,1,1742722082000000000
7055,2025-01-27 14:57:49,Organic,India,3,6.0,0,,,0,,,,0,0,
7056,2025-02-21 06:56:13,Organic,UK,4,12.0,0,,,0,,,,0,0,
7057,2025-01-07 13:21:50,Organic,UK,4,18.0,1,1.0,2025-01-08 13:21:50,1,11.0,2025-01-18 13:21:50,Basic,50,1,1737897710000000000
7058,2025-02-16 01:56:23,Organic,Germany,4,12.0,0,,,0,,,,0,1,1744768583000000000
7059,2025-03-29 17:51:56,Ads,USA,7,31.5,1,2.0,2025-03-31 17:51:56,0,,,,0,0,
7060,2025-01-15 22:34:54,Ads,Canada,4,12.0,1,2.0,2025-01-17 22:34:54,0,,,,0,1,1740263694000000000
7061,2025-03-09 12:08:21,Referral,India,6,36.0,1,1.0,2025-03-10 12:08:21,1,9.0,2025-03-18 12:08:21,Basic,50,0,
7062,2025-01-09 04:41:32,Ads,India,4,16.0,0,,,0,,,,0,1,1740544892000000000
7063,2025-01-13 16:59:56,Organic,Germany,4,16.0,0,,,0,,,,0,0,
7064,2025-01-07 22:36:32,Ads,UK,5,15.0,1,2.0,2025-01-09 22:36:32,0,,,,0,1,1737758192000000000
7065,2025-01-19 05:35:26,Ads,UK,8,24.0,1,1.0,2025-01-20 05:35:26,0,,,,0,1,1741412126000000000
7066,2025-01-28 09:59:16,Organic,India,3,13.5,1,2.0,2025-01-30 09:59:16,0,,,,0,1,1739872756000000000
7067,2025-02-25 18:18:31,Ads,UK,7,42.0,1,1.0,2025-02-26 18:18:31,1,8.0,2025-03-05 18:18:31,Pro,120,1,1742494711000000000
7068,2025-02-15 10:44:50,Referral,Canada,7,21.0,1,3.0,2025-02-18 10:44:50,0,,,,0,1,1740912290000000000
7069,2025-02-26 05:42:19,Organic,India,4,12.0,0,,,0,,,,0,1,1744177339000000000
7070,2025-03-14 09:23:17,Ads,UK,6,27.0,1,1.0,2025-03-15 09:23:17,0,,,,0,1,1746264197000000000
7071,2025-03-14 19:32:20,Referral,India,6,18.0,0,,,0,,,,0,0,
7072,2025-01-08 17:43:49,Ads,India,5,22.5,1,1.0,2025-01-09 17:43:49,1,10.0,2025-01-18 17:43:49,Basic,50,0,
7073,2025-01-20 16:54:17,Ads,UK,3,13.5,1,2.0,2025-01-22 16:54:17,0,,,,0,1,1740761657000000000
7074,2025-01-14 13:20:48,Organic,India,4,12.0,0,,,0,,,,0,0,
7075,2025-02-11 17:21:26,Organic,India,6,12.0,0,,,0,,,,0,1,1740763286000000000
7076,2025-01-17 00:20:40,Ads,UK,3,13.5,1,1.0,2025-01-18 00:20:40,1,9.0,2025-01-26 00:20:40,Pro,120,0,
7077,2025-01-06 22:45:53,Ads,UK,3,6.0,0,,,0,,,,0,1,1739573153000000000
7078,2025-03-12 01:04:25,Referral,India,4,12.0,1,1.0,2025-03-13 01:04:25,1,5.0,2025-03-17 01:04:25,Basic,50,0,
7079,2025-03-19 15:37:18,Organic,Germany,6,36.0,1,2.0,2025-03-21 15:37:18,0,,,,0,1,1746200238000000000
7080,2025-02-19 01:19:00,Organic,India,5,30.0,1,1.0,2025-02-20 01:19:00,1,14.0,2025-03-05 01:19:00,Basic,50,0,
7081,2025-03-04 09:35:21,Organic,Germany,5,15.0,0,,,0,,,,0,1,1745314521000000000
7082,2025-03-16 11:18:43,Organic,UK,4,18.0,1,3.0,2025-03-19 11:18:43,0,,,,0,1,1745147923000000000
7083,2025-03-27 18:20:53,Organic,India,3,18.0,1,2.0,2025-03-29 18:20:53,0,,,,0,0,
7084,2025-02-22 19:40:53,Organic,India,5,22.5,1,3.0,2025-02-25 19:40:53,0,,,,0,1,1744918853000000000
7085,2025-01-08 22:25:03,Organic,India,3,9.0,1,3.0,2025-01-11 22:25:03,0,,,,0,1,1739485503000000000
7086,2025-01-05 21:24:01,Organic,India,3,9.0,1,3.0,2025-01-08 21:24:01,0,,,,0,1,1737667441000000000
7087,2025-01-23 06:13:37,Organic,USA,6,27.0,1,3.0,2025-01-26 06:13:37,0,,,,0,1,1741673617000000000
7088,2025-01-04 21:41:23,Referral,India,8,48.0,1,3.0,2025-01-07 21:41:23,0,,,,0,1,1739914883000000000
7089,2025-03-23 14:54:08,Ads,India,8,24.0,0,,,0,,,,0,1,1746802448000000000
7090,2025-01-19 06:23:52,Organic,UK,5,30.0,1,1.0,2025-01-20 06:23:52,1,6.0,2025-01-25 06:23:52,Basic,50,1,1741933432000000000
7091,2025-02-25 07:03:41,Referral,India,7,21.0,1,3.0,2025-02-28 07:03:41,1,6.0,2025-03-03 07:03:41,Basic,50,1,1745478221000000000
7092,2025-01-05 12:39:40,Ads,USA,5,30.0,1,3.0,2025-01-08 12:39:40,0,,,,0,1,1739018380000000000
7093,2025-03-07 22:19:50,Referral,India,3,12.0,0,,,0,,,,0,0,
7094,2025-03-24 02:10:07,Organic,UK,5,22.5,1,1.0,2025-03-25 02:10:07,0,,,,0,1,1746583807000000000
7095,2025-02-12 19:34:03,Organic,USA,4,24.0,1,1.0,2025-02-13 19:34:03,1,11.0,2025-02-23 19:34:03,Basic,50,0,
7096,2025-02-25 21:07:02,Referral,UK,4,24.0,1,1.0,2025-02-26 21:07:02,0,,,,0,1,1744060022000000000
7097,2025-01-29 21:52:14,Organic,India,6,12.0,0,,,0,,,,0,0,
7098,2025-03-14 23:02:42,Referral,India,6,36.0,1,2.0,2025-03-16 23:02:42,0,,,,0,0,
7099,2025-01-07 16:35:10,Referral,India,6,27.0,1,2.0,2025-01-09 16:35:10,0,,,,0,0,
7100,2025-02-18 19:45:46,Referral,India,2,6.0,1,1.0,2025-02-19 19:45:46,0,,,,0,0,
7101,2025-02-23 06:30:06,Organic,India,6,36.0,1,2.0,2025-02-25 06:30:06,1,9.0,2025-03-04 06:30:06,Pro,120,0,
7102,2025-03-22 14:30:03,Organic,USA,3,18.0,1,1.0,2025-03-23 14:30:03,0,,,,0,0,
7103,2025-02-01 09:01:04,Organic,USA,6,18.0,1,2.0,2025-02-03 09:01:04,0,,,,0,1,1740560464000000000
7104,2025-03-29 01:38:42,Referral,Canada,5,30.0,1,1.0,2025-03-30 01:38:42,1,6.0,2025-04-04 01:38:42,Basic,50,0,
7105,2025-02-27 04:41:54,Organic,USA,6,18.0,1,2.0,2025-03-01 04:41:54,0,,,,0,0,
7106,2025-02-20 06:34:59,Ads,USA,8,24.0,1,1.0,2025-02-21 06:34:59,0,,,,0,0,
7107,2025-03-24 19:01:54,Organic,Germany,3,9.0,0,,,0,,,,0,1,1747767714000000000
7108,2025-02-12 22:47:59,Organic,USA,3,12.0,0,,,1,7.0,2025-02-19 22:47:59,Pro,120,0,
7109,2025-02-06 07:00:09,Organic,USA,4,8.0,0,,,0,,,,0,0,
7110,2025-03-22 04:06:07,Ads,Germany,4,8.0,0,,,0,,,,0,1,1747713967000000000
7111,2025-01-11 19:56:23,Referral,Germany,6,27.0,1,1.0,2025-01-12 19:56:23,1,14.0,2025-01-25 19:56:23,Basic,50,0,
7112,2025-03-06 06:13:43,Organic,USA,5,22.5,1,3.0,2025-03-09 06:13:43,0,,,,0,1,1744956823000000000
7113,2025-01-25 23:58:52,Referral,USA,3,9.0,0,,,0,,,,0,0,
7114,2025-02-03 15:21:32,Ads,USA,2,4.0,0,,,0,,,,0,1,1742224892000000000
7115,2025-01-21 10:25:20,Ads,UK,8,16.0,0,,,0,,,,0,1,1738837520000000000
7116,2025-02-10 21:42:30,Ads,Germany,4,12.0,0,,,0,,,,0,1,1743457350000000000
7117,2025-03-13 02:11:54,Organic,India,3,13.5,1,1.0,2025-03-14 02:11:54,0,,,,0,0,
7118,2025-03-07 19:32:01,Organic,Canada,3,9.0,0,,,0,,,,0,1,1742844721000000000
7119,2025-01-21 03:51:28,Ads,UK,1,3.0,0,,,0,,,,0,1,1741060288000000000
7120,2025-02-07 13:47:14,Organic,India,6,12.0,0,,,0,,,,0,1,1740318434000000000
7121,2025-03-10 16:51:43,Organic,UK,8,36.0,1,1.0,2025-03-11 16:51:43,1,9.0,2025-03-19 16:51:43,Basic,50,0,
7122,2025-01-02 09:53:39,Organic,USA,3,6.0,0,,,0,,,,0,0,
7123,2025-02-22 20:22:36,Ads,India,6,18.0,0,,,0,,,,0,0,
7124,2025-01-21 10:21:57,Organic,Germany,4,16.0,0,,,0,,,,0,1,1742206917000000000
7125,2025-01-03 01:43:21,Ads,USA,11,66.0,1,2.0,2025-01-05 01:43:21,0,,,,0,1,1739497401000000000
7126,2025-02-03 11:35:27,Organic,USA,4,12.0,1,1.0,2025-02-04 11:35:27,0,,,,0,0,
7127,2025-02-07 13:39:48,Referral,Canada,3,9.0,0,,,0,,,,0,1,1741354788000000000
7128,2025-03-28 22:21:35,Organic,Germany,9,40.5,1,1.0,2025-03-29 22:21:35,0,,,,0,0,
7129,2025-01-08 22:08:14,Ads,Canada,7,31.5,1,1.0,2025-01-09 22:08:14,0,,,,0,1,1738620494000000000
7130,2025-02-06 04:37:02,Ads,USA,6,27.0,1,3.0,2025-02-09 04:37:02,0,,,,0,1,1743482222000000000
7131,2025-02-14 12:56:29,Ads,USA,4,24.0,1,1.0,2025-02-15 12:56:29,0,,,,0,1,1744635389000000000
7132,2025-01-07 20:55:31,Organic,India,4,8.0,0,,,0,,,,0,1,1739912131000000000
7133,2025-03-23 13:12:07,Ads,USA,8,32.0,0,,,1,13.0,2025-04-05 13:12:07,Basic,50,1,1744809127000000000
7134,2025-01-28 23:20:26,Organic,Germany,2,8.0,0,,,0,,,,0,0,
7135,2025-02-26 04:28:11,Organic,UK,5,22.5,1,2.0,2025-02-28 04:28:11,0,,,,0,1,1742444891000000000
7136,2025-02-19 15:47:27,Ads,India,7,21.0,1,2.0,2025-02-21 15:47:27,0,,,,0,1,1742658447000000000
7137,2025-02-14 17:15:41,Ads,India,8,24.0,1,3.0,2025-02-17 17:15:41,0,,,,0,1,1744305341000000000
7138,2025-01-02 16:12:51,Ads,Germany,7,42.0,1,2.0,2025-01-04 16:12:51,0,,,,0,1,1739635971000000000
7139,2025-03-02 08:30:36,Referral,Canada,6,24.0,0,,,0,,,,0,1,1744619436000000000
7140,2025-03-08 13:06:33,Organic,USA,10,30.0,0,,,0,,,,0,1,1744290393000000000
7141,2025-01-12 16:15:23,Referral,USA,3,6.0,0,,,0,,,,0,1,1741536923000000000
7142,2025-02-04 16:48:31,Organic,India,7,42.0,1,3.0,2025-02-07 16:48:31,0,,,,0,1,1743439711000000000
7143,2025-01-22 01:48:28,Ads,UK,5,30.0,1,3.0,2025-01-25 01:48:28,0,,,,0,1,1742003308000000000
7144,2025-02-26 04:36:17,Ads,USA,5,30.0,1,1.0,2025-02-27 04:36:17,0,,,,0,0,
7145,2025-01-20 21:05:34,Organic,UK,3,9.0,0,,,0,,,,0,1,1739135134000000000
7146,2025-01-02 06:56:02,Organic,India,8,36.0,1,2.0,2025-01-04 06:56:02,0,,,,0,0,
7147,2025-02-15 07:55:33,Ads,USA,5,10.0,0,,,0,,,,0,1,1742111733000000000
7148,2025-03-06 01:10:31,Organic,India,2,6.0,0,,,0,,,,0,1,1743037831000000000
7149,2025-01-24 13:41:43,Organic,Germany,3,6.0,0,,,0,,,,0,1,1739972503000000000
7150,2025-02-20 14:03:22,Organic,Germany,5,30.0,1,2.0,2025-02-22 14:03:22,1,14.0,2025-03-06 14:03:22,Basic,50,0,
7151,2025-02-01 00:43:10,Ads,Canada,6,18.0,1,1.0,2025-02-02 00:43:10,0,,,,0,1,1743468190000000000
7152,2025-02-24 00:33:12,Organic,Germany,4,8.0,0,,,0,,,,0,1,1742949192000000000
7153,2025-01-28 08:20:54,Organic,UK,6,36.0,1,2.0,2025-01-30 08:20:54,0,,,,0,0,
7154,2025-03-26 07:24:28,Organic,India,5,20.0,0,,,0,,,,0,0,
7155,2025-01-28 21:16:49,Organic,UK,4,12.0,0,,,0,,,,0,1,1742246209000000000
7156,2025-03-12 09:31:51,Referral,India,3,18.0,1,2.0,2025-03-14 09:31:51,0,,,,0,0,
7157,2025-03-10 21:55:18,Referral,USA,7,28.0,0,,,0,,,,0,1,1744581318000000000
7158,2025-02-05 07:29:59,Organic,India,5,20.0,0,,,0,,,,0,1,1741678199000000000
7159,2025-03-27 15:04:11,Ads,USA,8,48.0,1,3.0,2025-03-30 15:04:11,0,,,,0,1,1748012651000000000
7160,2025-01-21 03:05:22,Ads,UK,3,9.0,0,,,0,,,,0,0,
7161,2025-02-05 07:40:22,Ads,India,4,16.0,0,,,0,,,,0,1,1742110822000000000
7162,2025-02-02 05:58:01,Ads,India,5,15.0,1,3.0,2025-02-05 05:58:01,0,,,,0,1,1740808681000000000
7163,2025-01-09 23:21:32,Organic,UK,5,10.0,0,,,0,,,,0,0,
7164,2025-02-15 10:55:52,Organic,UK,1,6.0,1,1.0,2025-02-16 10:55:52,0,,,,0,0,
7165,2025-01-28 00:14:07,Organic,USA,7,21.0,1,1.0,2025-01-29 00:14:07,0,,,,0,1,1740615247000000000
7166,2025-02-13 02:13:54,Organic,India,7,21.0,0,,,0,,,,0,1,1743041634000000000
7167,2025-03-18 01:47:09,Ads,USA,3,18.0,1,1.0,2025-03-19 01:47:09,1,9.0,2025-03-27 01:47:09,Pro,120,1,1746582429000000000
7168,2025-01-23 02:36:57,Organic,UK,6,36.0,1,2.0,2025-01-25 02:36:57,0,,,,0,1,1742265417000000000
7169,2025-01-19 12:39:01,Organic,UK,4,12.0,0,,,0,,,,0,1,1741523941000000000
7170,2025-01-03 04:31:13,Organic,India,3,12.0,0,,,0,,,,0,0,
7171,2025-01-05 03:48:01,Ads,Germany,5,30.0,1,3.0,2025-01-08 03:48:01,0,,,,0,1,1738986481000000000
7172,2025-03-24 08:39:32,Referral,India,6,27.0,1,3.0,2025-03-27 08:39:32,1,10.0,2025-04-03 08:39:32,Basic,50,0,
7173,2025-03-24 20:47:48,Ads,India,4,12.0,1,2.0,2025-03-26 20:47:48,1,10.0,2025-04-03 20:47:48,Basic,50,1,1745009268000000000
7174,2025-02-05 23:12:28,Organic,USA,5,30.0,1,2.0,2025-02-07 23:12:28,0,,,,0,0,
7175,2025-03-28 15:58:30,Ads,India,11,44.0,0,,,0,,,,0,1,1746028710000000000
7176,2025-02-21 02:06:51,Organic,Germany,5,20.0,0,,,0,,,,0,1,1744164411000000000
7177,2025-01-28 01:33:21,Organic,India,5,15.0,1,2.0,2025-01-30 01:33:21,0,,,,0,0,
7178,2025-01-13 13:33:30,Organic,India,8,24.0,0,,,0,,,,0,0,
7179,2025-02-20 12:41:33,Ads,India,6,27.0,1,2.0,2025-02-22 12:41:33,0,,,,0,1,1742733693000000000
7180,2025-02-14 15:54:44,Ads,USA,7,28.0,0,,,0,,,,0,1,1744300484000000000
7181,2025-01-13 06:12:45,Referral,India,6,27.0,1,2.0,2025-01-15 06:12:45,0,,,,0,1,1738217565000000000
7182,2025-03-03 08:15:01,Ads,India,5,10.0,0,,,0,,,,0,1,1742631301000000000
7183,2025-03-29 21:59:19,Organic,India,4,12.0,1,1.0,2025-03-30 21:59:19,0,,,,0,0,
7184,2025-02-15 12:43:37,Organic,USA,7,42.0,1,1.0,2025-02-16 12:43:37,0,,,,0,0,
7185,2025-02-10 13:56:12,Organic,UK,5,22.5,1,1.0,2025-02-11 13:56:12,1,9.0,2025-02-19 13:56:12,Basic,50,0,
7186,2025-03-22 05:49:33,Ads,UK,6,18.0,1,2.0,2025-03-24 05:49:33,0,,,,0,1,1747201773000000000
7187,2025-01-10 13:26:03,Ads,USA,4,12.0,1,3.0,2025-01-13 13:26:03,0,,,,0,1,1741613163000000000
7188,2025-01-07 16:08:35,Referral,India,6,18.0,1,3.0,2025-01-10 16:08:35,0,,,,0,1,1740758915000000000
7189,2025-01-28 08:14:20,Ads,Canada,5,10.0,0,,,1,9.0,2025-02-06 08:14:20,Basic,50,0,
7190,2025-02-19 14:56:22,Referral,USA,3,13.5,1,3.0,2025-02-22 14:56:22,0,,,,0,1,1741272982000000000
7191,2025-01-24 17:27:33,Ads,India,4,24.0,1,2.0,2025-01-26 17:27:33,1,7.0,2025-01-31 17:27:33,Basic,50,0,
7192,2025-02-28 02:59:43,Referral,USA,8,24.0,0,,,0,,,,0,0,
7193,2025-01-09 18:56:41,Ads,UK,4,24.0,1,1.0,2025-01-10 18:56:41,1,10.0,2025-01-19 18:56:41,Basic,50,0,
7194,2025-01-23 23:34:41,Ads,India,10,30.0,1,1.0,2025-01-24 23:34:41,0,,,,0,0,
7195,2025-03-14 09:19:10,Ads,India,1,2.0,0,,,0,,,,0,1,1745659150000000000
7196,2025-03-21 11:19:03,Ads,India,10,30.0,1,1.0,2025-03-22 11:19:03,0,,,,0,1,1747653543000000000
7197,2025-01-30 15:38:33,Organic,Canada,7,42.0,1,3.0,2025-02-02 15:38:33,1,11.0,2025-02-10 15:38:33,Basic,50,0,
7198,2025-01-22 01:20:31,Organic,India,4,12.0,0,,,0,,,,0,0,
7199,2025-02-17 01:56:24,Organic,USA,3,9.0,1,1.0,2025-02-18 01:56:24,0,,,,0,1,1742090184000000000
7200,2025-03-01 06:33:45,Organic,India,4,24.0,1,2.0,2025-03-03 06:33:45,1,11.0,2025-03-12 06:33:45,Basic,50,0,
7201,2025-02-08 14:29:39,Ads,India,6,18.0,1,3.0,2025-02-11 14:29:39,1,14.0,2025-02-22 14:29:39,Basic,50,1,1740580179000000000
7202,2025-01-18 22:21:57,Organic,India,4,16.0,0,,,0,,,,0,1,1741558917000000000
7203,2025-02-19 08:01:51,Organic,India,5,22.5,1,3.0,2025-02-22 08:01:51,1,10.0,2025-03-01 08:01:51,Basic,50,0,
7204,2025-03-18 16:27:35,Organic,India,3,9.0,1,3.0,2025-03-21 16:27:35,0,,,,0,0,
7205,2025-01-11 06:51:38,Ads,UK,5,15.0,1,1.0,2025-01-12 06:51:38,0,,,,0,1,1739688698000000000
7206,2025-02-10 08:22:22,Organic,USA,7,31.5,1,2.0,2025-02-12 08:22:22,0,,,,0,1,1742977342000000000
7207,2025-01-26 13:29:38,Organic,UK,6,18.0,1,3.0,2025-01-29 13:29:38,1,13.0,2025-02-08 13:29:38,Pro,120,0,
7208,2025-01-19 01:14:17,Organic,India,6,27.0,1,3.0,2025-01-22 01:14:17,0,,,,0,1,1740014057000000000
7209,2025-01-26 19:59:06,Organic,Canada,7,31.5,1,1.0,2025-01-27 19:59:06,0,,,,0,1,1739995146000000000
7210,2025-03-10 17:31:11,Referral,Germany,1,2.0,0,,,0,,,,0,1,1743269471000000000
7211,2025-02-14 21:52:03,Organic,India,4,24.0,1,3.0,2025-02-17 21:52:03,0,,,,0,0,
7212,2025-01-07 07:35:26,Ads,Germany,4,18.0,1,2.0,2025-01-09 07:35:26,0,,,,0,1,1740296126000000000
7213,2025-02-01 00:30:59,Ads,India,7,21.0,1,2.0,2025-02-03 00:30:59,0,,,,0,1,1741134659000000000
7214,2025-03-15 07:48:32,Referral,UK,3,9.0,0,,,0,,,,0,0,
7215,2025-01-06 02:50:44,Organic,India,7,42.0,1,2.0,2025-01-08 02:50:44,0,,,,0,1,1739501444000000000
7216,2025-03-27 15:30:39,Organic,USA,5,20.0,0,,,0,,,,0,0,
7217,2025-02-28 05:23:33,Organic,USA,7,31.5,1,3.0,2025-03-03 05:23:33,0,,,,0,1,1744867413000000000
7218,2025-01-06 16:23:19,Organic,India,6,36.0,1,3.0,2025-01-09 16:23:19,0,,,,0,1,1739377399000000000
7219,2025-02-06 21:53:09,Ads,UK,3,9.0,0,,,0,,,,0,0,
7220,2025-02-25 16:41:06,Organic,USA,7,42.0,1,2.0,2025-02-27 16:41:06,0,,,,0,1,1744044066000000000
7221,2025-03-13 18:27:33,Organic,USA,6,18.0,1,2.0,2025-03-15 18:27:33,0,,,,0,1,1744223253000000000
7222,2025-03-18 19:32:16,Referral,Germany,6,24.0,0,,,0,,,,0,1,1744659136000000000
7223,2025-03-30 05:23:31,Ads,Germany,5,20.0,0,,,0,,,,0,0,
7224,2025-03-11 05:45:57,Organic,Germany,6,27.0,1,2.0,2025-03-13 05:45:57,0,,,,0,1,1746510357000000000
7225,2025-01-05 17:10:07,Organic,Canada,5,15.0,1,3.0,2025-01-08 17:10:07,1,7.0,2025-01-12 17:10:07,Basic,50,0,
7226,2025-01-11 01:59:18,Organic,India,2,4.0,0,,,0,,,,0,0,
7227,2025-01-16 02:01:46,Referral,India,3,18.0,1,1.0,2025-01-17 02:01:46,0,,,,0,1,1740362506000000000
7228,2025-03-05 12:53:32,Referral,India,9,27.0,1,3.0,2025-03-08 12:53:32,0,,,,0,1,1743944012000000000
7229,2025-01-05 20:50:02,Referral,Germany,5,15.0,1,1.0,2025-01-06 20:50:02,0,,,,0,1,1738875002000000000
7230,2025-02-14 08:40:09,Referral,India,5,30.0,1,2.0,2025-02-16 08:40:09,1,7.0,2025-02-21 08:40:09,Basic,50,0,
7231,2025-01-19 20:07:30,Ads,India,4,8.0,0,,,0,,,,0,1,1740859650000000000
7232,2025-03-18 00:15:04,Organic,India,5,30.0,1,2.0,2025-03-20 00:15:04,1,7.0,2025-03-25 00:15:04,Pro,120,1,1744330504000000000
7233,2025-01-01 15:43:55,Organic,India,5,10.0,0,,,0,,,,0,0,
7234,2025-03-25 11:04:43,Ads,India,4,12.0,1,3.0,2025-03-28 11:04:43,0,,,,0,0,
7235,2025-03-06 18:22:14,Referral,USA,4,8.0,0,,,1,13.0,2025-03-19 18:22:14,Pro,120,0,
7236,2025-02-03 03:05:49,Organic,India,7,31.5,1,2.0,2025-02-05 03:05:49,0,,,,0,1,1742526349000000000
7237,2025-01-28 02:52:16,Ads,USA,8,48.0,1,2.0,2025-01-30 02:52:16,0,,,,0,0,
7238,2025-03-06 10:40:17,Referral,Canada,3,9.0,1,1.0,2025-03-07 10:40:17,0,,,,0,1,1743244817000000000
7239,2025-03-03 23:40:32,Organic,UK,2,6.0,1,2.0,2025-03-05 23:40:32,1,12.0,2025-03-15 23:40:32,Basic,50,1,1742686832000000000
7240,2025-03-29 09:33:46,Referral,India,1,6.0,1,2.0,2025-03-31 09:33:46,0,,,,0,1,1746351226000000000
7241,2025-02-21 04:34:48,Organic,Germany,10,40.0,0,,,0,,,,0,1,1743395688000000000
7242,2025-02-11 06:06:00,Organic,UK,2,8.0,0,,,0,,,,0,1,1743055560000000000
7243,2025-03-16 08:32:22,Organic,India,5,10.0,0,,,0,,,,0,1,1744360342000000000
7244,2025-03-03 14:10:17,Ads,UK,1,4.0,0,,,0,,,,0,1,1743603017000000000
7245,2025-03-24 12:02:26,Ads,UK,7,31.5,1,1.0,2025-03-25 12:02:26,1,7.0,2025-03-31 12:02:26,Pro,120,0,
7246,2025-01-20 21:54:04,Organic,USA,5,10.0,0,,,0,,,,0,1,1740434044000000000
7247,2025-01-01 23:39:26,Referral,India,6,18.0,1,3.0,2025-01-04 23:39:26,0,,,,0,0,
7248,2025-01-29 14:56:46,Ads,USA,4,16.0,0,,,0,,,,0,1,1741186606000000000
7249,2025-02-09 20:32:51,Ads,UK,5,30.0,1,3.0,2025-02-12 20:32:51,0,,,,0,1,1740515571000000000
7250,2025-03-18 09:18:55,Organic,India,3,13.5,1,3.0,2025-03-21 09:18:55,1,12.0,2025-03-30 09:18:55,Basic,50,1,1745831935000000000
7251,2025-02-16 01:16:06,Referral,UK,4,12.0,0,,,0,,,,0,1,1744506966000000000
7252,2025-02-28 13:09:49,Organic,India,6,18.0,1,1.0,2025-03-01 13:09:49,0,,,,0,1,1744117789000000000
7253,2025-02-14 17:34:16,Organic,USA,3,6.0,0,,,0,,,,0,0,
7254,2025-01-04 10:44:43,Organic,India,4,24.0,1,2.0,2025-01-06 10:44:43,1,13.0,2025-01-17 10:44:43,Pro,120,0,
7255,2025-03-21 06:55:29,Organic,India,4,24.0,1,1.0,2025-03-22 06:55:29,0,,,,0,1,1745218529000000000
7256,2025-02-20 10:22:36,Referral,Canada,3,13.5,1,3.0,2025-02-23 10:22:36,1,9.0,2025-03-01 10:22:36,Basic,50,1,1744107756000000000
7257,2025-02-18 01:29:27,Organic,UK,6,27.0,1,1.0,2025-02-19 01:29:27,0,,,,0,0,
7258,2025-01-09 18:01:19,Organic,India,4,18.0,1,3.0,2025-01-12 18:01:19,0,,,,0,1,1739383279000000000
7259,2025-02-12 01:20:46,Referral,USA,5,30.0,1,3.0,2025-02-15 01:20:46,1,13.0,2025-02-25 01:20:46,Pro,120,1,1742779246000000000
7260,2025-03-12 18:25:28,Ads,UK,6,27.0,1,3.0,2025-03-15 18:25:28,1,7.0,2025-03-19 18:25:28,Basic,50,0,
7261,2025-01-17 16:56:41,Ads,Canada,4,16.0,0,,,0,,,,0,1,1739984201000000000
7262,2025-03-15 14:01:49,Organic,UK,4,16.0,0,,,0,,,,0,1,1743343309000000000
7263,2025-03-20 08:35:53,Ads,USA,8,36.0,1,3.0,2025-03-23 08:35:53,0,,,,0,1,1745829353000000000
7264,2025-01-08 02:56:56,Organic,Germany,2,8.0,0,,,0,,,,0,1,1740452216000000000
7265,2025-02-17 08:29:33,Referral,UK,6,36.0,1,2.0,2025-02-19 08:29:33,1,9.0,2025-02-26 08:29:33,Basic,50,1,1744532973000000000
7266,2025-01-27 03:17:13,Ads,India,5,20.0,0,,,0,,,,0,1,1741922233000000000
7267,2025-02-04 20:26:05,Ads,USA,5,22.5,1,1.0,2025-02-05 20:26:05,1,8.0,2025-02-12 20:26:05,Pro,120,0,
7268,2025-02-01 15:00:06,Organic,USA,7,28.0,0,,,0,,,,0,1,1741273206000000000
7269,2025-01-14 17:33:50,Organic,UK,6,36.0,1,1.0,2025-01-15 17:33:50,0,,,,0,0,
7270,2025-02-18 02:15:04,Organic,India,4,18.0,1,1.0,2025-02-19 02:15:04,0,,,,0,0,
7271,2025-03-22 00:51:36,Organic,USA,6,36.0,1,3.0,2025-03-25 00:51:36,0,,,,0,0,
7272,2025-03-19 16:03:25,Organic,India,8,36.0,1,1.0,2025-03-20 16:03:25,1,11.0,2025-03-30 16:03:25,Basic,50,0,
7273,2025-03-12 16:14:26,Ads,India,3,9.0,0,,,0,,,,0,1,1744647266000000000
7274,2025-02-14 02:09:55,Organic,India,3,18.0,1,1.0,2025-02-15 02:09:55,1,9.0,2025-02-23 02:09:55,Basic,50,0,
7275,2025-03-23 11:17:03,Ads,UK,9,54.0,1,2.0,2025-03-25 11:17:03,0,,,,0,1,1747135023000000000
7276,2025-02-15 05:21:37,Organic,India,6,18.0,1,1.0,2025-02-16 05:21:37,0,,,,0,1,1743830497000000000
7277,2025-02-01 14:15:37,Organic,USA,6,18.0,1,3.0,2025-02-04 14:15:37,1,13.0,2025-02-14 14:15:37,Basic,50,1,1741443337000000000
7278,2025-03-11 03:28:34,Ads,USA,3,18.0,1,3.0,2025-03-14 03:28:34,0,,,,0,1,1743132514000000000
7279,2025-01-31 18:49:46,Ads,USA,6,27.0,1,2.0,2025-02-02 18:49:46,1,5.0,2025-02-05 18:49:46,Basic,50,0,
7280,2025-01-14 10:25:14,Organic,USA,7,31.5,1,3.0,2025-01-17 10:25:14,0,,,,0,1,1741775114000000000
7281,2025-01-04 14:55:16,Organic,India,1,3.0,1,3.0,2025-01-07 14:55:16,1,8.0,2025-01-12 14:55:16,Basic,50,0,
7282,2025-02-17 20:41:56,Ads,India,1,3.0,0,,,0,,,,0,1,1741293716000000000
7283,2025-02-19 00:14:13,Organic,Canada,1,2.0,0,,,0,,,,0,0,
7284,2025-01-05 00:54:04,Organic,USA,5,22.5,1,2.0,2025-01-07 00:54:04,0,,,,0,0,
7285,2025-02-04 11:52:22,Ads,UK,3,12.0,0,,,0,,,,0,1,1740225142000000000
7286,2025-02-11 22:50:56,Organic,USA,1,3.0,0,,,1,13.0,2025-02-24 22:50:56,Pro,120,0,
7287,2025-02-20 00:45:51,Organic,India,5,22.5,1,3.0,2025-02-23 00:45:51,0,,,,0,0,
7288,2025-01-30 14:47:25,Referral,UK,11,49.5,1,2.0,2025-02-01 14:47:25,0,,,,0,0,
7289,2025-03-02 17:56:15,Ads,India,5,15.0,1,1.0,2025-03-03 17:56:15,0,,,,0,1,1744653375000000000
7290,2025-01-19 15:47:13,Organic,Germany,9,27.0,1,3.0,2025-01-22 15:47:13,1,11.0,2025-01-30 15:47:13,Pro,120,1,1741189633000000000
7291,2025-02-03 22:18:51,Ads,India,6,27.0,1,3.0,2025-02-06 22:18:51,0,,,,0,0,
7292,2025-02-08 11:20:24,Organic,USA,6,36.0,1,2.0,2025-02-10 11:20:24,0,,,,0,1,1742296824000000000
7293,2025-03-24 10:49:13,Referral,India,3,18.0,1,1.0,2025-03-25 10:49:13,0,,,,0,0,
7294,2025-02-26 10:13:37,Ads,Canada,2,12.0,1,1.0,2025-02-27 10:13:37,0,,,,0,1,1743329617000000000
7295,2025-02-10 03:24:42,Organic,Germany,6,18.0,1,1.0,2025-02-11 03:24:42,1,14.0,2025-02-24 03:24:42,Basic,50,0,
7296,2025-01-17 08:54:34,Organic,India,5,30.0,1,1.0,2025-01-18 08:54:34,0,,,,0,0,
7297,2025-01-05 02:03:59,Organic,India,5,10.0,0,,,0,,,,0,0,
7298,2025-03-25 17:22:56,Ads,India,7,31.5,1,2.0,2025-03-27 17:22:56,0,,,,0,1,1746206576000000000
7299,2025-01-16 18:10:25,Ads,UK,6,18.0,1,2.0,2025-01-18 18:10:25,0,,,,0,0,
7300,2025-01-27 12:09:06,Organic,India,6,24.0,0,,,0,,,,0,1,1739621346000000000
7301,2025-03-07 01:18:44,Organic,USA,4,18.0,1,3.0,2025-03-10 01:18:44,0,,,,0,1,1745371124000000000
7302,2025-02-04 05:31:38,Organic,India,5,22.5,1,3.0,2025-02-07 05:31:38,0,,,,0,0,
7303,2025-03-02 16:52:41,Organic,UK,3,13.5,1,2.0,2025-03-04 16:52:41,0,,,,0,0,
7304,2025-03-13 18:12:31,Organic,USA,3,13.5,1,2.0,2025-03-15 18:12:31,0,,,,0,1,1743703951000000000
7305,2025-03-18 09:36:05,Ads,UK,9,54.0,1,1.0,2025-03-19 09:36:05,1,14.0,2025-04-01 09:36:05,Basic,50,1,1743586565000000000
7306,2025-01-19 04:02:00,Ads,UK,6,27.0,1,1.0,2025-01-20 04:02:00,1,13.0,2025-02-01 04:02:00,Basic,50,0,
7307,2025-01-14 01:16:27,Referral,India,7,21.0,1,1.0,2025-01-15 01:16:27,1,7.0,2025-01-21 01:16:27,Basic,50,0,
7308,2025-03-01 23:25:30,Referral,USA,6,27.0,1,2.0,2025-03-03 23:25:30,0,,,,0,0,
7309,2025-03-28 18:15:10,Ads,USA,6,18.0,1,1.0,2025-03-29 18:15:10,0,,,,0,0,
7310,2025-03-30 11:09:34,Ads,USA,6,18.0,0,,,0,,,,0,0,
7311,2025-03-01 10:17:19,Referral,India,4,24.0,1,3.0,2025-03-04 10:17:19,1,10.0,2025-03-11 10:17:19,Pro,120,0,
7312,2025-01-23 09:40:57,Organic,UK,5,22.5,1,1.0,2025-01-24 09:40:57,1,14.0,2025-02-06 09:40:57,Pro,120,0,
7313,2025-01-23 22:42:19,Organic,Germany,7,21.0,1,1.0,2025-01-24 22:42:19,0,,,,0,1,1741300939000000000
7314,2025-02-11 08:03:07,Organic,Germany,4,24.0,1,3.0,2025-02-14 08:03:07,1,6.0,2025-02-17 08:03:07,Pro,120,1,1741161787000000000
7315,2025-03-01 15:42:04,Ads,UK,6,36.0,1,1.0,2025-03-02 15:42:04,0,,,,0,1,1744126924000000000
7316,2025-03-29 14:00:35,Ads,USA,8,48.0,1,2.0,2025-03-31 14:00:35,0,,,,0,1,1745330435000000000
7317,2025-02-26 21:02:30,Organic,India,4,24.0,1,3.0,2025-03-01 21:02:30,0,,,,0,0,
7318,2025-01-20 18:56:53,Ads,India,3,18.0,1,3.0,2025-01-23 18:56:53,0,,,,0,0,
7319,2025-03-03 03:20:33,Ads,USA,5,15.0,1,2.0,2025-03-05 03:20:33,1,13.0,2025-03-16 03:20:33,Basic,50,0,
7320,2025-03-08 13:17:13,Organic,India,7,21.0,0,,,0,,,,0,1,1745068633000000000
7321,2025-01-11 12:33:30,Organic,India,2,4.0,0,,,0,,,,0,1,1741264410000000000
7322,2025-01-23 14:13:46,Organic,Canada,3,9.0,1,3.0,2025-01-26 14:13:46,0,,,,0,1,1741356826000000000
7323,2025-03-22 10:58:22,Organic,Germany,4,18.0,1,2.0,2025-03-24 10:58:22,0,,,,0,0,
7324,2025-01-01 09:06:06,Referral,Germany,10,45.0,1,1.0,2025-01-02 09:06:06,0,,,,0,0,
7325,2025-03-14 05:25:27,Referral,India,7,21.0,0,,,0,,,,0,1,1746422727000000000
7326,2025-02-24 23:26:54,Referral,Germany,6,36.0,1,2.0,2025-02-26 23:26:54,0,,,,0,1,1743377214000000000
7327,2025-03-25 06:27:58,Ads,India,1,4.0,0,,,0,,,,0,0,
7328,2025-03-14 19:01:10,Ads,USA,7,28.0,0,,,0,,,,0,1,1746471670000000000
7329,2025-02-21 17:17:33,Ads,USA,4,24.0,1,1.0,2025-02-22 17:17:33,0,,,,0,0,
7330,2025-02-24 02:21:50,Ads,USA,3,13.5,1,1.0,2025-02-25 02:21:50,0,,,,0,1,1741918910000000000
7331,2025-03-28 17:50:31,Ads,Germany,2,9.0,1,3.0,2025-03-31 17:50:31,0,,,,0,1,1746121831000000000
7332,2025-03-11 13:22:03,Ads,India,5,22.5,1,1.0,2025-03-12 13:22:03,0,,,,0,1,1745932923000000000
7333,2025-01-17 21:37:15,Organic,USA,2,12.0,1,2.0,2025-01-19 21:37:15,0,,,,0,0,
7334,2025-01-17 21:05:16,Ads,India,6,27.0,1,2.0,2025-01-19 21:05:16,0,,,,0,1,1741640716000000000
7335,2025-01-17 12:26:37,Organic,Canada,3,6.0,0,,,0,,,,0,0,
7336,2025-03-03 00:11:22,Ads,USA,10,30.0,0,,,0,,,,0,1,1745626282000000000
7337,2025-02-17 18:53:04,Organic,UK,4,16.0,0,,,0,,,,0,1,1742410384000000000
7338,2025-02-23 15:07:42,Organic,UK,4,12.0,0,,,0,,,,0,1,1742915262000000000
7339,2025-03-24 15:13:00,Referral,UK,3,9.0,1,3.0,2025-03-27 15:13:00,0,,,,0,1,1744211580000000000
7340,2025-02-27 02:00:48,Organic,USA,3,13.5,1,3.0,2025-03-02 02:00:48,0,,,,0,1,1745287248000000000
7341,2025-03-15 01:25:11,Organic,India,5,30.0,1,2.0,2025-03-17 01:25:11,0,,,,0,0,
7342,2025-03-20 08:06:59,Organic,USA,2,12.0,1,2.0,2025-03-22 08:06:59,1,13.0,2025-04-02 08:06:59,Basic,50,1,1745482019000000000
7343,2025-02-14 16:37:40,Referral,Germany,5,10.0,0,,,0,,,,0,0,
7344,2025-03-24 05:03:03,Ads,Canada,5,15.0,1,2.0,2025-03-26 05:03:03,0,,,,0,1,1745816583000000000
7345,2025-02-05 08:09:40,Ads,India,5,20.0,0,,,0,,,,0,1,1743408580000000000
7346,2025-01-04 14:29:45,Referral,India,1,2.0,0,,,0,,,,0,1,1739975385000000000
7347,2025-03-22 01:54:23,Organic,USA,11,33.0,1,3.0,2025-03-25 01:54:23,0,,,,0,0,
7348,2025-02-11 18:02:03,Organic,UK,6,18.0,0,,,0,,,,0,1,1744135323000000000
7349,2025-03-28 01:14:29,Organic,India,5,10.0,0,,,0,,,,0,0,
7350,2025-03-17 09:35:24,Ads,UK,4,24.0,1,1.0,2025-03-18 09:35:24,0,,,,0,1,1745400924000000000
7351,2025-03-14 10:17:18,Ads,Germany,2,6.0,1,2.0,2025-03-16 10:17:18,0,,,,0,0,
7352,2025-03-18 22:38:03,Organic,USA,8,24.0,1,3.0,2025-03-21 22:38:03,0,,,,0,1,1745879883000000000
7353,2025-01-11 19:17:56,Organic,India,7,21.0,1,3.0,2025-01-14 19:17:56,0,,,,0,1,1738437476000000000
7354,2025-03-16 06:01:01,Organic,Germany,2,4.0,0,,,0,,,,0,0,
7355,2025-01-23 07:47:34,Ads,USA,4,12.0,1,3.0,2025-01-26 07:47:34,0,,,,0,1,1740124054000000000
7356,2025-01-10 08:49:19,Organic,USA,10,30.0,1,2.0,2025-01-12 08:49:19,0,,,,0,1,1738399759000000000
7357,2025-01-26 14:40:09,Organic,India,6,24.0,0,,,0,,,,0,1,1741099209000000000
7358,2025-02-04 03:30:14,Organic,USA,6,27.0,1,3.0,2025-02-07 03:30:14,0,,,,0,1,1742700614000000000
7359,2025-01-26 11:33:00,Ads,UK,4,24.0,1,1.0,2025-01-27 11:33:00,0,,,,0,1,1741692780000000000
7360,2025-03-16 05:31:31,Ads,USA,10,30.0,0,,,0,,,,0,1,1745299891000000000
7361,2025-01-18 07:02:19,Organic,India,5,22.5,1,1.0,2025-01-19 07:02:19,0,,,,0,0,
7362,2025-03-05 08:27:40,Ads,UK,4,24.0,1,3.0,2025-03-08 08:27:40,1,9.0,2025-03-14 08:27:40,Pro,120,0,
7363,2025-02-04 20:03:48,Ads,India,2,6.0,1,3.0,2025-02-07 20:03:48,1,7.0,2025-02-11 20:03:48,Basic,50,1,1743624228000000000
7364,2025-02-18 01:21:32,Referral,India,2,12.0,1,3.0,2025-02-21 01:21:32,1,7.0,2025-02-25 01:21:32,Pro,120,0,
7365,2025-01-21 17:15:46,Organic,UK,7,21.0,1,2.0,2025-01-23 17:15:46,0,,,,0,0,
7366,2025-01-01 19:18:38,Ads,Canada,5,22.5,1,1.0,2025-01-02 19:18:38,1,13.0,2025-01-14 19:18:38,Basic,50,0,
7367,2025-01-03 00:59:15,Organic,India,4,18.0,1,3.0,2025-01-06 00:59:15,0,,,,0,0,
7368,2025-01-23 04:18:54,Organic,India,4,18.0,1,3.0,2025-01-26 04:18:54,0,,,,0,0,
7369,2025-02-01 23:58:37,Ads,UK,2,6.0,1,2.0,2025-02-03 23:58:37,1,8.0,2025-02-09 23:58:37,Pro,120,0,
7370,2025-01-02 09:24:03,Organic,USA,1,2.0,0,,,0,,,,0,1,1738661043000000000
7371,2025-03-02 04:54:42,Organic,USA,3,9.0,0,,,0,,,,0,0,
7372,2025-03-11 22:21:00,Organic,India,6,18.0,0,,,0,,,,0,1,1745878860000000000
7373,2025-03-25 16:20:57,Organic,India,6,36.0,1,1.0,2025-03-26 16:20:57,0,,,,0,1,1746375657000000000
7374,2025-03-19 09:42:44,Organic,UK,5,15.0,1,2.0,2025-03-21 09:42:44,0,,,,0,0,
7375,2025-02-07 00:37:19,Organic,USA,6,27.0,1,3.0,2025-02-10 00:37:19,1,12.0,2025-02-19 00:37:19,Basic,50,1,1740443839000000000
7376,2025-03-15 01:55:48,Ads,Canada,7,31.5,1,1.0,2025-03-16 01:55:48,0,,,,0,0,
7377,2025-01-20 15:36:58,Ads,USA,6,36.0,1,1.0,2025-01-21 15:36:58,0,,,,0,1,1738769818000000000
7378,2025-02-02 03:12:54,Organic,USA,8,32.0,0,,,0,,,,0,0,
7379,2025-03-19 08:33:55,Ads,Germany,7,21.0,1,2.0,2025-03-21 08:33:55,0,,,,0,1,1744965235000000000
7380,2025-01-27 20:03:40,Referral,India,10,60.0,1,2.0,2025-01-29 20:03:40,0,,,,0,1,1742587420000000000
7381,2025-02-10 08:42:59,Organic,USA,9,27.0,1,1.0,2025-02-11 08:42:59,0,,,,0,1,1741164179000000000
7382,2025-03-15 17:53:28,Organic,India,3,13.5,1,1.0,2025-03-16 17:53:28,0,,,,0,0,
7383,2025-01-30 15:20:37,Ads,India,3,13.5,1,2.0,2025-02-01 15:20:37,0,,,,0,1,1740669637000000000
7384,2025-02-12 12:49:02,Ads,India,4,18.0,1,1.0,2025-02-13 12:49:02,0,,,,0,0,
7385,2025-03-26 11:50:59,Organic,India,3,18.0,1,2.0,2025-03-28 11:50:59,0,,,,0,1,1746964259000000000
7386,2025-03-14 20:43:45,Organic,Germany,4,12.0,0,,,0,,,,0,1,1745268225000000000
7387,2025-01-13 13:11:49,Ads,USA,5,15.0,1,1.0,2025-01-14 13:11:49,0,,,,0,1,1741525909000000000
7388,2025-01-29 02:45:51,Referral,Canada,6,27.0,1,3.0,2025-02-01 02:45:51,0,,,,0,1,1740105951000000000
7389,2025-01-01 11:35:43,Organic,USA,3,9.0,1,1.0,2025-01-02 11:35:43,0,,,,0,1,1739014543000000000
7390,2025-03-10 06:09:21,Referral,USA,4,16.0,0,,,0,,,,0,0,
7391,2025-01-02 23:29:08,Organic,India,4,24.0,1,1.0,2025-01-03 23:29:08,1,13.0,2025-01-15 23:29:08,Pro,120,0,
7392,2025-02-28 21:23:01,Organic,USA,4,24.0,1,3.0,2025-03-03 21:23:01,0,,,,0,0,
7393,2025-03-15 01:16:19,Organic,USA,7,42.0,1,3.0,2025-03-18 01:16:19,0,,,,0,1,1745543779000000000
7394,2025-02-12 11:10:21,Ads,India,2,8.0,0,,,0,,,,0,1,1743592221000000000
7395,2025-03-05 21:44:12,Organic,UK,3,9.0,1,2.0,2025-03-07 21:44:12,0,,,,0,0,
7396,2025-03-21 06:52:02,Organic,India,2,12.0,1,3.0,2025-03-24 06:52:02,0,,,,0,1,1744008722000000000
7397,2025-01-06 19:23:13,Referral,USA,7,31.5,1,3.0,2025-01-09 19:23:13,0,,,,0,0,
7398,2025-01-04 18:38:04,Referral,USA,6,27.0,1,2.0,2025-01-06 18:38:04,0,,,,0,0,
7399,2025-01-22 04:25:14,Organic,Germany,8,16.0,0,,,0,,,,0,1,1738988714000000000
7400,2025-02-13 17:15:41,Organic,India,8,48.0,1,1.0,2025-02-14 17:15:41,0,,,,0,0,
7401,2025-03-12 18:05:41,Ads,USA,2,12.0,1,2.0,2025-03-14 18:05:41,0,,,,0,1,1744394741000000000
7402,2025-01-04 02:35:08,Ads,USA,8,32.0,0,,,0,,,,0,1,1737858908000000000
7403,2025-02-23 01:41:55,Organic,India,4,24.0,1,3.0,2025-02-26 01:41:55,0,,,,0,1,1741830115000000000
7404,2025-03-07 15:24:05,Referral,USA,5,15.0,1,2.0,2025-03-09 15:24:05,1,8.0,2025-03-15 15:24:05,Pro,120,0,
7405,2025-03-10 06:35:31,Organic,India,4,12.0,1,2.0,2025-03-12 06:35:31,0,,,,0,1,1746426931000000000
7406,2025-02-27 14:22:43,Ads,India,2,8.0,0,,,0,,,,0,1,1745072563000000000
7407,2025-03-09 20:32:46,Organic,India,9,27.0,1,3.0,2025-03-12 20:32:46,0,,,,0,0,
7408,2025-01-21 11:46:43,Ads,Canada,4,24.0,1,3.0,2025-01-24 11:46:43,1,10.0,2025-01-31 11:46:43,Basic,50,0,
7409,2025-02-20 14:14:32,Organic,India,3,12.0,0,,,0,,,,0,0,
7410,2025-03-15 11:28:38,Ads,USA,2,9.0,1,1.0,2025-03-16 11:28:38,1,8.0,2025-03-23 11:28:38,Basic,50,0,
7411,2025-03-29 14:19:30,Referral,India,6,18.0,1,3.0,2025-04-01 14:19:30,0,,,,0,1,1745072370000000000
7412,2025-02-27 01:17:06,Organic,India,3,9.0,0,,,0,,,,0,0,
7413,2025-03-22 13:31:17,Ads,India,5,22.5,1,1.0,2025-03-23 13:31:17,0,,,,0,1,1746711077000000000
7414,2025-01-15 18:34:45,Organic,USA,6,18.0,1,2.0,2025-01-17 18:34:45,0,,,,0,1,1738953285000000000
7415,2025-01-06 20:49:55,Referral,India,7,31.5,1,2.0,2025-01-08 20:49:55,0,,,,0,1,1740862195000000000
7416,2025-01-26 07:04:14,Referral,India,6,27.0,1,3.0,2025-01-29 07:04:14,0,,,,0,0,
7417,2025-03-14 11:28:14,Ads,Canada,3,9.0,0,,,0,,,,0,0,
7418,2025-01-24 23:45:23,Ads,USA,7,42.0,1,3.0,2025-01-27 23:45:23,1,8.0,2025-02-01 23:45:23,Basic,50,0,
7419,2025-03-02 12:05:28,Referral,India,6,27.0,1,1.0,2025-03-03 12:05:28,0,,,,0,1,1743163528000000000
7420,2025-02-02 19:42:23,Organic,USA,7,42.0,1,3.0,2025-02-05 19:42:23,0,,,,0,0,
7421,2025-01-07 13:07:15,Organic,India,7,21.0,1,2.0,2025-01-09 13:07:15,0,,,,0,1,1741180035000000000
7422,2025-01-07 02:30:09,Ads,USA,5,30.0,1,2.0,2025-01-09 02:30:09,1,11.0,2025-01-18 02:30:09,Basic,50,0,
7423,2025-01-26 05:49:05,Organic,India,2,8.0,0,,,0,,,,0,0,
7424,2025-01-19 12:43:48,Referral,India,3,18.0,1,3.0,2025-01-22 12:43:48,0,,,,0,1,1742301828000000000
7425,2025-01-04 07:53:55,Ads,India,4,18.0,1,3.0,2025-01-07 07:53:55,0,,,,0,0,
7426,2025-01-07 18:05:10,Organic,India,3,6.0,0,,,0,,,,0,0,
7427,2025-03-22 16:06:21,Organic,Canada,9,40.5,1,2.0,2025-03-24 16:06:21,0,,,,0,1,1747757181000000000
7428,2025-02-24 15:45:40,Organic,India,6,27.0,1,3.0,2025-02-27 15:45:40,1,14.0,2025-03-10 15:45:40,Pro,120,0,
7429,2025-03-09 01:22:01,Ads,India,5,30.0,1,2.0,2025-03-11 01:22:01,0,,,,0,0,
7430,2025-03-28 07:16:19,Organic,USA,3,9.0,0,,,0,,,,0,0,
7431,2025-02-25 07:29:32,Organic,USA,3,18.0,1,2.0,2025-02-27 07:29:32,0,,,,0,1,1743924572000000000
7432,2025-03-15 07:56:27,Ads,India,5,15.0,1,1.0,2025-03-16 07:56:27,0,,,,0,0,
7433,2025-02-27 05:48:17,Referral,India,7,21.0,1,3.0,2025-03-02 05:48:17,0,,,,0,0,
7434,2025-02-06 00:18:20,Referral,India,2,8.0,0,,,0,,,,0,0,
7435,2025-01-20 14:24:41,Referral,India,7,14.0,0,,,0,,,,0,1,1741616681000000000
7436,2025-02-28 02:31:36,Ads,India,2,6.0,0,,,0,,,,0,1,1742783496000000000
7437,2025-02-05 10:22:22,Organic,India,6,27.0,1,2.0,2025-02-07 10:22:22,0,,,,0,1,1742552542000000000
7438,2025-01-07 22:43:18,Referral,UK,1,6.0,1,3.0,2025-01-10 22:43:18,0,,,,0,1,1738104198000000000
7439,2025-01-05 14:31:31,Organic,Germany,2,6.0,1,1.0,2025-01-06 14:31:31,0,,,,0,1,1738506691000000000
7440,2025-02-05 15:56:02,Ads,USA,3,13.5,1,2.0,2025-02-07 15:56:02,0,,,,0,0,
7441,2025-02-24 08:01:45,Ads,India,11,33.0,0,,,0,,,,0,1,1744444905000000000
7442,2025-02-12 05:19:25,Referral,UK,2,4.0,0,,,0,,,,0,1,1742966365000000000
7443,2025-01-13 01:19:26,Organic,USA,9,40.5,1,1.0,2025-01-14 01:19:26,0,,,,0,1,1739150366000000000
7444,2025-03-02 15:19:27,Organic,Canada,2,6.0,1,2.0,2025-03-04 15:19:27,1,8.0,2025-03-10 15:19:27,Basic,50,1,1744557567000000000
7445,2025-03-23 06:50:32,Ads,USA,5,15.0,0,,,0,,,,0,1,1745995832000000000
7446,2025-03-02 19:09:08,Organic,USA,5,15.0,1,1.0,2025-03-03 19:09:08,0,,,,0,0,
7447,2025-02-13 02:34:36,Referral,India,4,16.0,0,,,0,,,,0,1,1743474876000000000
7448,2025-02-28 19:31:42,Ads,USA,3,9.0,0,,,0,,,,0,1,1745695902000000000
7449,2025-01-19 17:48:02,Ads,India,3,13.5,1,3.0,2025-01-22 17:48:02,0,,,,0,0,
7450,2025-02-09 17:54:38,Referral,India,6,18.0,1,1.0,2025-02-10 17:54:38,1,12.0,2025-02-21 17:54:38,Basic,50,1,1744048478000000000
7451,2025-02-13 23:03:16,Ads,India,3,18.0,1,2.0,2025-02-15 23:03:16,0,,,,0,1,1743980596000000000
7452,2025-01-22 05:48:15,Organic,USA,5,22.5,1,3.0,2025-01-25 05:48:15,0,,,,0,0,
7453,2025-01-13 09:28:33,Organic,USA,4,12.0,1,3.0,2025-01-16 09:28:33,0,,,,0,0,
7454,2025-02-08 03:57:46,Ads,Germany,8,48.0,1,2.0,2025-02-10 03:57:46,0,,,,0,1,1740628666000000000
7455,2025-02-21 09:52:51,Referral,India,3,9.0,1,2.0,2025-02-23 09:52:51,1,14.0,2025-03-07 09:52:51,Basic,50,0,
7456,2025-02-26 03:27:05,Ads,India,5,15.0,1,3.0,2025-03-01 03:27:05,0,,,,0,0,
7457,2025-03-26 18:22:57,Referral,Canada,4,24.0,1,1.0,2025-03-27 18:22:57,0,,,,0,1,1747765377000000000
7458,2025-03-20 18:28:17,Organic,Germany,3,9.0,1,2.0,2025-03-22 18:28:17,0,,,,0,0,
7459,2025-01-11 06:24:59,Organic,USA,5,22.5,1,2.0,2025-01-13 06:24:59,0,,,,0,1,1740983099000000000
7460,2025-03-06 18:11:35,Organic,India,4,18.0,1,1.0,2025-03-07 18:11:35,1,14.0,2025-03-20 18:11:35,Pro,120,0,
7461,2025-03-28 02:08:16,Ads,USA,7,42.0,1,2.0,2025-03-30 02:08:16,0,,,,0,1,1745546896000000000
7462,2025-02-05 08:10:07,Organic,India,7,21.0,0,,,0,,,,0,0,
7463,2025-02-17 23:28:15,Organic,Canada,6,24.0,0,,,1,13.0,2025-03-02 23:28:15,Basic,50,1,1741735695000000000
7464,2025-01-17 09:40:31,Ads,UK,6,18.0,1,1.0,2025-01-18 09:40:31,0,,,,0,0,
7465,2025-01-18 17:19:41,Organic,India,6,36.0,1,1.0,2025-01-19 17:19:41,1,10.0,2025-01-28 17:19:41,Basic,50,1,1740331181000000000
7466,2025-01-05 17:19:34,Ads,Canada,3,13.5,1,3.0,2025-01-08 17:19:34,0,,,,0,1,1739899174000000000
7467,2025-02-11 17:18:44,Organic,USA,10,45.0,1,2.0,2025-02-13 17:18:44,0,,,,0,0,
7468,2025-03-20 22:08:42,Organic,Germany,4,16.0,0,,,0,,,,0,1,1747433322000000000
7469,2025-03-21 06:06:15,Organic,Germany,8,24.0,0,,,0,,,,0,0,
7470,2025-02-20 02:05:52,Referral,India,4,24.0,1,3.0,2025-02-23 02:05:52,0,,,,0,0,
7471,2025-01-14 07:58:02,Organic,India,6,18.0,0,,,0,,,,0,1,1738569482000000000
7472,2025-03-16 17:23:02,Organic,USA,6,24.0,0,,,0,,,,0,0,
7473,2025-01-11 22:15:31,Organic,Germany,3,13.5,1,2.0,2025-01-13 22:15:31,0,,,,0,1,1740003331000000000
7474,2025-03-23 00:16:06,Organic,Germany,5,15.0,0,,,0,,,,0,0,
7475,2025-01-29 14:28:41,Referral,USA,4,16.0,0,,,0,,,,0,1,1743258521000000000
7476,2025-01-09 02:31:10,Organic,India,6,27.0,1,2.0,2025-01-11 02:31:10,0,,,,0,1,1738463470000000000
7477,2025-01-02 01:06:57,Referral,India,5,15.0,0,,,1,9.0,2025-01-11 01:06:57,Pro,120,0,
7478,2025-03-23 01:51:07,Organic,UK,1,2.0,0,,,0,,,,0,1,1745113867000000000
7479,2025-02-23 12:09:02,Referral,USA,2,6.0,1,3.0,2025-02-26 12:09:02,1,7.0,2025-03-02 12:09:02,Basic,50,0,
7480,2025-01-13 06:36:00,Ads,USA,4,8.0,0,,,0,,,,0,0,
7481,2025-03-03 17:09:52,Ads,USA,3,12.0,0,,,0,,,,0,1,1743354592000000000
7482,2025-01-03 05:27:38,Ads,UK,8,48.0,1,1.0,2025-01-04 05:27:38,0,,,,0,0,
7483,2025-03-27 22:02:03,Organic,Canada,11,49.5,1,1.0,2025-03-28 22:02:03,0,,,,0,0,
7484,2025-03-24 00:03:43,Ads,India,5,22.5,1,1.0,2025-03-25 00:03:43,0,,,,0,1,1744848223000000000
7485,2025-02-24 14:48:32,Organic,India,4,12.0,1,1.0,2025-02-25 14:48:32,1,12.0,2025-03-08 14:48:32,Basic,50,0,
7486,2025-03-26 15:05:18,Organic,UK,4,18.0,1,3.0,2025-03-29 15:05:18,0,,,,0,0,
7487,2025-03-08 07:44:27,Ads,Germany,7,42.0,1,1.0,2025-03-09 07:44:27,0,,,,0,1,1743493467000000000
7488,2025-03-22 15:41:40,Organic,India,4,24.0,1,1.0,2025-03-23 15:41:40,0,,,,0,1,1747496500000000000
7489,2025-03-26 02:01:13,Referral,India,5,22.5,1,2.0,2025-03-28 02:01:13,0,,,,0,0,
7490,2025-01-23 06:23:02,Organic,India,4,18.0,1,2.0,2025-01-25 06:23:02,0,,,,0,1,1742019782000000000
7491,2025-02-23 08:23:29,Ads,India,11,44.0,0,,,0,,,,0,0,
7492,2025-02-15 02:28:57,Referral,India,7,31.5,1,1.0,2025-02-16 02:28:57,0,,,,0,0,
7493,2025-01-17 07:19:51,Ads,USA,8,48.0,1,3.0,2025-01-20 07:19:51,0,,,,0,1,1741072791000000000
7494,2025-03-05 15:12:43,Ads,India,8,24.0,1,3.0,2025-03-08 15:12:43,0,,,,0,1,1745853163000000000
7495,2025-01-23 21:07:30,Ads,USA,2,12.0,1,2.0,2025-01-25 21:07:30,0,,,,0,1,1740776850000000000
7496,2025-02-17 11:35:53,Referral,India,3,18.0,1,1.0,2025-02-18 11:35:53,0,,,,0,1,1743593753000000000
7497,2025-02-05 21:16:58,Organic,India,5,22.5,1,2.0,2025-02-07 21:16:58,1,10.0,2025-02-15 21:16:58,Basic,50,0,
7498,2025-02-01 14:41:43,Ads,USA,2,6.0,1,2.0,2025-02-03 14:41:43,0,,,,0,1,1740148903000000000
7499,2025-03-15 07:13:53,Organic,USA,5,30.0,1,2.0,2025-03-17 07:13:53,0,,,,0,0,
7500,2025-01-01 12:50:50,Organic,India,4,8.0,0,,,0,,,,0,1,1740574250000000000
7501,2025-02-16 08:33:14,Organic,Canada,9,18.0,0,,,1,14.0,2025-03-02 08:33:14,Pro,120,1,1742200394000000000
7502,2025-02-28 20:41:16,Organic,India,9,40.5,1,3.0,2025-03-03 20:41:16,0,,,,0,0,
7503,2025-01-16 15:14:10,Ads,India,6,24.0,0,,,0,,,,0,1,1739200450000000000
7504,2025-01-06 11:59:07,Referral,USA,5,15.0,1,1.0,2025-01-07 11:59:07,0,,,,0,1,1740225547000000000
7505,2025-03-10 20:06:26,Ads,Canada,6,18.0,1,1.0,2025-03-11 20:06:26,0,,,,0,1,1745179586000000000
7506,2025-02-04 22:06:33,Ads,USA,7,42.0,1,2.0,2025-02-06 22:06:33,0,,,,0,1,1740607593000000000
7507,2025-02-14 23:24:10,Organic,India,11,66.0,1,3.0,2025-02-17 23:24:10,0,,,,0,0,
7508,2025-01-25 10:46:08,Organic,USA,5,30.0,1,3.0,2025-01-28 10:46:08,1,6.0,2025-01-31 10:46:08,Basic,50,0,
7509,2025-01-29 06:44:05,Organic,India,8,48.0,1,3.0,2025-02-01 06:44:05,0,,,,0,0,
7510,2025-03-20 22:05:53,Ads,UK,3,6.0,0,,,0,,,,0,1,1744668353000000000
7511,2025-01-11 03:25:36,Organic,India,2,4.0,0,,,1,11.0,2025-01-22 03:25:36,Pro,120,0,
7512,2025-02-14 08:00:15,Ads,Canada,4,12.0,0,,,0,,,,0,0,
7513,2025-03-16 11:58:57,Referral,India,5,20.0,0,,,0,,,,0,1,1744631937000000000
7514,2025-02-26 16:35:07,Ads,Germany,4,12.0,1,1.0,2025-02-27 16:35:07,0,,,,0,1,1742402107000000000
7515,2025-03-08 22:09:57,Ads,India,4,12.0,1,3.0,2025-03-11 22:09:57,0,,,,0,1,1743458997000000000
7516,2025-03-08 00:21:49,Ads,Canada,2,12.0,1,1.0,2025-03-09 00:21:49,0,,,,0,0,
7517,2025-02-27 01:11:47,Organic,India,5,30.0,1,2.0,2025-03-01 01:11:47,0,,,,0,0,
7518,2025-01-27 10:47:01,Organic,India,11,49.5,1,3.0,2025-01-30 10:47:01,0,,,,0,1,1740394021000000000
7519,2025-02-10 15:00:43,Referral,India,7,21.0,1,3.0,2025-02-13 15:00:43,1,6.0,2025-02-16 15:00:43,Basic,50,1,1740668443000000000
7520,2025-02-19 20:52:40,Ads,Canada,2,4.0,0,,,0,,,,0,0,
7521,2025-02-10 04:00:31,Ads,India,7,21.0,1,3.0,2025-02-13 04:00:31,1,6.0,2025-02-16 04:00:31,Basic,50,1,1743912031000000000
7522,2025-03-24 16:06:20,Organic,India,6,18.0,1,3.0,2025-03-27 16:06:20,0,,,,0,1,1746461180000000000
7523,2025-02-28 11:05:45,Ads,India,6,27.0,1,3.0,2025-03-03 11:05:45,0,,,,0,0,
7524,2025-02-17 03:04:27,Organic,Germany,11,66.0,1,3.0,2025-02-20 03:04:27,0,,,,0,0,
7525,2025-03-24 07:15:53,Organic,India,4,24.0,1,2.0,2025-03-26 07:15:53,0,,,,0,1,1744701353000000000
7526,2025-02-15 06:48:07,Organic,India,3,18.0,1,3.0,2025-02-18 06:48:07,0,,,,0,1,1743662887000000000
7527,2025-03-19 05:55:44,Organic,Germany,4,24.0,1,1.0,2025-03-20 05:55:44,0,,,,0,1,1744610144000000000
7528,2025-01-17 09:54:20,Organic,Germany,1,2.0,0,,,0,,,,0,1,1740131660000000000
7529,2025-02-18 22:28:07,Organic,India,6,18.0,0,,,0,,,,0,1,1743028087000000000
7530,2025-02-18 22:34:16,Ads,Canada,4,24.0,1,3.0,2025-02-21 22:34:16,0,,,,0,1,1742769256000000000
7531,2025-02-23 16:37:02,Ads,India,3,18.0,1,2.0,2025-02-25 16:37:02,0,,,,0,1,1745080622000000000
7532,2025-03-09 02:04:20,Ads,India,7,21.0,1,2.0,2025-03-11 02:04:20,0,,,,0,1,1745892260000000000
7533,2025-01-02 17:18:45,Organic,Canada,5,30.0,1,3.0,2025-01-05 17:18:45,0,,,,0,1,1739294325000000000
7534,2025-01-06 16:26:55,Referral,UK,4,24.0,1,2.0,2025-01-08 16:26:55,0,,,,0,1,1737649615000000000
7535,2025-03-11 10:03:24,Organic,India,3,6.0,0,,,0,,,,0,1,1745143404000000000
7536,2025-01-27 06:11:33,Organic,India,0,0.0,1,1.0,2025-01-28 06:11:33,0,,,,0,1,1741155093000000000
7537,2025-02-15 10:02:32,Ads,India,4,12.0,1,1.0,2025-02-16 10:02:32,0,,,,0,0,
7538,2025-03-30 23:44:19,Organic,UK,4,18.0,1,3.0,2025-04-02 23:44:19,0,,,,0,1,1745624659000000000
7539,2025-01-11 12:13:37,Ads,Germany,2,9.0,1,2.0,2025-01-13 12:13:37,0,,,,0,0,
7540,2025-01-04 17:24:58,Ads,India,5,22.5,1,3.0,2025-01-07 17:24:58,0,,,,0,1,1739208298000000000
7541,2025-01-08 22:22:18,Referral,Canada,4,12.0,1,2.0,2025-01-10 22:22:18,0,,,,0,1,1738102938000000000
7542,2025-03-27 23:13:44,Referral,India,6,18.0,1,2.0,2025-03-29 23:13:44,1,8.0,2025-04-04 23:13:44,Basic,50,0,
7543,2025-02-10 12:53:35,Referral,UK,4,24.0,1,2.0,2025-02-12 12:53:35,1,5.0,2025-02-15 12:53:35,Basic,50,0,
7544,2025-03-15 07:37:05,Organic,India,4,8.0,0,,,0,,,,0,1,1744357025000000000
7545,2025-01-01 15:12:25,Referral,USA,2,6.0,1,3.0,2025-01-04 15:12:25,1,6.0,2025-01-07 15:12:25,Basic,50,1,1739373145000000000
7546,2025-01-20 11:30:32,Organic,India,2,9.0,1,2.0,2025-01-22 11:30:32,0,,,,0,1,1741951832000000000
7547,2025-02-25 22:22:57,Ads,Germany,5,20.0,0,,,0,,,,0,1,1745360577000000000
7548,2025-03-02 13:30:51,Ads,India,2,12.0,1,2.0,2025-03-04 13:30:51,0,,,,0,1,1745242251000000000
7549,2025-03-10 22:03:52,Organic,India,6,12.0,0,,,0,,,,0,1,1744668232000000000
7550,2025-01-25 12:23:39,Ads,Canada,1,2.0,0,,,0,,,,0,0,
7551,2025-01-25 20:43:05,Organic,USA,1,3.0,1,3.0,2025-01-28 20:43:05,1,14.0,2025-02-08 20:43:05,Basic,50,0,
7552,2025-01-01 12:34:16,Organic,India,2,4.0,0,,,0,,,,0,1,1739709256000000000
7553,2025-03-23 10:50:49,Referral,USA,5,22.5,1,2.0,2025-03-25 10:50:49,0,,,,0,1,1747047049000000000
7554,2025-03-17 14:08:31,Organic,Canada,5,30.0,1,2.0,2025-03-19 14:08:31,1,7.0,2025-03-24 14:08:31,Basic,50,0,
7555,2025-01-06 19:31:04,Organic,USA,9,27.0,0,,,0,,,,0,1,1740252664000000000
7556,2025-02-08 17:29:05,Organic,India,2,12.0,1,3.0,2025-02-11 17:29:05,1,8.0,2025-02-16 17:29:05,Basic,50,1,1743269345000000000
7557,2025-01-11 21:01:35,Referral,India,3,18.0,1,1.0,2025-01-12 21:01:35,0,,,,0,1,1741554095000000000
7558,2025-01-26 06:39:15,Organic,Germany,3,12.0,0,,,0,,,,0,1,1739515155000000000
7559,2025-01-15 11:53:10,Organic,India,8,24.0,0,,,0,,,,0,0,
7560,2025-01-26 15:33:15,Referral,USA,6,24.0,0,,,0,,,,0,1,1742916795000000000
7561,2025-01-06 13:16:49,Organic,USA,5,22.5,1,2.0,2025-01-08 13:16:49,0,,,,0,0,
7562,2025-01-31 16:13:52,Organic,India,3,18.0,1,2.0,2025-02-02 16:13:52,0,,,,0,1,1740759232000000000
7563,2025-02-18 07:48:02,Ads,India,7,31.5,1,2.0,2025-02-20 07:48:02,0,,,,0,0,
7564,2025-03-05 03:24:43,Ads,Germany,3,18.0,1,2.0,2025-03-07 03:24:43,0,,,,0,1,1745378683000000000
7565,2025-03-21 10:49:07,Referral,India,4,18.0,1,2.0,2025-03-23 10:49:07,1,8.0,2025-03-29 10:49:07,Pro,120,1,1747651747000000000
7566,2025-02-10 17:10:47,Organic,UK,5,15.0,1,1.0,2025-02-11 17:10:47,0,,,,0,0,
7567,2025-01-21 10:56:53,Referral,Canada,1,4.5,1,2.0,2025-01-23 10:56:53,1,8.0,2025-01-29 10:56:53,Basic,50,1,1740653813000000000
7568,2025-02-20 05:09:46,Referral,India,3,6.0,0,,,0,,,,0,0,
7569,2025-01-30 18:54:57,Organic,India,3,13.5,1,3.0,2025-02-02 18:54:57,0,,,,0,0,
7570,2025-03-27 06:11:42,Organic,Germany,1,2.0,0,,,0,,,,0,1,1747807902000000000
7571,2025-02-11 16:15:52,Referral,UK,4,12.0,1,2.0,2025-02-13 16:15:52,0,,,,0,0,
7572,2025-01-23 19:34:37,Organic,India,4,18.0,1,3.0,2025-01-26 19:34:37,0,,,,0,1,1741980877000000000
7573,2025-03-11 14:01:37,Ads,India,4,24.0,1,3.0,2025-03-14 14:01:37,0,,,,0,0,
7574,2025-03-20 23:19:56,Ads,USA,4,24.0,1,3.0,2025-03-23 23:19:56,0,,,,0,1,1743981596000000000
7575,2025-03-06 04:41:50,Ads,USA,4,16.0,0,,,0,,,,0,0,
7576,2025-03-27 03:01:31,Referral,USA,5,20.0,0,,,0,,,,0,0,
7577,2025-01-11 22:25:40,Organic,Germany,0,0.0,1,1.0,2025-01-12 22:25:40,0,,,,0,0,
7578,2025-02-05 06:15:55,Organic,USA,5,30.0,1,3.0,2025-02-08 06:15:55,0,,,,0,1,1743833755000000000
7579,2025-03-12 13:37:00,Referral,Canada,0,0.0,0,,,0,,,,0,0,
7580,2025-03-03 23:19:02,Referral,UK,8,24.0,1,2.0,2025-03-05 23:19:02,0,,,,0,1,1742339942000000000
7581,2025-01-14 20:18:31,Ads,India,4,12.0,0,,,0,,,,0,0,
7582,2025-03-12 20:39:48,Referral,UK,4,8.0,0,,,0,,,,0,1,1746736788000000000
7583,2025-02-21 10:27:21,Ads,USA,1,2.0,0,,,0,,,,0,1,1744453641000000000
7584,2025-03-30 05:00:29,Organic,India,4,18.0,1,1.0,2025-03-31 05:00:29,0,,,,0,1,1748235629000000000
7585,2025-01-02 15:29:17,Referral,India,2,6.0,1,2.0,2025-01-04 15:29:17,0,,,,0,1,1739806157000000000
7586,2025-03-06 18:06:09,Organic,USA,6,27.0,1,3.0,2025-03-09 18:06:09,0,,,,0,1,1743098769000000000
7587,2025-01-27 11:21:59,Organic,USA,2,6.0,0,,,0,,,,0,1,1741951319000000000
7588,2025-02-25 10:01:49,Organic,Germany,7,42.0,1,3.0,2025-02-28 10:01:49,0,,,,0,1,1742119309000000000
7589,2025-03-10 12:16:33,Ads,Canada,5,10.0,0,,,0,,,,0,0,
7590,2025-03-04 06:13:19,Referral,India,2,12.0,1,1.0,2025-03-05 06:13:19,0,,,,0,0,
7591,2025-03-25 13:25:13,Organic,UK,7,31.5,1,2.0,2025-03-27 13:25:13,0,,,,0,0,
7592,2025-01-17 22:16:43,Organic,India,3,13.5,1,1.0,2025-01-18 22:16:43,0,,,,0,1,1740781003000000000
7593,2025-01-15 18:10:29,Ads,India,4,12.0,1,1.0,2025-01-16 18:10:29,1,7.0,2025-01-22 18:10:29,Basic,50,0,
7594,2025-02-04 23:06:31,Referral,India,6,36.0,1,3.0,2025-02-07 23:06:31,0,,,,0,1,1742079991000000000
7595,2025-01-02 13:57:25,Ads,USA,6,36.0,1,2.0,2025-01-04 13:57:25,0,,,,0,0,
7596,2025-03-02 14:33:16,Ads,India,3,9.0,1,2.0,2025-03-04 14:33:16,0,,,,0,1,1742653996000000000
7597,2025-01-20 02:55:31,Ads,India,5,15.0,0,,,0,,,,0,0,
7598,2025-01-14 17:40:37,Organic,India,1,3.0,0,,,0,,,,0,1,1741023637000000000
7599,2025-01-04 23:03:41,Organic,India,4,12.0,1,2.0,2025-01-06 23:03:41,1,11.0,2025-01-15 23:03:41,Basic,50,0,
7600,2025-03-19 20:58:38,Organic,Germany,7,21.0,1,2.0,2025-03-21 20:58:38,0,,,,0,1,1743713918000000000
7601,2025-01-29 04:38:39,Referral,Germany,4,12.0,1,3.0,2025-02-01 04:38:39,0,,,,0,1,1742877519000000000
7602,2025-01-14 15:39:40,Organic,UK,6,36.0,1,2.0,2025-01-16 15:39:40,0,,,,0,1,1739720380000000000
7603,2025-01-01 14:54:47,Ads,USA,7,14.0,0,,,0,,,,0,1,1740408887000000000
7604,2025-02-28 10:30:48,Organic,UK,6,27.0,1,3.0,2025-03-03 10:30:48,0,,,,0,1,1745749848000000000
7605,2025-03-03 22:14:55,Organic,UK,3,6.0,0,,,0,,,,0,1,1744064095000000000
7606,2025-01-29 19:44:32,Organic,UK,8,48.0,1,2.0,2025-01-31 19:44:32,0,,,,0,0,
7607,2025-03-21 04:55:08,Organic,India,7,42.0,1,3.0,2025-03-24 04:55:08,0,,,,0,1,1747371308000000000
7608,2025-03-01 21:03:15,Organic,India,2,6.0,1,2.0,2025-03-03 21:03:15,1,13.0,2025-03-14 21:03:15,Basic,50,0,
7609,2025-01-31 10:18:57,Ads,India,7,21.0,0,,,0,,,,0,1,1740305937000000000
7610,2025-02-25 12:59:17,Organic,India,5,15.0,1,1.0,2025-02-26 12:59:17,1,5.0,2025-03-02 12:59:17,Basic,50,0,
7611,2025-02-14 20:23:30,Ads,India,6,36.0,1,3.0,2025-02-17 20:23:30,1,8.0,2025-02-22 20:23:30,Basic,50,0,
7612,2025-03-25 15:13:26,Organic,UK,0,0.0,0,,,0,,,,0,0,
7613,2025-02-25 06:46:55,Ads,UK,7,42.0,1,3.0,2025-02-28 06:46:55,0,,,,0,1,1744786015000000000
7614,2025-01-24 14:34:20,Ads,India,3,18.0,1,3.0,2025-01-27 14:34:20,0,,,,0,1,1742567660000000000
7615,2025-01-24 08:57:30,Referral,India,5,30.0,1,2.0,2025-01-26 08:57:30,0,,,,0,0,
7616,2025-03-20 23:55:59,Organic,USA,5,15.0,1,2.0,2025-03-22 23:55:59,0,,,,0,1,1747266959000000000
7617,2025-02-24 09:47:38,Organic,India,6,36.0,1,2.0,2025-02-26 09:47:38,0,,,,0,0,
7618,2025-01-23 19:32:20,Referral,India,3,9.0,1,3.0,2025-01-26 19:32:20,0,,,,0,1,1739993540000000000
7619,2025-03-25 10:19:47,Organic,Canada,4,12.0,1,1.0,2025-03-26 10:19:47,0,,,,0,1,1744193987000000000
7620,2025-03-21 18:29:40,Referral,USA,3,9.0,1,2.0,2025-03-23 18:29:40,0,,,,0,1,1745864980000000000
7621,2025-02-14 16:40:07,Organic,Canada,3,18.0,1,1.0,2025-02-15 16:40:07,0,,,,0,1,1743093607000000000
7622,2025-02-10 20:07:14,Ads,Canada,9,54.0,1,2.0,2025-02-12 20:07:14,0,,,,0,0,
7623,2025-03-24 17:50:05,Organic,Canada,7,42.0,1,2.0,2025-03-26 17:50:05,0,,,,0,1,1747677005000000000
7624,2025-02-17 17:39:50,Referral,India,6,27.0,1,3.0,2025-02-20 17:39:50,0,,,,0,0,
7625,2025-01-31 17:50:22,Ads,India,5,22.5,1,3.0,2025-02-03 17:50:22,1,6.0,2025-02-06 17:50:22,Basic,50,1,1743443422000000000
7626,2025-03-14 07:01:33,Organic,India,8,36.0,1,1.0,2025-03-15 07:01:33,0,,,,0,0,
7627,2025-01-14 01:05:09,Organic,India,4,18.0,1,1.0,2025-01-15 01:05:09,0,,,,0,1,1739149509000000000
7628,2025-02-21 07:45:15,Organic,USA,6,27.0,1,3.0,2025-02-24 07:45:15,1,9.0,2025-03-02 07:45:15,Basic,50,0,
7629,2025-03-04 20:56:47,Ads,UK,3,18.0,1,3.0,2025-03-07 20:56:47,1,6.0,2025-03-10 20:56:47,Basic,50,1,1742763407000000000
7630,2025-01-18 23:35:44,Organic,Germany,3,12.0,0,,,0,,,,0,0,
7631,2025-02-19 09:16:28,Organic,Canada,4,24.0,1,3.0,2025-02-22 09:16:28,1,5.0,2025-02-24 09:16:28,Basic,50,1,1744276588000000000
7632,2025-03-07 21:23:34,Ads,USA,1,2.0,0,,,0,,,,0,1,1744838614000000000
7633,2025-01-21 16:43:40,Organic,USA,4,8.0,0,,,0,,,,0,1,1740933820000000000
7634,2025-02-16 10:21:58,Organic,India,3,12.0,0,,,0,,,,0,1,1741515718000000000
7635,2025-03-05 04:31:41,Organic,USA,4,24.0,1,3.0,2025-03-08 04:31:41,0,,,,0,0,
7636,2025-03-29 16:15:27,Ads,Canada,3,18.0,1,1.0,2025-03-30 16:15:27,1,6.0,2025-04-04 16:15:27,Basic,50,0,
7637,2025-02-16 10:53:02,Referral,India,5,20.0,0,,,0,,,,0,1,1744455182000000000
7638,2025-02-03 06:01:15,Organic,USA,9,27.0,1,3.0,2025-02-06 06:01:15,0,,,,0,1,1740549675000000000
7639,2025-01-22 04:24:48,Ads,Canada,7,21.0,1,2.0,2025-01-24 04:24:48,0,,,,0,0,
7640,2025-03-13 14:14:00,Organic,India,6,36.0,1,3.0,2025-03-16 14:14:00,0,,,,0,1,1746368040000000000
7641,2025-03-25 18:49:25,Organic,Germany,4,24.0,1,3.0,2025-03-28 18:49:25,0,,,,0,1,1744310965000000000
7642,2025-01-22 07:34:06,Ads,India,5,20.0,0,,,0,,,,0,1,1739864046000000000
7643,2025-02-15 22:39:39,Organic,Canada,4,18.0,1,3.0,2025-02-18 22:39:39,0,,,,0,0,
7644,2025-03-09 03:15:45,Ads,India,5,30.0,1,1.0,2025-03-10 03:15:45,0,,,,0,1,1743218145000000000
7645,2025-03-25 20:39:54,Referral,India,4,24.0,1,3.0,2025-03-28 20:39:54,0,,,,0,0,
7646,2025-03-23 08:31:47,Referral,India,5,20.0,0,,,0,,,,0,1,1744533107000000000
7647,2025-01-19 11:24:06,Organic,UK,2,9.0,1,2.0,2025-01-21 11:24:06,1,5.0,2025-01-24 11:24:06,Basic,50,0,
7648,2025-01-22 01:20:39,Organic,Canada,9,40.5,1,2.0,2025-01-24 01:20:39,1,5.0,2025-01-27 01:20:39,Basic,50,0,
7649,2025-02-26 18:42:07,Referral,USA,7,28.0,0,,,0,,,,0,0,
7650,2025-01-27 01:10:18,Organic,Germany,5,22.5,1,3.0,2025-01-30 01:10:18,0,,,,0,1,1739322618000000000
7651,2025-02-21 06:10:22,Ads,Canada,5,22.5,1,2.0,2025-02-23 06:10:22,1,13.0,2025-03-06 06:10:22,Pro,120,0,
7652,2025-01-29 14:05:30,Organic,India,4,12.0,1,3.0,2025-02-01 14:05:30,0,,,,0,1,1739628330000000000
7653,2025-01-02 12:38:56,Organic,UK,6,24.0,0,,,0,,,,0,1,1740400736000000000
7654,2025-03-01 15:07:10,Organic,India,3,6.0,0,,,0,,,,0,1,1743260830000000000
7655,2025-01-23 21:55:46,Referral,USA,2,12.0,1,3.0,2025-01-26 21:55:46,1,14.0,2025-02-06 21:55:46,Basic,50,1,1740088546000000000
7656,2025-02-26 01:04:16,Referral,India,4,24.0,1,3.0,2025-03-01 01:04:16,0,,,,0,0,
7657,2025-03-22 15:29:31,Organic,India,10,45.0,1,2.0,2025-03-24 15:29:31,0,,,,0,1,1746026971000000000
7658,2025-01-29 14:06:10,Referral,USA,6,36.0,1,3.0,2025-02-01 14:06:10,0,,,,0,1,1742652370000000000
7659,2025-03-28 03:39:25,Organic,India,3,13.5,1,3.0,2025-03-31 03:39:25,1,12.0,2025-04-09 03:39:25,Basic,50,1,1747625965000000000
7660,2025-02-28 14:16:21,Organic,USA,5,15.0,0,,,0,,,,0,0,
7661,2025-01-16 00:09:33,Ads,Germany,2,6.0,1,1.0,2025-01-17 00:09:33,1,9.0,2025-01-25 00:09:33,Pro,120,0,
7662,2025-03-03 11:41:10,Ads,India,3,13.5,1,1.0,2025-03-04 11:41:10,0,,,,0,1,1744544470000000000
7663,2025-02-10 22:07:27,Organic,UK,9,27.0,1,3.0,2025-02-13 22:07:27,0,,,,0,1,1741990047000000000
7664,2025-03-18 14:54:31,Organic,USA,4,12.0,0,,,0,,,,0,1,1744124071000000000
7665,2025-01-30 20:18:02,Referral,India,1,3.0,1,1.0,2025-01-31 20:18:02,0,,,,0,0,
7666,2025-03-08 15:37:55,Referral,UK,3,18.0,1,3.0,2025-03-11 15:37:55,0,,,,0,1,1744213075000000000
7667,2025-03-06 05:12:02,Referral,India,4,24.0,1,1.0,2025-03-07 05:12:02,0,,,,0,1,1746249122000000000
7668,2025-01-18 10:01:40,Organic,India,4,18.0,1,1.0,2025-01-19 10:01:40,1,5.0,2025-01-23 10:01:40,Basic,50,0,
7669,2025-02-09 05:51:04,Ads,India,6,36.0,1,2.0,2025-02-11 05:51:04,1,11.0,2025-02-20 05:51:04,Basic,50,1,1743918664000000000
7670,2025-01-19 18:29:48,Organic,USA,4,24.0,1,2.0,2025-01-21 18:29:48,0,,,,0,1,1739039388000000000
7671,2025-02-23 06:57:09,Referral,USA,1,6.0,1,3.0,2025-02-26 06:57:09,0,,,,0,0,
7672,2025-03-27 01:35:58,Organic,India,7,21.0,0,,,0,,,,0,1,1745631358000000000
7673,2025-01-03 05:18:16,Organic,India,5,30.0,1,3.0,2025-01-06 05:18:16,0,,,,0,0,
7674,2025-03-03 03:37:02,Organic,Canada,2,12.0,1,1.0,2025-03-04 03:37:02,0,,,,0,0,
7675,2025-02-23 07:56:05,Referral,Canada,4,16.0,0,,,0,,,,0,1,1745222165000000000
7676,2025-01-13 12:55:29,Ads,USA,6,18.0,1,2.0,2025-01-15 12:55:29,1,14.0,2025-01-27 12:55:29,Basic,50,0,
7677,2025-03-24 20:14:36,Organic,India,3,18.0,1,2.0,2025-03-26 20:14:36,0,,,,0,1,1745525676000000000
7678,2025-01-28 13:16:52,Ads,India,4,24.0,1,1.0,2025-01-29 13:16:52,1,10.0,2025-02-07 13:16:52,Basic,50,1,1740143812000000000
7679,2025-01-03 16:59:39,Referral,Canada,8,24.0,1,1.0,2025-01-04 16:59:39,0,,,,0,1,1739206779000000000
7680,2025-02-25 14:14:50,Organic,India,6,27.0,1,1.0,2025-02-26 14:14:50,0,,,,0,0,
7681,2025-01-04 05:15:04,Referral,India,9,40.5,1,1.0,2025-01-05 05:15:04,1,11.0,2025-01-15 05:15:04,Basic,50,0,
7682,2025-03-03 00:54:31,Referral,USA,6,18.0,1,1.0,2025-03-04 00:54:31,0,,,,0,1,1742345671000000000
7683,2025-03-02 09:52:54,Organic,UK,6,12.0,0,,,1,8.0,2025-03-10 09:52:54,Basic,50,1,1742637174000000000
7684,2025-03-18 03:26:56,Organic,USA,4,12.0,0,,,0,,,,0,0,
7685,2025-01-24 03:09:07,Organic,India,14,84.0,1,2.0,2025-01-26 03:09:07,0,,,,0,0,
7686,2025-03-06 11:04:11,Organic,UK,4,12.0,0,,,0,,,,0,1,1743678251000000000
7687,2025-02-16 19:30:30,Organic,USA,3,9.0,0,,,0,,,,0,1,1743881430000000000
7688,2025-02-17 17:54:39,Ads,UK,8,36.0,1,3.0,2025-02-20 17:54:39,0,,,,0,0,
7689,2025-02-25 11:04:42,Ads,India,3,9.0,1,2.0,2025-02-27 11:04:42,1,11.0,2025-03-08 11:04:42,Pro,120,0,
7690,2025-03-21 10:19:18,Organic,UK,0,0.0,1,3.0,2025-03-24 10:19:18,0,,,,0,1,1747217958000000000
7691,2025-02-20 02:37:34,Ads,USA,6,24.0,0,,,0,,,,0,1,1742524654000000000
7692,2025-01-12 12:38:13,Ads,USA,6,24.0,0,,,0,,,,0,1,1740487093000000000
7693,2025-02-06 23:50:47,Referral,USA,3,18.0,1,1.0,2025-02-07 23:50:47,1,14.0,2025-02-20 23:50:47,Basic,50,1,1741045847000000000
7694,2025-01-22 06:50:50,Organic,India,5,22.5,1,1.0,2025-01-23 06:50:50,0,,,,0,0,
7695,2025-01-31 21:48:12,Ads,India,4,16.0,0,,,0,,,,0,1,1741729692000000000
7696,2025-03-27 02:53:41,Referral,India,3,18.0,1,1.0,2025-03-28 02:53:41,0,,,,0,1,1746672821000000000
7697,2025-01-29 10:00:57,Ads,India,4,16.0,0,,,0,,,,0,1,1740477657000000000
7698,2025-03-09 12:54:39,Organic,USA,6,36.0,1,1.0,2025-03-10 12:54:39,0,,,,0,1,1744721679000000000
7699,2025-03-12 23:59:30,Organic,UK,7,21.0,1,3.0,2025-03-15 23:59:30,0,,,,0,0,
7700,2025-02-04 11:01:39,Referral,India,4,12.0,1,2.0,2025-02-06 11:01:39,1,8.0,2025-02-12 11:01:39,Basic,50,0,
7701,2025-02-03 23:05:17,Organic,Germany,5,20.0,0,,,0,,,,0,0,
7702,2025-02-15 21:55:14,Referral,India,3,18.0,1,2.0,2025-02-17 21:55:14,1,12.0,2025-02-27 21:55:14,Pro,120,0,
7703,2025-03-24 21:56:14,Referral,India,9,36.0,0,,,1,9.0,2025-04-02 21:56:14,Basic,50,1,1745963774000000000
7704,2025-02-08 05:38:01,Organic,India,6,18.0,1,1.0,2025-02-09 05:38:01,0,,,,0,1,1742708281000000000
7705,2025-02-22 12:24:14,Ads,UK,2,6.0,0,,,0,,,,0,1,1741523054000000000
7706,2025-01-18 21:27:44,Organic,UK,3,12.0,0,,,0,,,,0,1,1740086864000000000
7707,2025-02-07 12:10:41,Organic,Germany,7,14.0,0,,,0,,,,0,1,1743509441000000000
7708,2025-02-01 10:19:08,Ads,India,3,9.0,0,,,0,,,,0,1,1742638748000000000
7709,2025-01-10 00:24:51,Ads,India,3,9.0,1,3.0,2025-01-13 00:24:51,0,,,,0,0,
7710,2025-01-28 09:26:29,Organic,UK,5,30.0,1,2.0,2025-01-30 09:26:29,1,8.0,2025-02-05 09:26:29,Basic,50,0,
7711,2025-01-26 01:53:11,Referral,UK,4,18.0,1,2.0,2025-01-28 01:53:11,0,,,,0,0,
7712,2025-02-09 02:06:20,Organic,Germany,2,12.0,1,3.0,2025-02-12 02:06:20,0,,,,0,1,1741485980000000000
7713,2025-03-06 08:16:47,Organic,India,0,0.0,0,,,0,,,,0,1,1746001007000000000
7714,2025-01-20 18:08:50,Organic,UK,6,18.0,1,1.0,2025-01-21 18:08:50,1,5.0,2025-01-25 18:08:50,Pro,120,0,
7715,2025-03-11 01:38:40,Organic,India,6,18.0,1,3.0,2025-03-14 01:38:40,1,14.0,2025-03-25 01:38:40,Basic,50,1,1746581920000000000
7716,2025-03-18 09:33:54,Referral,USA,2,6.0,0,,,0,,,,0,1,1744104834000000000
7717,2025-01-12 03:59:55,Ads,India,3,9.0,0,,,0,,,,0,1,1740628795000000000
7718,2025-03-10 05:44:02,Ads,UK,5,10.0,0,,,0,,,,0,1,1746251042000000000
7719,2025-01-30 21:33:56,Ads,USA,7,31.5,1,3.0,2025-02-02 21:33:56,0,,,,0,0,
7720,2025-01-19 06:27:38,Organic,India,4,12.0,1,3.0,2025-01-22 06:27:38,0,,,,0,1,1741415258000000000
7721,2025-01-21 22:42:51,Organic,India,3,9.0,1,3.0,2025-01-24 22:42:51,0,,,,0,1,1739227371000000000
7722,2025-01-04 02:51:55,Ads,India,5,10.0,0,,,0,,,,0,0,
7723,2025-01-19 18:02:59,Referral,India,7,31.5,1,1.0,2025-01-20 18:02:59,1,7.0,2025-01-26 18:02:59,Basic,50,0,
7724,2025-03-11 05:36:44,Referral,India,6,27.0,1,2.0,2025-03-13 05:36:44,0,,,,0,1,1744090604000000000
7725,2025-02-13 22:47:47,Organic,India,6,36.0,1,2.0,2025-02-15 22:47:47,1,13.0,2025-02-26 22:47:47,Basic,50,0,
7726,2025-03-17 12:12:56,Organic,UK,9,40.5,1,2.0,2025-03-19 12:12:56,0,,,,0,1,1744027976000000000
7727,2025-03-09 16:04:54,Organic,India,6,36.0,1,1.0,2025-03-10 16:04:54,1,7.0,2025-03-16 16:04:54,Basic,50,0,
7728,2025-03-29 18:31:31,Organic,India,4,24.0,1,1.0,2025-03-30 18:31:31,0,,,,0,0,
7729,2025-01-08 18:39:46,Organic,Germany,3,9.0,1,1.0,2025-01-09 18:39:46,0,,,,0,1,1738521586000000000
7730,2025-01-28 00:28:02,Ads,India,3,13.5,1,2.0,2025-01-30 00:28:02,0,,,,0,0,
7731,2025-03-28 04:13:25,Organic,UK,4,12.0,0,,,0,,,,0,1,1748232805000000000
7732,2025-02-04 23:23:06,Ads,USA,6,36.0,1,2.0,2025-02-06 23:23:06,1,8.0,2025-02-12 23:23:06,Pro,120,1,1740352986000000000
7733,2025-01-02 14:18:20,Ads,Germany,3,6.0,0,,,0,,,,0,0,
7734,2025-02-22 05:52:42,Organic,India,5,10.0,0,,,0,,,,0,1,1744696362000000000
7735,2025-02-24 08:04:28,Ads,UK,5,15.0,1,3.0,2025-02-27 08:04:28,0,,,,0,1,1741939468000000000
7736,2025-01-15 20:44:43,Organic,India,1,2.0,0,,,0,,,,0,0,
7737,2025-03-08 12:36:37,Ads,Germany,6,36.0,1,3.0,2025-03-11 12:36:37,1,12.0,2025-03-20 12:36:37,Basic,50,1,1745066197000000000
7738,2025-02-14 04:49:31,Referral,India,5,15.0,0,,,0,,,,0,1,1741063771000000000
7739,2025-03-22 21:37:55,Ads,USA,7,31.5,1,2.0,2025-03-24 21:37:55,0,,,,0,1,1746740275000000000
7740,2025-03-20 20:56:12,Referral,India,4,12.0,1,1.0,2025-03-21 20:56:12,0,,,,0,1,1745960172000000000
7741,2025-01-18 09:31:01,Organic,Germany,3,9.0,0,,,0,,,,0,0,
7742,2025-01-06 22:31:06,Ads,UK,7,42.0,1,2.0,2025-01-08 22:31:06,1,14.0,2025-01-20 22:31:06,Basic,50,1,1739917866000000000
7743,2025-02-16 09:22:26,Ads,India,5,20.0,0,,,0,,,,0,1,1741857746000000000
7744,2025-03-12 18:41:11,Ads,India,7,21.0,0,,,0,,,,0,0,
7745,2025-01-28 07:55:31,Referral,India,2,8.0,0,,,0,,,,0,1,1743148531000000000
7746,2025-01-14 09:45:43,Ads,India,6,18.0,1,2.0,2025-01-16 09:45:43,0,,,,0,1,1739353543000000000
7747,2025-01-30 07:05:13,Ads,India,4,24.0,1,3.0,2025-02-02 07:05:13,1,8.0,2025-02-07 07:05:13,Basic,50,0,
7748,2025-01-07 06:25:29,Organic,Germany,1,6.0,1,3.0,2025-01-10 06:25:29,1,13.0,2025-01-20 06:25:29,Pro,120,0,
7749,2025-01-31 22:53:35,Organic,UK,4,12.0,0,,,0,,,,0,1,1741906415000000000
7750,2025-02-20 07:55:30,Ads,Germany,7,42.0,1,3.0,2025-02-23 07:55:30,0,,,,0,1,1741593330000000000
7751,2025-03-01 16:25:58,Ads,USA,9,54.0,1,2.0,2025-03-03 16:25:58,1,11.0,2025-03-12 16:25:58,Basic,50,1,1743092758000000000
7752,2025-03-20 12:14:34,Referral,UK,3,18.0,1,3.0,2025-03-23 12:14:34,0,,,,0,1,1747052074000000000
7753,2025-01-25 22:12:28,Organic,USA,7,14.0,0,,,0,,,,0,0,
7754,2025-01-18 20:03:39,Organic,India,3,6.0,0,,,0,,,,0,0,
7755,2025-01-02 09:02:00,Ads,USA,2,9.0,1,1.0,2025-01-03 09:02:00,0,,,,0,1,1737709320000000000
7756,2025-01-05 16:55:47,Referral,USA,5,15.0,1,3.0,2025-01-08 16:55:47,1,5.0,2025-01-10 16:55:47,Basic,50,0,
7757,2025-03-17 01:47:35,Referral,Germany,4,24.0,1,1.0,2025-03-18 01:47:35,0,,,,0,1,1746064055000000000
7758,2025-01-20 04:51:30,Organic,USA,6,27.0,1,3.0,2025-01-23 04:51:30,0,,,,0,0,
7759,2025-01-20 04:26:23,Organic,Canada,6,36.0,1,3.0,2025-01-23 04:26:23,0,,,,0,1,1741321583000000000
7760,2025-01-01 17:30:14,Organic,UK,2,6.0,1,2.0,2025-01-03 17:30:14,0,,,,0,0,
7761,2025-02-12 22:22:42,Organic,USA,4,24.0,1,3.0,2025-02-15 22:22:42,0,,,,0,0,
7762,2025-03-21 16:49:15,Referral,USA,3,13.5,1,1.0,2025-03-22 16:49:15,1,11.0,2025-04-01 16:49:15,Basic,50,0,
7763,2025-03-16 23:10:06,Organic,India,4,12.0,1,1.0,2025-03-17 23:10:06,0,,,,0,0,
7764,2025-03-10 09:48:14,Organic,India,2,4.0,0,,,0,,,,0,0,
7765,2025-01-15 07:09:42,Organic,UK,6,27.0,1,2.0,2025-01-17 07:09:42,0,,,,0,0,
7766,2025-03-07 13:31:57,Organic,Germany,4,12.0,0,,,0,,,,0,1,1744637517000000000
7767,2025-03-02 12:18:18,Referral,India,9,40.5,1,1.0,2025-03-03 12:18:18,0,,,,0,1,1744719498000000000
7768,2025-02-22 11:08:09,Organic,Germany,1,6.0,1,3.0,2025-02-25 11:08:09,0,,,,0,1,1743764889000000000
7769,2025-02-06 22:37:29,Organic,India,3,9.0,1,1.0,2025-02-07 22:37:29,0,,,,0,1,1743979049000000000
7770,2025-03-26 21:52:26,Referral,USA,10,60.0,1,1.0,2025-03-27 21:52:26,0,,,,0,1,1745790746000000000
7771,2025-02-14 22:28:26,Organic,India,4,16.0,0,,,0,,,,0,1,1741472906000000000
7772,2025-01-29 00:04:53,Ads,India,6,36.0,1,3.0,2025-02-01 00:04:53,0,,,,0,1,1739577893000000000
7773,2025-03-27 22:23:29,Organic,India,4,12.0,1,2.0,2025-03-29 22:23:29,0,,,,0,0,
7774,2025-01-05 03:06:18,Ads,India,4,18.0,1,1.0,2025-01-06 03:06:18,0,,,,0,1,1738033578000000000
7775,2025-01-16 00:28:02,Organic,India,8,16.0,0,,,0,,,,0,1,1741048082000000000
7776,2025-02-06 06:04:53,Organic,India,5,30.0,1,3.0,2025-02-09 06:04:53,1,13.0,2025-02-19 06:04:53,Basic,50,0,
7777,2025-01-18 20:03:57,Ads,India,7,31.5,1,3.0,2025-01-21 20:03:57,0,,,,0,1,1740600237000000000
7778,2025-02-16 16:06:11,Organic,India,4,8.0,0,,,0,,,,0,1,1741536371000000000
7779,2025-02-26 04:28:21,Ads,India,8,24.0,0,,,0,,,,0,1,1743395301000000000
7780,2025-01-31 02:52:32,Organic,USA,4,24.0,1,1.0,2025-02-01 02:52:32,0,,,,0,1,1740970352000000000
7781,2025-01-18 17:30:17,Ads,Canada,6,27.0,1,2.0,2025-01-20 17:30:17,0,,,,0,1,1739295017000000000
7782,2025-03-20 07:57:15,Referral,India,5,20.0,0,,,0,,,,0,0,
7783,2025-03-14 03:00:16,Organic,India,8,36.0,1,1.0,2025-03-15 03:00:16,0,,,,0,1,1746759616000000000
7784,2025-01-24 07:44:34,Organic,UK,1,4.0,0,,,0,,,,0,1,1739432674000000000
7785,2025-03-08 03:32:55,Referral,India,6,27.0,1,3.0,2025-03-11 03:32:55,0,,,,0,0,
7786,2025-02-24 15:07:38,Ads,UK,3,9.0,1,2.0,2025-02-26 15:07:38,0,,,,0,1,1743606458000000000
7787,2025-02-15 20:48:51,Organic,India,5,30.0,1,2.0,2025-02-17 20:48:51,0,,,,0,1,1742935731000000000
7788,2025-03-26 19:26:45,Organic,India,5,15.0,0,,,0,,,,0,1,1744572405000000000
7789,2025-02-22 13:12:14,Organic,India,4,12.0,1,2.0,2025-02-24 13:12:14,0,,,,0,0,
7790,2025-03-18 14:45:11,Organic,India,7,31.5,1,1.0,2025-03-19 14:45:11,0,,,,0,0,
7791,2025-01-21 20:41:42,Referral,UK,6,18.0,1,3.0,2025-01-24 20:41:42,1,9.0,2025-01-30 20:41:42,Basic,50,1,1739392902000000000
7792,2025-01-17 22:15:38,Ads,India,8,24.0,0,,,0,,,,0,0,
7793,2025-03-15 20:11:18,Ads,Germany,4,12.0,1,1.0,2025-03-16 20:11:18,0,,,,0,1,1745179878000000000
7794,2025-03-08 12:06:20,Organic,India,6,18.0,1,1.0,2025-03-09 12:06:20,0,,,,0,1,1743854780000000000
7795,2025-01-24 11:00:19,Organic,Germany,7,31.5,1,1.0,2025-01-25 11:00:19,0,,,,0,0,
7796,2025-01-25 00:15:20,Referral,India,1,4.5,1,2.0,2025-01-27 00:15:20,0,,,,0,1,1739751320000000000
7797,2025-03-02 07:13:15,Organic,India,5,15.0,1,3.0,2025-03-05 07:13:15,1,11.0,2025-03-13 07:13:15,Basic,50,0,
7798,2025-01-29 03:44:25,Organic,USA,6,36.0,1,3.0,2025-02-01 03:44:25,0,,,,0,0,
7799,2025-02-15 12:47:33,Organic,India,2,4.0,0,,,0,,,,0,1,1743079653000000000
7800,2025-03-30 08:12:29,Ads,Canada,4,18.0,1,2.0,2025-04-01 08:12:29,0,,,,0,1,1744791149000000000
7801,2025-03-09 20:54:35,Organic,USA,3,9.0,1,2.0,2025-03-11 20:54:35,0,,,,0,0,
7802,2025-03-01 15:18:02,Organic,UK,3,6.0,0,,,0,,,,0,0,
7803,2025-01-09 11:32:02,Referral,India,1,4.0,0,,,0,,,,0,1,1737804722000000000
7804,2025-02-28 19:18:12,Ads,USA,4,24.0,1,3.0,2025-03-03 19:18:12,0,,,,0,1,1744485492000000000
7805,2025-01-21 17:36:36,Organic,USA,9,40.5,1,2.0,2025-01-23 17:36:36,0,,,,0,0,
7806,2025-03-11 17:41:01,Ads,UK,4,24.0,1,1.0,2025-03-12 17:41:01,0,,,,0,1,1745689261000000000
7807,2025-03-07 14:51:03,Organic,India,8,24.0,1,2.0,2025-03-09 14:51:03,0,,,,0,0,
7808,2025-01-14 21:34:07,Organic,Germany,7,21.0,0,,,0,,,,0,1,1738359247000000000
7809,2025-01-12 23:15:04,Ads,Germany,7,31.5,1,1.0,2025-01-13 23:15:04,0,,,,0,0,
7810,2025-01-29 08:45:00,Organic,Canada,5,22.5,1,1.0,2025-01-30 08:45:00,0,,,,0,0,
7811,2025-02-14 20:30:16,Organic,USA,3,12.0,0,,,0,,,,0,0,
7812,2025-02-28 07:34:20,Ads,USA,8,24.0,1,1.0,2025-03-01 07:34:20,0,,,,0,0,
7813,2025-02-16 12:11:33,Referral,India,6,36.0,1,3.0,2025-02-19 12:11:33,1,10.0,2025-02-26 12:11:33,Pro,120,0,
7814,2025-01-15 01:47:33,Ads,Germany,6,18.0,1,1.0,2025-01-16 01:47:33,0,,,,0,1,1741052853000000000
7815,2025-03-05 08:03:04,Organic,Germany,4,12.0,0,,,0,,,,0,0,
7816,2025-03-26 16:40:19,Organic,India,5,15.0,0,,,0,,,,0,1,1747672819000000000
7817,2025-02-27 23:34:27,Organic,India,6,18.0,1,1.0,2025-02-28 23:34:27,0,,,,0,1,1743896067000000000
7818,2025-03-11 21:23:22,Organic,Canada,3,13.5,1,1.0,2025-03-12 21:23:22,1,8.0,2025-03-19 21:23:22,Basic,50,1,1746566602000000000
7819,2025-02-17 11:19:59,Organic,India,5,10.0,0,,,0,,,,0,0,
7820,2025-01-20 14:33:20,Ads,India,3,12.0,0,,,0,,,,0,1,1741530800000000000
7821,2025-01-17 02:16:38,Organic,Germany,5,15.0,1,3.0,2025-01-20 02:16:38,0,,,,0,0,
7822,2025-02-22 15:02:05,Organic,Canada,1,4.0,0,,,0,,,,0,1,1745074925000000000
7823,2025-01-30 17:50:49,Ads,Germany,4,18.0,1,3.0,2025-02-02 17:50:49,0,,,,0,1,1742147449000000000
7824,2025-01-09 11:14:18,Organic,India,5,15.0,0,,,0,,,,0,1,1739790858000000000
7825,2025-02-13 22:31:55,Referral,India,1,2.0,0,,,0,,,,0,1,1742164315000000000
7826,2025-02-26 11:29:57,Organic,USA,8,24.0,1,3.0,2025-03-01 11:29:57,0,,,,0,1,1742124597000000000
7827,2025-03-23 16:57:12,Referral,USA,4,12.0,1,2.0,2025-03-25 16:57:12,0,,,,0,1,1746205032000000000
7828,2025-02-13 16:48:22,Referral,India,6,27.0,1,2.0,2025-02-15 16:48:22,0,,,,0,1,1742748502000000000
7829,2025-02-17 08:11:24,Referral,Canada,8,24.0,1,1.0,2025-02-18 08:11:24,0,,,,0,0,
7830,2025-03-06 22:58:30,Organic,Germany,3,9.0,1,2.0,2025-03-08 22:58:30,0,,,,0,0,
7831,2025-03-20 08:36:01,Referral,India,1,4.0,0,,,0,,,,0,1,1745829361000000000
7832,2025-01-28 18:36:11,Organic,India,4,12.0,0,,,0,,,,0,0,
7833,2025-03-21 20:13:30,Organic,India,7,21.0,1,1.0,2025-03-22 20:13:30,0,,,,0,1,1746044010000000000
7834,2025-01-29 10:11:58,Organic,USA,6,36.0,1,1.0,2025-01-30 10:11:58,0,,,,0,1,1740996718000000000
7835,2025-02-14 01:08:41,Organic,India,6,18.0,1,2.0,2025-02-16 01:08:41,0,,,,0,1,1742778521000000000
7836,2025-03-07 10:23:20,Organic,USA,2,9.0,1,3.0,2025-03-10 10:23:20,0,,,,0,1,1744626200000000000
7837,2025-03-16 01:30:29,Organic,USA,4,12.0,1,1.0,2025-03-17 01:30:29,0,,,,0,0,
7838,2025-03-12 07:44:18,Organic,Canada,3,9.0,1,2.0,2025-03-14 07:44:18,0,,,,0,1,1745307858000000000
7839,2025-01-28 09:18:24,Ads,India,9,40.5,1,1.0,2025-01-29 09:18:24,0,,,,0,0,
7840,2025-01-04 14:13:55,Organic,USA,8,32.0,0,,,0,,,,0,1,1740492835000000000
7841,2025-01-02 20:01:17,Ads,UK,7,21.0,0,,,0,,,,0,1,1737316877000000000
7842,2025-03-29 19:49:33,Referral,USA,6,36.0,1,1.0,2025-03-30 19:49:33,0,,,,0,1,1747856973000000000
7843,2025-01-28 17:28:02,Organic,Germany,3,13.5,1,3.0,2025-01-31 17:28:02,1,5.0,2025-02-02 17:28:02,Pro,120,0,
7844,2025-03-04 10:32:59,Ads,USA,7,21.0,1,1.0,2025-03-05 10:32:59,1,6.0,2025-03-10 10:32:59,Pro,120,0,
7845,2025-03-24 07:15:28,Referral,Germany,3,9.0,0,,,0,,,,0,1,1747120528000000000
7846,2025-02-13 04:12:50,Organic,India,5,22.5,1,1.0,2025-02-14 04:12:50,0,,,,0,0,
7847,2025-01-29 05:10:39,Organic,USA,5,22.5,1,2.0,2025-01-31 05:10:39,0,,,,0,0,
7848,2025-02-12 16:29:33,Referral,USA,7,21.0,0,,,0,,,,0,1,1740932973000000000
7849,2025-03-02 07:05:01,Referral,Germany,7,28.0,0,,,0,,,,0,0,
7850,2025-03-21 07:04:19,Ads,India,1,6.0,1,1.0,2025-03-22 07:04:19,0,,,,0,1,1745132659000000000
7851,2025-01-16 14:04:12,Organic,India,1,3.0,0,,,0,,,,0,0,
7852,2025-03-19 14:43:56,Referral,USA,5,30.0,1,2.0,2025-03-21 14:43:56,0,,,,0,0,
7853,2025-02-15 11:18:05,Organic,India,5,15.0,0,,,0,,,,0,1,1741605485000000000
7854,2025-01-23 22:06:47,Organic,USA,5,15.0,1,2.0,2025-01-25 22:06:47,0,,,,0,1,1742508407000000000
7855,2025-03-13 02:26:32,Organic,Germany,5,15.0,0,,,0,,,,0,1,1744424792000000000
7856,2025-02-07 22:29:06,Organic,Germany,7,21.0,0,,,0,,,,0,1,1740349746000000000
7857,2025-01-10 06:32:05,Ads,India,5,22.5,1,3.0,2025-01-13 06:32:05,0,,,,0,0,
7858,2025-01-28 14:55:37,Referral,India,6,18.0,1,3.0,2025-01-31 14:55:37,1,11.0,2025-02-08 14:55:37,Basic,50,0,
7859,2025-02-04 16:59:38,Ads,USA,9,27.0,1,1.0,2025-02-05 16:59:38,0,,,,0,0,
7860,2025-03-15 22:14:06,Organic,USA,8,24.0,1,1.0,2025-03-16 22:14:06,0,,,,0,1,1743632046000000000
7861,2025-03-01 08:15:48,Ads,UK,8,48.0,1,2.0,2025-03-03 08:15:48,0,,,,0,1,1744618548000000000
7862,2025-02-01 04:14:55,Ads,UK,1,3.0,1,2.0,2025-02-03 04:14:55,1,5.0,2025-02-06 04:14:55,Basic,50,1,1742271295000000000
7863,2025-01-21 11:18:13,Organic,USA,5,15.0,1,3.0,2025-01-24 11:18:13,0,,,,0,1,1742296693000000000
7864,2025-03-28 22:45:07,Referral,India,3,9.0,1,3.0,2025-03-31 22:45:07,0,,,,0,0,
7865,2025-01-24 01:06:01,Referral,UK,5,15.0,1,3.0,2025-01-27 01:06:01,0,,,,0,1,1741309561000000000
7866,2025-02-14 17:02:29,Ads,India,6,36.0,1,1.0,2025-02-15 17:02:29,0,,,,0,1,1743526949000000000
7867,2025-01-16 03:53:35,Organic,India,4,16.0,0,,,0,,,,0,1,1742010815000000000
7868,2025-03-02 19:30:30,Ads,UK,3,12.0,0,,,0,,,,0,1,1745782230000000000
7869,2025-02-14 15:16:40,Referral,USA,3,6.0,0,,,0,,,,0,0,
7870,2025-02-22 05:40:57,Organic,UK,8,48.0,1,3.0,2025-02-25 05:40:57,0,,,,0,1,1745214057000000000
7871,2025-01-02 04:18:14,Referral,India,3,9.0,0,,,0,,,,0,1,1738383494000000000
7872,2025-01-17 07:11:17,Organic,India,6,36.0,1,3.0,2025-01-20 07:11:17,0,,,,0,1,1739862677000000000
7873,2025-01-30 07:40:00,Ads,India,3,18.0,1,3.0,2025-02-02 07:40:00,0,,,,0,0,
7874,2025-03-13 15:05:53,Ads,USA,8,48.0,1,2.0,2025-03-15 15:05:53,0,,,,0,0,
7875,2025-01-19 13:43:12,Ads,India,5,15.0,1,2.0,2025-01-21 13:43:12,1,11.0,2025-01-30 13:43:12,Basic,50,1,1742218992000000000
7876,2025-02-21 18:47:04,Referral,UK,7,21.0,1,3.0,2025-02-24 18:47:04,0,,,,0,1,1744570024000000000
7877,2025-02-11 07:05:45,Organic,UK,11,66.0,1,2.0,2025-02-13 07:05:45,0,,,,0,0,
7878,2025-02-12 10:29:29,Organic,USA,6,18.0,1,1.0,2025-02-13 10:29:29,0,,,,0,1,1740824969000000000
7879,2025-02-07 08:58:32,Ads,Canada,4,18.0,1,2.0,2025-02-09 08:58:32,1,12.0,2025-02-19 08:58:32,Basic,50,0,
7880,2025-01-13 03:22:46,Organic,Canada,4,12.0,0,,,0,,,,0,1,1740194566000000000
7881,2025-03-24 10:42:04,Organic,Canada,6,36.0,1,2.0,2025-03-26 10:42:04,0,,,,0,0,
7882,2025-02-23 05:55:49,Organic,UK,6,18.0,0,,,0,,,,0,1,1741758949000000000
7883,2025-02-18 19:19:54,Organic,India,11,66.0,1,2.0,2025-02-20 19:19:54,0,,,,0,1,1744571994000000000
7884,2025-01-10 15:11:47,Ads,USA,2,6.0,0,,,0,,,,0,1,1740323507000000000
7885,2025-01-25 04:27:12,Ads,UK,6,36.0,1,1.0,2025-01-26 04:27:12,0,,,,0,1,1739161632000000000
7886,2025-01-22 07:21:15,Organic,India,7,21.0,1,1.0,2025-01-23 07:21:15,0,,,,0,1,1742628075000000000
7887,2025-02-25 13:10:12,Organic,UK,8,24.0,1,1.0,2025-02-26 13:10:12,0,,,,0,1,1745241012000000000
7888,2025-01-28 09:53:37,Organic,USA,7,21.0,1,3.0,2025-01-31 09:53:37,1,5.0,2025-02-02 09:53:37,Pro,120,0,
7889,2025-02-18 13:30:43,Organic,India,5,30.0,1,2.0,2025-02-20 13:30:43,0,,,,0,1,1742909443000000000
7890,2025-02-11 03:46:11,Organic,USA,3,12.0,0,,,0,,,,0,1,1744083971000000000
7891,2025-02-16 08:53:09,Organic,India,4,18.0,1,2.0,2025-02-18 08:53:09,1,8.0,2025-02-24 08:53:09,Pro,120,0,
7892,2025-01-04 14:49:39,Ads,India,10,20.0,0,,,0,,,,0,1,1738853379000000000
7893,2025-03-20 18:50:40,Ads,Canada,4,8.0,0,,,0,,,,0,1,1746643840000000000
7894,2025-02-17 03:32:22,Organic,USA,9,54.0,1,3.0,2025-02-20 03:32:22,1,14.0,2025-03-03 03:32:22,Pro,120,1,1743305542000000000
7895,2025-03-15 13:23:41,Ads,USA,7,42.0,1,3.0,2025-03-18 13:23:41,0,,,,0,1,1744809821000000000
7896,2025-01-19 02:23:45,Referral,India,7,31.5,1,3.0,2025-01-22 02:23:45,0,,,,0,1,1739240625000000000
7897,2025-02-10 17:28:40,Organic,USA,3,18.0,1,2.0,2025-02-12 17:28:40,0,,,,0,1,1741627720000000000
7898,2025-02-16 15:03:24,Organic,India,5,22.5,1,2.0,2025-02-18 15:03:24,1,13.0,2025-03-01 15:03:24,Basic,50,0,
7899,2025-02-10 06:03:14,Ads,UK,6,18.0,0,,,0,,,,0,1,1742450594000000000
7900,2025-03-03 19:31:19,Organic,Canada,3,6.0,0,,,0,,,,0,0,
7901,2025-03-28 00:59:40,Ads,Canada,4,8.0,0,,,0,,,,0,0,
7902,2025-01-18 15:30:31,Referral,India,3,12.0,0,,,0,,,,0,1,1741879831000000000
7903,2025-01-14 19:04:50,Organic,USA,8,36.0,1,1.0,2025-01-15 19:04:50,0,,,,0,0,
7904,2025-01-28 03:27:31,Ads,Canada,4,18.0,1,2.0,2025-01-30 03:27:31,0,,,,0,1,1740108451000000000
7905,2025-03-02 11:12:49,Ads,India,4,18.0,1,3.0,2025-03-05 11:12:49,1,6.0,2025-03-08 11:12:49,Basic,50,1,1743073969000000000
7906,2025-02-03 11:28:51,Organic,India,5,15.0,0,,,0,,,,0,0,
7907,2025-02-27 10:18:34,Organic,Canada,5,10.0,0,,,0,,,,0,0,
7908,2025-02-02 16:26:18,Referral,UK,5,30.0,1,2.0,2025-02-04 16:26:18,0,,,,0,1,1743611178000000000
7909,2025-03-11 11:12:26,Referral,USA,4,12.0,0,,,0,,,,0,1,1746357146000000000
7910,2025-02-18 10:06:23,Ads,India,3,12.0,0,,,0,,,,0,1,1744538783000000000
7911,2025-03-29 21:57:33,Referral,USA,3,18.0,1,2.0,2025-03-31 21:57:33,0,,,,0,1,1746309453000000000
7912,2025-03-30 13:16:01,Organic,India,2,4.0,0,,,0,,,,0,1,1745414161000000000
7913,2025-01-11 11:46:35,Organic,USA,4,16.0,0,,,0,,,,0,0,
7914,2025-03-11 18:56:59,Organic,USA,5,10.0,0,,,0,,,,0,1,1743706619000000000
7915,2025-02-14 07:23:59,Organic,USA,1,3.0,0,,,1,5.0,2025-02-19 07:23:59,Basic,50,1,1741332239000000000
7916,2025-03-27 02:07:30,Referral,UK,8,32.0,0,,,0,,,,0,0,
7917,2025-02-22 10:32:14,Referral,UK,4,18.0,1,1.0,2025-02-23 10:32:14,0,,,,0,0,
7918,2025-02-09 15:06:34,Referral,USA,5,22.5,1,2.0,2025-02-11 15:06:34,0,,,,0,1,1743951994000000000
7919,2025-02-26 05:10:18,Ads,India,6,18.0,1,1.0,2025-02-27 05:10:18,0,,,,0,1,1744261818000000000
7920,2025-01-23 12:10:06,Organic,India,5,15.0,1,3.0,2025-01-26 12:10:06,1,11.0,2025-02-03 12:10:06,Basic,50,0,
7921,2025-02-25 14:43:48,Organic,India,3,9.0,0,,,0,,,,0,0,
7922,2025-01-27 17:00:00,Organic,USA,5,22.5,1,1.0,2025-01-28 17:00:00,0,,,,0,1,1740070800000000000
7923,2025-01-12 05:31:18,Ads,Germany,2,12.0,1,1.0,2025-01-13 05:31:18,0,,,,0,1,1738906278000000000
7924,2025-01-06 17:45:19,Organic,USA,6,27.0,1,3.0,2025-01-09 17:45:19,0,,,,0,0,
7925,2025-02-07 23:37:17,Referral,India,7,42.0,1,1.0,2025-02-08 23:37:17,0,,,,0,0,
7926,2025-03-03 00:18:33,Referral,India,11,33.0,0,,,1,13.0,2025-03-16 00:18:33,Basic,50,0,
7927,2025-02-27 22:20:31,Organic,India,5,30.0,1,2.0,2025-03-01 22:20:31,0,,,,0,0,
7928,2025-02-04 02:55:34,Organic,India,6,18.0,1,3.0,2025-02-07 02:55:34,0,,,,0,1,1742698534000000000
7929,2025-01-27 17:33:28,Ads,USA,1,2.0,0,,,0,,,,0,1,1740072808000000000
7930,2025-01-16 14:13:23,Organic,India,3,18.0,1,3.0,2025-01-19 14:13:23,0,,,,0,1,1739628803000000000
7931,2025-03-19 03:53:01,Ads,India,7,28.0,0,,,0,,,,0,0,
7932,2025-01-06 09:36:29,Ads,India,3,12.0,0,,,0,,,,0,1,1741080989000000000
7933,2025-01-28 16:49:25,Organic,UK,6,27.0,1,1.0,2025-01-29 16:49:25,1,7.0,2025-02-04 16:49:25,Basic,50,1,1741193365000000000
7934,2025-01-14 17:43:38,Organic,USA,3,13.5,1,2.0,2025-01-16 17:43:38,0,,,,0,0,
7935,2025-01-20 14:12:17,Organic,Canada,5,15.0,1,3.0,2025-01-23 14:12:17,0,,,,0,1,1741615937000000000
7936,2025-02-28 23:59:39,Referral,India,8,48.0,1,3.0,2025-03-03 23:59:39,0,,,,0,0,
7937,2025-03-27 18:52:59,Organic,Canada,7,21.0,1,1.0,2025-03-28 18:52:59,1,7.0,2025-04-03 18:52:59,Basic,50,0,
7938,2025-01-27 05:49:17,Referral,USA,3,12.0,0,,,0,,,,0,0,
7939,2025-01-21 19:59:31,Ads,India,4,24.0,1,1.0,2025-01-22 19:59:31,0,,,,0,1,1741982371000000000
7940,2025-01-14 05:52:17,Ads,India,6,12.0,0,,,0,,,,0,1,1738907537000000000
7941,2025-01-17 11:41:13,Organic,India,8,48.0,1,2.0,2025-01-19 11:41:13,0,,,,0,1,1741866073000000000
7942,2025-03-25 10:40:52,Ads,USA,5,30.0,1,1.0,2025-03-26 10:40:52,0,,,,0,1,1747996852000000000
7943,2025-03-12 22:31:34,Ads,India,2,12.0,1,1.0,2025-03-13 22:31:34,1,5.0,2025-03-17 22:31:34,Basic,50,0,
7944,2025-02-07 14:53:48,Ads,Canada,3,9.0,1,2.0,2025-02-09 14:53:48,0,,,,0,1,1744037628000000000
7945,2025-03-06 13:43:28,Ads,India,3,12.0,0,,,0,,,,0,0,
7946,2025-02-11 11:05:34,Ads,USA,4,12.0,1,3.0,2025-02-14 11:05:34,1,12.0,2025-02-23 11:05:34,Pro,120,1,1741863934000000000
7947,2025-01-07 15:24:41,Referral,India,7,21.0,0,,,0,,,,0,1,1740669881000000000
7948,2025-03-12 15:48:41,Organic,USA,3,6.0,0,,,0,,,,0,0,
7949,2025-01-12 18:54:14,Referral,Canada,5,20.0,0,,,0,,,,0,0,
7950,2025-03-14 21:04:25,Organic,Germany,4,8.0,0,,,0,,,,0,1,1746824665000000000
7951,2025-03-10 05:11:08,Referral,India,8,16.0,0,,,0,,,,0,1,1744348268000000000
7952,2025-03-19 10:40:05,Referral,India,9,27.0,1,1.0,2025-03-20 10:40:05,0,,,,0,1,1744627205000000000
7953,2025-03-09 18:02:45,Organic,Canada,9,40.5,1,3.0,2025-03-12 18:02:45,0,,,,0,1,1744740165000000000
7954,2025-03-30 01:43:07,Ads,India,5,30.0,1,1.0,2025-03-31 01:43:07,0,,,,0,1,1748310187000000000
7955,2025-03-02 19:06:47,Ads,USA,8,36.0,1,1.0,2025-03-03 19:06:47,0,,,,0,1,1743793607000000000
7956,2025-02-14 21:22:31,Organic,Germany,7,31.5,1,1.0,2025-02-15 21:22:31,0,,,,0,1,1743024151000000000
7957,2025-02-25 23:18:45,Organic,USA,5,15.0,0,,,0,,,,0,0,
7958,2025-02-08 05:03:14,Organic,India,4,12.0,0,,,0,,,,0,0,
7959,2025-02-02 17:22:44,Referral,Canada,6,36.0,1,2.0,2025-02-04 17:22:44,0,,,,0,1,1742059364000000000
7960,2025-02-08 19:48:33,Referral,Germany,6,18.0,1,3.0,2025-02-11 19:48:33,0,,,,0,0,
7961,2025-01-29 04:34:38,Ads,UK,4,12.0,0,,,0,,,,0,1,1739594078000000000
7962,2025-03-16 10:14:21,Ads,USA,4,24.0,1,3.0,2025-03-19 10:14:21,0,,,,0,1,1746699261000000000
7963,2025-01-20 09:44:04,Ads,Germany,5,22.5,1,2.0,2025-01-22 09:44:04,0,,,,0,1,1742463844000000000
7964,2025-02-06 04:33:33,Organic,Germany,5,15.0,1,1.0,2025-02-07 04:33:33,0,,,,0,1,1743136413000000000
7965,2025-01-19 16:12:40,Organic,Germany,10,45.0,1,1.0,2025-01-20 16:12:40,1,12.0,2025-01-31 16:12:40,Basic,50,0,
7966,2025-01-27 13:07:53,Ads,USA,3,18.0,1,1.0,2025-01-28 13:07:53,0,,,,0,1,1742562473000000000
7967,2025-02-10 05:24:48,Referral,UK,3,9.0,1,3.0,2025-02-13 05:24:48,0,,,,0,0,
7968,2025-02-04 23:05:45,Ads,UK,3,9.0,1,3.0,2025-02-07 23:05:45,0,,,,0,1,1740265545000000000
7969,2025-02-23 18:01:08,Ads,India,3,6.0,0,,,0,,,,0,1,1741975268000000000
7970,2025-02-08 05:28:43,Ads,USA,8,32.0,0,,,0,,,,0,1,1743917323000000000
7971,2025-03-07 07:44:53,Organic,UK,4,12.0,0,,,0,,,,0,0,
7972,2025-02-06 23:42:21,Ads,Canada,3,9.0,0,,,0,,,,0,1,1740786141000000000
7973,2025-01-29 22:05:14,Organic,Canada,7,28.0,0,,,0,,,,0,1,1740175514000000000
7974,2025-01-03 12:08:06,Organic,India,3,18.0,1,3.0,2025-01-06 12:08:06,0,,,,0,1,1737979686000000000
7975,2025-01-05 22:34:48,Ads,USA,9,27.0,1,3.0,2025-01-08 22:34:48,0,,,,0,1,1740522888000000000
7976,2025-02-11 03:56:37,Ads,USA,6,27.0,1,1.0,2025-02-12 03:56:37,0,,,,0,0,
7977,2025-01-10 16:13:08,Organic,Canada,6,27.0,1,1.0,2025-01-11 16:13:08,0,,,,0,0,
7978,2025-03-01 01:54:19,Ads,India,2,9.0,1,2.0,2025-03-03 01:54:19,1,6.0,2025-03-07 01:54:19,Basic,50,0,
7979,2025-01-07 08:53:48,Ads,UK,7,31.5,1,2.0,2025-01-09 08:53:48,1,5.0,2025-01-12 08:53:48,Basic,50,1,1738313628000000000
7980,2025-02-21 14:13:52,Ads,USA,8,48.0,1,1.0,2025-02-22 14:13:52,1,12.0,2025-03-05 14:13:52,Basic,50,1,1744553632000000000
7981,2025-01-25 04:28:26,Referral,Germany,4,24.0,1,2.0,2025-01-27 04:28:26,0,,,,0,1,1741062506000000000
7982,2025-03-07 15:09:49,Organic,USA,2,6.0,1,1.0,2025-03-08 15:09:49,0,,,,0,0,
7983,2025-01-21 00:13:02,Referral,UK,7,21.0,1,2.0,2025-01-23 00:13:02,0,,,,0,0,
7984,2025-02-19 20:01:05,Ads,Germany,2,12.0,1,1.0,2025-02-20 20:01:05,0,,,,0,1,1744920065000000000
7985,2025-03-10 12:33:55,Ads,UK,6,27.0,1,3.0,2025-03-13 12:33:55,0,,,,0,1,1743942835000000000
7986,2025-02-03 10:33:10,Ads,India,5,15.0,1,2.0,2025-02-05 10:33:10,0,,,,0,1,1742553190000000000
7987,2025-01-05 14:19:32,Organic,India,6,36.0,1,3.0,2025-01-08 14:19:32,0,,,,0,1,1740665972000000000
7988,2025-03-02 20:57:15,Organic,Canada,3,13.5,1,3.0,2025-03-05 20:57:15,0,,,,0,0,
7989,2025-01-08 02:44:33,Ads,India,5,30.0,1,1.0,2025-01-09 02:44:33,0,,,,0,0,
7990,2025-03-30 15:57:58,Ads,UK,6,36.0,1,2.0,2025-04-01 15:57:58,0,,,,0,1,1747497478000000000
7991,2025-01-03 23:00:58,Ads,UK,6,18.0,1,2.0,2025-01-05 23:00:58,0,,,,0,1,1737846058000000000
7992,2025-01-18 06:04:01,Organic,Germany,3,18.0,1,3.0,2025-01-21 06:04:01,0,,,,0,1,1741759441000000000
7993,2025-01-21 00:38:03,Organic,USA,3,18.0,1,2.0,2025-01-23 00:38:03,1,7.0,2025-01-28 00:38:03,Basic,50,1,1738802283000000000
7994,2025-01-09 17:28:05,Organic,UK,5,15.0,1,3.0,2025-01-12 17:28:05,0,,,,0,0,
7995,2025-03-16 00:28:20,Ads,India,2,12.0,1,1.0,2025-03-17 00:28:20,0,,,,0,1,1744590500000000000
7996,2025-03-03 17:43:21,Organic,USA,10,30.0,1,3.0,2025-03-06 17:43:21,1,5.0,2025-03-08 17:43:21,Pro,120,1,1742665401000000000
7997,2025-02-28 05:09:52,Ads,India,4,24.0,1,1.0,2025-03-01 05:09:52,0,,,,0,1,1742879392000000000
7998,2025-03-11 00:08:11,Organic,Canada,2,12.0,1,3.0,2025-03-14 00:08:11,1,13.0,2025-03-24 00:08:11,Basic,50,0,
7999,2025-03-15 22:54:50,Ads,Canada,5,22.5,1,1.0,2025-03-16 22:54:50,0,,,,0,0,
8000,2025-03-20 07:29:34,Organic,India,4,12.0,1,3.0,2025-03-23 07:29:34,0,,,,0,1,1744270174000000000
8001,2025-01-09 16:53:13,Organic,India,2,6.0,0,,,0,,,,0,1,1740243193000000000
8002,2025-03-26 09:06:18,Ads,UK,8,36.0,1,2.0,2025-03-28 09:06:18,0,,,,0,1,1746695178000000000
8003,2025-01-09 09:32:51,Ads,UK,3,13.5,1,3.0,2025-01-12 09:32:51,0,,,,0,1,1740994371000000000
8004,2025-01-10 14:04:42,Organic,UK,1,3.0,0,,,0,,,,0,1,1738591482000000000
8005,2025-01-06 11:02:41,Referral,Germany,6,18.0,1,2.0,2025-01-08 11:02:41,0,,,,0,1,1740222161000000000
8006,2025-02-09 18:21:55,Organic,Canada,3,18.0,1,1.0,2025-02-10 18:21:55,0,,,,0,0,
8007,2025-03-18 13:45:20,Organic,USA,10,30.0,0,,,0,,,,0,1,1746971120000000000
8008,2025-03-21 05:32:17,Organic,India,3,9.0,1,1.0,2025-03-22 05:32:17,0,,,,0,1,1745818337000000000
8009,2025-02-17 11:39:08,Organic,USA,3,18.0,1,2.0,2025-02-19 11:39:08,0,,,,0,0,
8010,2025-03-26 15:29:27,Organic,Canada,4,24.0,1,1.0,2025-03-27 15:29:27,0,,,,0,1,1744730967000000000
8011,2025-03-10 11:21:37,Organic,USA,5,22.5,1,3.0,2025-03-13 11:21:37,0,,,,0,0,
8012,2025-03-27 04:20:59,Ads,UK,6,18.0,1,1.0,2025-03-28 04:20:59,0,,,,0,1,1747369259000000000
8013,2025-03-30 16:53:18,Organic,India,8,36.0,1,2.0,2025-04-01 16:53:18,0,,,,0,1,1745167998000000000
8014,2025-01-30 19:07:49,Ads,Germany,5,30.0,1,1.0,2025-01-31 19:07:49,1,12.0,2025-02-11 19:07:49,Basic,50,0,
8015,2025-03-05 06:11:53,Organic,UK,6,36.0,1,1.0,2025-03-06 06:11:53,0,,,,0,1,1745302313000000000
8016,2025-03-01 18:27:36,Organic,India,5,10.0,0,,,0,,,,0,0,
8017,2025-01-04 16:19:02,Organic,India,6,36.0,1,1.0,2025-01-05 16:19:02,0,,,,0,1,1738426742000000000
8018,2025-02-15 01:47:36,Ads,India,10,60.0,1,3.0,2025-02-18 01:47:36,1,8.0,2025-02-23 01:47:36,Pro,120,1,1743299256000000000
8019,2025-02-14 12:06:44,Ads,Canada,4,12.0,1,2.0,2025-02-16 12:06:44,1,13.0,2025-02-27 12:06:44,Pro,120,0,
8020,2025-01-04 21:44:22,Referral,UK,2,6.0,0,,,0,,,,0,1,1740519862000000000
8021,2025-03-06 22:06:50,Organic,USA,5,15.0,1,1.0,2025-03-07 22:06:50,0,,,,0,1,1743718010000000000
8022,2025-02-15 11:10:07,Ads,India,6,12.0,0,,,0,,,,0,1,1742123407000000000
8023,2025-02-22 14:19:10,Ads,India,6,18.0,0,,,0,,,,0,0,
8024,2025-01-05 21:09:33,Organic,USA,3,12.0,0,,,0,,,,0,1,1738271373000000000
8025,2025-01-29 03:10:30,Organic,India,2,4.0,0,,,0,,,,0,1,1740971430000000000
8026,2025-03-20 05:43:55,Organic,USA,4,12.0,0,,,0,,,,0,1,1745127835000000000
8027,2025-02-22 19:32:47,Ads,India,1,2.0,0,,,0,,,,0,0,
8028,2025-03-28 09:05:31,Organic,India,6,18.0,1,2.0,2025-03-30 09:05:31,1,14.0,2025-04-11 09:05:31,Basic,50,0,
8029,2025-02-02 18:15:14,Ads,UK,7,31.5,1,2.0,2025-02-04 18:15:14,0,,,,0,0,
8030,2025-02-02 08:25:26,Ads,Canada,4,12.0,0,,,0,,,,0,1,1742891126000000000
8031,2025-03-30 03:14:56,Ads,India,6,36.0,1,1.0,2025-03-31 03:14:56,0,,,,0,1,1745464496000000000
8032,2025-03-06 09:10:32,Organic,UK,5,22.5,1,3.0,2025-03-09 09:10:32,0,,,,0,1,1743325832000000000
8033,2025-03-16 01:28:25,Ads,India,2,9.0,1,3.0,2025-03-19 01:28:25,0,,,,0,1,1746235705000000000
8034,2025-03-03 20:55:08,Organic,USA,0,0.0,1,3.0,2025-03-06 20:55:08,1,10.0,2025-03-13 20:55:08,Basic,50,1,1744318508000000000
8035,2025-03-04 03:31:33,Organic,Germany,5,30.0,1,2.0,2025-03-06 03:31:33,0,,,,0,1,1743391893000000000
8036,2025-02-19 09:06:39,Ads,India,9,36.0,0,,,0,,,,0,1,1744103199000000000
8037,2025-02-01 13:36:04,Organic,India,5,30.0,1,1.0,2025-02-02 13:36:04,1,9.0,2025-02-10 13:36:04,Pro,120,0,
8038,2025-02-11 22:33:58,Organic,India,6,24.0,0,,,0,,,,0,1,1743546838000000000
8039,2025-02-01 10:58:12,Organic,USA,6,36.0,1,3.0,2025-02-04 10:58:12,0,,,,0,0,
8040,2025-01-02 00:19:53,Organic,UK,8,24.0,1,1.0,2025-01-03 00:19:53,0,,,,0,1,1739924393000000000
8041,2025-01-09 00:00:52,Organic,India,7,42.0,1,3.0,2025-01-12 00:00:52,0,,,,0,0,
8042,2025-03-06 14:37:46,Organic,India,5,15.0,0,,,0,,,,0,1,1744468666000000000
8043,2025-01-11 10:41:13,Ads,Canada,8,36.0,1,3.0,2025-01-14 10:41:13,1,13.0,2025-01-24 10:41:13,Basic,50,0,
8044,2025-01-02 11:03:22,Organic,USA,7,31.5,1,2.0,2025-01-04 11:03:22,0,,,,0,0,
8045,2025-01-26 04:05:58,Referral,USA,5,30.0,1,2.0,2025-01-28 04:05:58,0,,,,0,1,1739246758000000000
8046,2025-02-07 20:11:37,Organic,Germany,2,6.0,0,,,0,,,,0,0,
8047,2025-01-02 08:55:42,Organic,India,4,24.0,1,2.0,2025-01-04 08:55:42,1,6.0,2025-01-08 08:55:42,Basic,50,0,
8048,2025-01-17 09:39:18,Ads,Canada,6,27.0,1,2.0,2025-01-19 09:39:18,0,,,,0,0,
8049,2025-01-22 05:58:52,Organic,Germany,4,12.0,1,3.0,2025-01-25 05:58:52,0,,,,0,1,1740290332000000000
8050,2025-01-31 22:26:02,Referral,India,5,30.0,1,2.0,2025-02-02 22:26:02,0,,,,0,0,
8051,2025-03-04 12:07:10,Ads,USA,3,9.0,0,,,0,,,,0,1,1745755630000000000
8052,2025-01-20 00:38:26,Organic,USA,2,6.0,0,,,0,,,,0,0,
8053,2025-02-13 00:20:34,Ads,Canada,5,15.0,0,,,0,,,,0,0,
8054,2025-01-06 06:30:33,Organic,India,7,21.0,0,,,0,,,,0,0,
8055,2025-02-25 18:41:31,Referral,UK,5,15.0,1,3.0,2025-02-28 18:41:31,0,,,,0,0,
8056,2025-01-02 01:02:20,Referral,Germany,8,16.0,0,,,1,12.0,2025-01-14 01:02:20,Basic,50,0,
8057,2025-01-18 12:59:14,Ads,Canada,3,18.0,1,3.0,2025-01-21 12:59:14,0,,,,0,1,1739883554000000000
8058,2025-01-19 08:10:45,Organic,Germany,2,6.0,1,3.0,2025-01-22 08:10:45,0,,,,0,1,1739002245000000000
8059,2025-01-17 18:01:47,Organic,UK,5,30.0,1,2.0,2025-01-19 18:01:47,0,,,,0,0,
8060,2025-03-07 01:46:22,Organic,Germany,7,42.0,1,3.0,2025-03-10 01:46:22,0,,,,0,0,
8061,2025-03-06 03:12:37,Organic,India,6,12.0,0,,,0,,,,0,0,
8062,2025-03-03 19:28:28,Organic,UK,4,24.0,1,1.0,2025-03-04 19:28:28,0,,,,0,1,1744399708000000000
8063,2025-02-13 08:49:22,Referral,UK,4,16.0,0,,,0,,,,0,0,
8064,2025-02-07 09:26:26,Organic,USA,8,24.0,1,3.0,2025-02-10 09:26:26,1,10.0,2025-02-17 09:26:26,Pro,120,0,
8065,2025-02-24 02:55:03,Ads,India,7,14.0,0,,,0,,,,0,1,1743994503000000000
8066,2025-03-04 10:27:02,Ads,USA,2,6.0,0,,,0,,,,0,1,1745749622000000000
8067,2025-02-09 22:36:41,Referral,India,3,9.0,0,,,0,,,,0,1,1740695801000000000
8068,2025-02-09 13:00:03,Organic,India,9,40.5,1,2.0,2025-02-11 13:00:03,0,,,,0,0,
8069,2025-03-30 10:00:14,Organic,India,6,12.0,0,,,0,,,,0,0,
8070,2025-03-15 07:28:50,Ads,Germany,6,36.0,1,1.0,2025-03-16 07:28:50,0,,,,0,0,
8071,2025-03-16 07:03:48,Referral,India,6,18.0,1,2.0,2025-03-18 07:03:48,0,,,,0,0,
8072,2025-01-21 19:36:34,Referral,Canada,4,24.0,1,3.0,2025-01-24 19:36:34,0,,,,0,1,1740684994000000000
8073,2025-02-11 21:57:00,Ads,India,5,30.0,1,1.0,2025-02-12 21:57:00,0,,,,0,1,1741471020000000000
8074,2025-01-28 15:38:47,Organic,USA,5,30.0,1,3.0,2025-01-31 15:38:47,0,,,,0,1,1739720327000000000
8075,2025-03-21 13:08:38,Ads,USA,6,18.0,1,2.0,2025-03-23 13:08:38,0,,,,0,0,
8076,2025-02-15 15:23:59,Organic,USA,1,3.0,0,,,0,,,,0,0,
8077,2025-03-19 19:28:12,Ads,Canada,3,18.0,1,3.0,2025-03-22 19:28:12,0,,,,0,1,1746559692000000000
8078,2025-01-22 22:33:38,Ads,UK,9,40.5,1,1.0,2025-01-23 22:33:38,0,,,,0,1,1739054018000000000
8079,2025-02-23 16:57:19,Ads,UK,0,0.0,0,,,0,,,,0,1,1743440239000000000
8080,2025-02-03 07:17:28,Referral,USA,7,31.5,1,2.0,2025-02-05 07:17:28,0,,,,0,1,1742800648000000000
8081,2025-03-03 07:05:31,Ads,UK,4,18.0,1,1.0,2025-03-04 07:05:31,0,,,,0,1,1744614331000000000
8082,2025-01-15 11:41:01,Organic,USA,7,21.0,0,,,0,,,,0,1,1739533261000000000
8083,2025-02-10 02:22:04,Organic,India,3,18.0,1,3.0,2025-02-13 02:22:04,0,,,,0,0,
8084,2025-01-13 21:28:20,Referral,Canada,5,30.0,1,2.0,2025-01-15 21:28:20,1,8.0,2025-01-21 21:28:20,Basic,50,0,
8085,2025-03-17 22:14:30,Organic,Canada,4,16.0,0,,,0,,,,0,1,1743718470000000000
8086,2025-01-18 11:16:30,Organic,India,5,15.0,1,2.0,2025-01-20 11:16:30,0,,,,0,0,
8087,2025-01-24 05:44:38,Organic,Germany,2,4.0,0,,,0,,,,0,1,1741671878000000000
8088,2025-02-24 12:53:57,Ads,UK,6,18.0,1,2.0,2025-02-26 12:53:57,0,,,,0,0,
8089,2025-01-04 15:40:17,Organic,USA,8,36.0,1,3.0,2025-01-07 15:40:17,0,,,,0,1,1739806817000000000
8090,2025-03-25 16:00:40,Referral,India,1,4.0,0,,,0,,,,0,1,1745942440000000000
8091,2025-01-21 21:07:33,Referral,Germany,7,31.5,1,2.0,2025-01-23 21:07:33,1,10.0,2025-01-31 21:07:33,Basic,50,1,1739740053000000000
8092,2025-01-13 15:36:55,Referral,UK,5,10.0,0,,,0,,,,0,0,
8093,2025-03-14 16:48:48,Organic,India,8,36.0,1,3.0,2025-03-17 16:48:48,1,8.0,2025-03-22 16:48:48,Pro,120,0,
8094,2025-02-21 17:52:36,Referral,USA,3,13.5,1,2.0,2025-02-23 17:52:36,0,,,,0,0,
8095,2025-01-02 01:26:03,Referral,USA,5,22.5,1,3.0,2025-01-05 01:26:03,1,8.0,2025-01-10 01:26:03,Basic,50,1,1739323563000000000
8096,2025-02-02 23:19:28,Referral,USA,5,15.0,1,3.0,2025-02-05 23:19:28,1,6.0,2025-02-08 23:19:28,Pro,120,0,
8097,2025-01-16 13:50:01,Ads,USA,6,27.0,1,2.0,2025-01-18 13:50:01,0,,,,0,1,1739195401000000000
8098,2025-02-02 17:29:14,Ads,USA,7,28.0,0,,,1,6.0,2025-02-08 17:29:14,Pro,120,0,
8099,2025-03-07 19:34:39,Organic,UK,3,13.5,1,1.0,2025-03-08 19:34:39,0,,,,0,1,1743449679000000000
8100,2025-01-19 07:38:21,Referral,Germany,4,18.0,1,1.0,2025-01-20 07:38:21,0,,,,0,1,1740641901000000000
8101,2025-02-27 08:03:19,Organic,Germany,5,15.0,1,3.0,2025-03-02 08:03:19,0,,,,0,1,1742371399000000000
8102,2025-03-26 00:58:31,Organic,UK,2,9.0,1,3.0,2025-03-29 00:58:31,0,,,,0,0,
8103,2025-01-20 13:43:12,Referral,Germany,6,36.0,1,3.0,2025-01-23 13:43:12,0,,,,0,1,1739540592000000000
8104,2025-02-20 11:43:20,Organic,Canada,7,42.0,1,2.0,2025-02-22 11:43:20,0,,,,0,1,1742989400000000000
8105,2025-03-10 15:35:13,Organic,India,5,15.0,1,1.0,2025-03-11 15:35:13,0,,,,0,1,1744126513000000000
8106,2025-03-22 00:22:48,Referral,Germany,2,4.0,0,,,0,,,,0,0,
8107,2025-03-19 16:09:31,Referral,India,2,9.0,1,2.0,2025-03-21 16:09:31,0,,,,0,1,1743955771000000000
8108,2025-01-12 18:38:17,Organic,India,6,27.0,1,1.0,2025-01-13 18:38:17,1,8.0,2025-01-20 18:38:17,Basic,50,0,
8109,2025-02-14 16:12:29,Referral,USA,7,31.5,1,2.0,2025-02-16 16:12:29,1,10.0,2025-02-24 16:12:29,Basic,50,0,
8110,2025-02-18 21:26:07,Organic,USA,6,27.0,1,2.0,2025-02-20 21:26:07,0,,,,0,1,1744838767000000000
8111,2025-02-13 06:44:29,Organic,USA,4,18.0,1,1.0,2025-02-14 06:44:29,1,8.0,2025-02-21 06:44:29,Basic,50,0,
8112,2025-03-26 20:18:48,Organic,UK,5,22.5,1,1.0,2025-03-27 20:18:48,1,14.0,2025-04-09 20:18:48,Pro,120,0,
8113,2025-01-03 22:39:31,Organic,India,7,31.5,1,1.0,2025-01-04 22:39:31,1,9.0,2025-01-12 22:39:31,Basic,50,0,
8114,2025-02-05 16:25:28,Organic,Germany,0,0.0,1,3.0,2025-02-08 16:25:28,0,,,,0,0,
8115,2025-01-26 10:55:18,Organic,USA,7,42.0,1,3.0,2025-01-29 10:55:18,1,6.0,2025-02-01 10:55:18,Basic,50,0,
8116,2025-03-02 20:23:06,Referral,Germany,5,15.0,1,1.0,2025-03-03 20:23:06,0,,,,0,1,1743279786000000000
8117,2025-03-05 06:58:13,Ads,India,4,8.0,0,,,0,,,,0,1,1743404293000000000
8118,2025-02-05 19:35:10,Referral,USA,7,21.0,1,3.0,2025-02-08 19:35:10,1,14.0,2025-02-19 19:35:10,Basic,50,0,
8119,2025-01-14 10:49:40,Ads,USA,7,21.0,0,,,0,,,,0,1,1740480580000000000
8120,2025-03-27 06:07:38,Organic,UK,7,42.0,1,1.0,2025-03-28 06:07:38,1,8.0,2025-04-04 06:07:38,Basic,50,0,
8121,2025-01-05 20:54:48,Referral,India,2,6.0,0,,,0,,,,0,0,
8122,2025-01-16 18:38:53,Referral,USA,5,22.5,1,1.0,2025-01-17 18:38:53,0,,,,0,0,
8123,2025-03-05 15:13:16,Organic,India,5,20.0,0,,,0,,,,0,1,1745075596000000000
8124,2025-03-06 11:14:50,Organic,USA,4,18.0,1,2.0,2025-03-08 11:14:50,0,,,,0,1,1746270890000000000
8125,2025-01-03 04:51:25,Ads,Germany,7,21.0,1,1.0,2025-01-04 04:51:25,0,,,,0,1,1737435085000000000
8126,2025-02-06 23:58:19,Ads,India,5,15.0,0,,,0,,,,0,1,1741478299000000000
8127,2025-01-30 03:20:49,Referral,UK,3,18.0,1,3.0,2025-02-02 03:20:49,1,14.0,2025-02-13 03:20:49,Basic,50,0,
8128,2025-01-26 14:12:10,Organic,UK,3,6.0,0,,,0,,,,0,0,
8129,2025-01-14 23:28:59,Organic,India,6,27.0,1,2.0,2025-01-16 23:28:59,0,,,,0,0,
8130,2025-01-26 11:23:36,Ads,India,4,18.0,1,3.0,2025-01-29 11:23:36,0,,,,0,1,1741519416000000000
8131,2025-02-06 05:00:11,Ads,India,4,18.0,1,1.0,2025-02-07 05:00:11,1,5.0,2025-02-11 05:00:11,Pro,120,0,
8132,2025-03-01 09:06:58,Organic,India,9,27.0,1,3.0,2025-03-04 09:06:58,0,,,,0,1,1743584818000000000
8133,2025-02-23 02:36:39,Organic,India,3,6.0,0,,,0,,,,0,0,
8134,2025-02-01 10:40:26,Ads,India,5,15.0,1,1.0,2025-02-02 10:40:26,1,14.0,2025-02-15 10:40:26,Basic,50,0,
8135,2025-01-18 05:29:03,Ads,India,7,31.5,1,1.0,2025-01-19 05:29:03,0,,,,0,1,1740288543000000000
8136,2025-03-09 17:54:54,Organic,Canada,5,20.0,0,,,0,,,,0,1,1743702894000000000
8137,2025-03-20 00:15:04,Organic,Canada,3,18.0,1,2.0,2025-03-22 00:15:04,0,,,,0,0,
8138,2025-03-10 14:59:51,Referral,UK,3,18.0,1,1.0,2025-03-11 14:59:51,0,,,,0,0,
8139,2025-02-01 06:38:23,Referral,USA,6,24.0,0,,,0,,,,0,1,1741934303000000000
8140,2025-01-29 05:06:27,Organic,India,4,18.0,1,3.0,2025-02-01 05:06:27,0,,,,0,1,1741755987000000000
8141,2025-03-16 06:31:55,Organic,USA,10,20.0,0,,,0,,,,0,1,1746253915000000000
8142,2025-03-10 23:01:52,Referral,India,7,31.5,1,2.0,2025-03-12 23:01:52,0,,,,0,1,1743116512000000000
8143,2025-02-06 11:49:23,Organic,USA,2,4.0,0,,,0,,,,0,0,
8144,2025-03-06 16:09:17,Ads,Germany,9,27.0,0,,,0,,,,0,0,
8145,2025-01-13 20:41:28,Ads,India,4,12.0,0,,,0,,,,0,1,1741034488000000000
8146,2025-02-08 04:11:13,Organic,USA,5,15.0,1,3.0,2025-02-11 04:11:13,0,,,,0,0,
8147,2025-01-21 12:05:03,Ads,UK,3,6.0,0,,,1,8.0,2025-01-29 12:05:03,Basic,50,0,
8148,2025-03-23 15:20:34,Ads,Canada,4,12.0,0,,,0,,,,0,0,
8149,2025-02-20 00:02:33,Ads,India,5,15.0,1,2.0,2025-02-22 00:02:33,0,,,,0,0,
8150,2025-03-26 16:19:19,Organic,India,5,15.0,1,1.0,2025-03-27 16:19:19,0,,,,0,1,1744561159000000000
8151,2025-02-21 12:03:17,Referral,Canada,5,22.5,1,3.0,2025-02-24 12:03:17,0,,,,0,1,1743163397000000000
8152,2025-01-07 23:48:31,Organic,India,6,36.0,1,1.0,2025-01-08 23:48:31,0,,,,0,1,1740700111000000000
8153,2025-01-14 08:13:11,Ads,USA,7,31.5,1,2.0,2025-01-16 08:13:11,0,,,,0,1,1740211991000000000
8154,2025-02-15 06:24:47,Referral,Canada,3,9.0,0,,,0,,,,0,1,1741069487000000000
8155,2025-03-15 04:34:46,Organic,Germany,4,18.0,1,2.0,2025-03-17 04:34:46,0,,,,0,0,
8156,2025-01-29 06:51:09,Ads,India,5,22.5,1,3.0,2025-02-01 06:51:09,0,,,,0,1,1739775069000000000
8157,2025-01-09 15:45:48,Referral,India,7,42.0,1,3.0,2025-01-12 15:45:48,0,,,,0,0,
8158,2025-01-30 14:54:04,Organic,India,4,12.0,1,1.0,2025-01-31 14:54:04,0,,,,0,0,
8159,2025-03-18 07:44:04,Organic,USA,3,12.0,0,,,0,,,,0,1,1747035844000000000
8160,2025-03-04 18:16:56,Referral,USA,4,8.0,0,,,0,,,,0,1,1744395416000000000
8161,2025-01-10 15:00:35,Organic,Germany,5,20.0,0,,,0,,,,0,0,
8162,2025-03-06 11:41:41,Organic,USA,6,27.0,1,3.0,2025-03-09 11:41:41,0,,,,0,1,1744198901000000000
8163,2025-01-17 23:33:37,Referral,USA,3,12.0,0,,,0,,,,0,1,1738884817000000000
8164,2025-02-01 18:24:46,Referral,USA,6,36.0,1,1.0,2025-02-02 18:24:46,0,,,,0,0,
8165,2025-02-07 09:22:25,Referral,India,9,40.5,1,3.0,2025-02-10 09:22:25,0,,,,0,1,1742894545000000000
8166,2025-03-29 17:11:29,Organic,India,5,30.0,1,3.0,2025-04-01 17:11:29,1,5.0,2025-04-03 17:11:29,Basic,50,0,
8167,2025-03-29 11:11:05,Organic,India,3,9.0,1,3.0,2025-04-01 11:11:05,0,,,,0,1,1746270665000000000
8168,2025-01-03 16:16:54,Organic,Canada,6,27.0,1,2.0,2025-01-05 16:16:54,1,10.0,2025-01-13 16:16:54,Pro,120,0,
8169,2025-02-21 12:25:16,Ads,USA,2,4.0,0,,,0,,,,0,1,1742041516000000000
8170,2025-01-24 21:15:29,Ads,India,6,18.0,1,1.0,2025-01-25 21:15:29,1,5.0,2025-01-29 21:15:29,Basic,50,0,
8171,2025-01-28 19:15:10,Organic,USA,6,27.0,1,1.0,2025-01-29 19:15:10,0,,,,0,1,1740597310000000000
8172,2025-01-20 00:24:43,Organic,India,6,18.0,1,2.0,2025-01-22 00:24:43,0,,,,0,1,1739233483000000000
8173,2025-01-24 07:55:26,Ads,India,8,24.0,1,2.0,2025-01-26 07:55:26,0,,,,0,1,1741161326000000000
8174,2025-03-16 19:06:52,Ads,Canada,2,6.0,0,,,0,,,,0,1,1744657612000000000
8175,2025-03-06 19:39:29,Organic,Germany,6,18.0,0,,,0,,,,0,1,1743968369000000000
8176,2025-02-09 09:14:22,Referral,India,5,30.0,1,2.0,2025-02-11 09:14:22,1,9.0,2025-02-18 09:14:22,Pro,120,0,
8177,2025-01-17 07:53:28,Organic,UK,6,27.0,1,2.0,2025-01-19 07:53:28,0,,,,0,0,
8178,2025-02-18 09:30:30,Ads,USA,2,12.0,1,1.0,2025-02-19 09:30:30,1,11.0,2025-03-01 09:30:30,Basic,50,1,1743327030000000000
8179,2025-02-28 10:47:38,Referral,India,8,36.0,1,2.0,2025-03-02 10:47:38,0,,,,0,1,1743590858000000000
8180,2025-01-01 06:00:50,Ads,UK,7,21.0,1,2.0,2025-01-03 06:00:50,1,11.0,2025-01-12 06:00:50,Basic,50,0,
8181,2025-01-17 06:16:02,Organic,India,9,27.0,1,2.0,2025-01-19 06:16:02,0,,,,0,1,1741587362000000000
8182,2025-02-04 23:57:26,Organic,India,3,9.0,0,,,0,,,,0,0,
8183,2025-01-22 16:20:04,Referral,India,4,24.0,1,2.0,2025-01-24 16:20:04,0,,,,0,1,1739982004000000000
8184,2025-03-28 22:15:53,Organic,India,4,18.0,1,2.0,2025-03-30 22:15:53,1,10.0,2025-04-07 22:15:53,Basic,50,0,
8185,2025-03-04 15:46:53,Ads,India,1,6.0,1,1.0,2025-03-05 15:46:53,0,,,,0,1,1743090413000000000
8186,2025-02-03 17:14:53,Referral,India,4,18.0,1,2.0,2025-02-05 17:14:53,1,6.0,2025-02-09 17:14:53,Basic,50,0,
8187,2025-01-28 01:46:29,Referral,USA,6,36.0,1,1.0,2025-01-29 01:46:29,1,5.0,2025-02-02 01:46:29,Pro,120,0,
8188,2025-03-27 21:14:20,Ads,UK,7,31.5,1,3.0,2025-03-30 21:14:20,1,11.0,2025-04-07 21:14:20,Basic,50,1,1746652460000000000
8189,2025-01-03 09:17:31,Referral,India,4,12.0,1,1.0,2025-01-04 09:17:31,1,9.0,2025-01-12 09:17:31,Basic,50,1,1739179051000000000
8190,2025-03-21 00:01:27,Referral,India,5,20.0,0,,,0,,,,0,1,1746403287000000000
8191,2025-02-14 11:52:08,Organic,India,8,48.0,1,1.0,2025-02-15 11:52:08,0,,,,0,0,
8192,2025-03-15 01:28:18,Organic,Canada,5,15.0,1,1.0,2025-03-16 01:28:18,0,,,,0,1,1743816498000000000
8193,2025-03-11 16:13:30,Organic,India,4,12.0,0,,,0,,,,0,0,
8194,2025-03-24 10:16:22,Organic,Canada,6,27.0,1,1.0,2025-03-25 10:16:22,1,14.0,2025-04-07 10:16:22,Basic,50,0,
8195,2025-02-17 02:35:01,Referral,USA,4,12.0,0,,,0,,,,0,1,1744425301000000000
8196,2025-03-01 20:54:46,Ads,Germany,4,12.0,0,,,0,,,,0,1,1743281686000000000
8197,2025-02-22 05:40:07,Referral,USA,5,20.0,0,,,0,,,,0,1,1745127607000000000
8198,2025-01-17 09:31:33,Ads,India,6,27.0,1,3.0,2025-01-20 09:31:33,0,,,,0,1,1739525493000000000
8199,2025-03-12 07:06:58,Ads,USA,6,18.0,0,,,0,,,,0,1,1745564818000000000
8200,2025-01-11 08:33:21,Ads,USA,3,9.0,1,3.0,2025-01-14 08:33:21,1,11.0,2025-01-22 08:33:21,Basic,50,0,
8201,2025-01-20 23:07:34,Organic,USA,4,12.0,1,2.0,2025-01-22 23:07:34,1,7.0,2025-01-27 23:07:34,Basic,50,0,
8202,2025-02-27 23:25:15,Referral,USA,7,42.0,1,3.0,2025-03-02 23:25:15,1,11.0,2025-03-10 23:25:15,Pro,120,0,
8203,2025-01-05 10:20:11,Organic,India,3,12.0,0,,,0,,,,0,1,1739010011000000000
8204,2025-02-24 08:26:35,Ads,USA,2,6.0,1,3.0,2025-02-27 08:26:35,0,,,,0,1,1745223995000000000
8205,2025-01-12 16:05:14,Organic,Germany,5,22.5,1,1.0,2025-01-13 16:05:14,1,9.0,2025-01-21 16:05:14,Pro,120,1,1739376314000000000
8206,2025-02-21 00:36:48,Referral,Germany,6,36.0,1,2.0,2025-02-23 00:36:48,0,,,,0,1,1742863008000000000
8207,2025-01-29 20:35:30,Referral,USA,3,6.0,0,,,0,,,,0,0,
8208,2025-01-20 21:09:47,Ads,India,8,24.0,1,3.0,2025-01-23 21:09:47,0,,,,0,1,1741468187000000000
8209,2025-03-13 03:28:58,Ads,India,10,20.0,0,,,0,,,,0,1,1743823738000000000
8210,2025-03-19 21:33:39,Ads,Canada,2,8.0,0,,,0,,,,0,1,1744580019000000000
8211,2025-03-01 02:18:36,Organic,Canada,4,16.0,0,,,0,,,,0,1,1745288316000000000
8212,2025-03-18 10:59:09,Organic,Germany,7,31.5,1,1.0,2025-03-19 10:59:09,0,,,,0,1,1743764349000000000
8213,2025-02-20 21:10:08,Ads,USA,4,24.0,1,1.0,2025-02-21 21:10:08,0,,,,0,1,1744751408000000000
8214,2025-01-09 05:41:56,Organic,Canada,5,15.0,1,3.0,2025-01-12 05:41:56,1,13.0,2025-01-22 05:41:56,Basic,50,0,
8215,2025-02-02 00:40:57,Organic,Canada,6,27.0,1,2.0,2025-02-04 00:40:57,0,,,,0,0,
8216,2025-03-14 21:13:06,Organic,USA,3,13.5,1,1.0,2025-03-15 21:13:06,0,,,,0,0,
8217,2025-03-07 09:26:57,Organic,UK,2,12.0,1,1.0,2025-03-08 09:26:57,1,13.0,2025-03-20 09:26:57,Basic,50,0,
8218,2025-03-29 07:04:02,Organic,India,8,48.0,1,3.0,2025-04-01 07:04:02,0,,,,0,1,1747724642000000000
8219,2025-02-02 19:40:23,Organic,USA,7,42.0,1,1.0,2025-02-03 19:40:23,1,13.0,2025-02-15 19:40:23,Pro,120,0,
8220,2025-03-27 04:10:55,Organic,Germany,8,48.0,1,2.0,2025-03-29 04:10:55,0,,,,0,1,1746504655000000000
8221,2025-01-20 16:07:40,Organic,India,6,18.0,0,,,0,,,,0,1,1741190860000000000
8222,2025-03-12 17:27:25,Ads,UK,7,21.0,1,3.0,2025-03-15 17:27:25,1,9.0,2025-03-21 17:27:25,Pro,120,1,1745774845000000000
8223,2025-01-04 23:57:10,Referral,India,3,13.5,1,2.0,2025-01-06 23:57:10,0,,,,0,0,
8224,2025-01-10 14:06:51,Organic,Canada,7,21.0,1,1.0,2025-01-11 14:06:51,0,,,,0,0,
8225,2025-01-22 12:04:05,Referral,UK,4,8.0,0,,,0,,,,0,1,1740398645000000000
8226,2025-01-29 23:56:05,Organic,Germany,2,8.0,0,,,0,,,,0,0,
8227,2025-01-23 10:53:03,Ads,UK,5,10.0,0,,,0,,,,0,0,
8228,2025-03-22 22:10:55,Ads,USA,4,12.0,0,,,0,,,,0,1,1744927855000000000
8229,2025-03-08 16:58:10,Ads,India,6,36.0,1,2.0,2025-03-10 16:58:10,1,5.0,2025-03-13 16:58:10,Pro,120,0,
8230,2025-03-15 01:26:19,Ads,UK,5,22.5,1,3.0,2025-03-18 01:26:19,0,,,,0,1,1743557179000000000
8231,2025-01-10 19:23:25,Organic,USA,5,22.5,1,1.0,2025-01-11 19:23:25,1,6.0,2025-01-16 19:23:25,Basic,50,0,
8232,2025-03-07 06:23:03,Organic,UK,4,16.0,0,,,0,,,,0,0,
8233,2025-01-27 12:39:07,Referral,India,10,20.0,0,,,0,,,,0,0,
8234,2025-03-24 09:51:50,Organic,Canada,6,27.0,1,3.0,2025-03-27 09:51:50,0,,,,0,1,1747648310000000000
8235,2025-01-03 16:51:02,Organic,USA,1,3.0,1,1.0,2025-01-04 16:51:02,0,,,,0,0,
8236,2025-03-15 09:54:29,Organic,Germany,4,12.0,1,1.0,2025-03-16 09:54:29,0,,,,0,1,1745056469000000000
8237,2025-02-04 13:27:48,Organic,UK,3,13.5,1,2.0,2025-02-06 13:27:48,1,13.0,2025-02-17 13:27:48,Basic,50,1,1742736468000000000
8238,2025-01-23 18:55:21,Ads,India,6,18.0,1,3.0,2025-01-26 18:55:21,1,14.0,2025-02-06 18:55:21,Basic,50,1,1741978521000000000
8239,2025-02-09 08:50:47,Ads,USA,5,30.0,1,3.0,2025-02-12 08:50:47,1,5.0,2025-02-14 08:50:47,Basic,50,1,1740473447000000000
8240,2025-01-31 16:09:56,Organic,Germany,9,40.5,1,3.0,2025-02-03 16:09:56,0,,,,0,1,1743264596000000000
8241,2025-03-06 13:03:20,Organic,UK,4,12.0,0,,,0,,,,0,1,1742821400000000000
8242,2025-02-13 20:17:44,Ads,USA,2,4.0,0,,,0,,,,0,1,1743884264000000000
8243,2025-03-05 20:02:08,Ads,Germany,1,4.5,1,3.0,2025-03-08 20:02:08,1,9.0,2025-03-14 20:02:08,Pro,120,0,
8244,2025-02-12 19:52:37,Referral,India,2,6.0,1,2.0,2025-02-14 19:52:37,0,,,,0,1,1743018757000000000
8245,2025-01-05 17:57:06,Referral,India,4,8.0,0,,,0,,,,0,0,
8246,2025-03-04 03:38:39,Referral,UK,7,31.5,1,2.0,2025-03-06 03:38:39,1,13.0,2025-03-17 03:38:39,Basic,50,1,1743997119000000000
8247,2025-01-21 10:11:34,Ads,India,3,13.5,1,3.0,2025-01-24 10:11:34,1,8.0,2025-01-29 10:11:34,Basic,50,1,1739787094000000000
8248,2025-03-10 15:11:38,Ads,USA,4,18.0,1,1.0,2025-03-11 15:11:38,0,,,,0,0,
8249,2025-03-16 21:38:50,Organic,UK,2,6.0,0,,,0,,,,0,0,
8250,2025-01-21 22:00:54,Ads,USA,8,16.0,0,,,0,,,,0,0,
8251,2025-02-26 03:30:39,Organic,India,6,18.0,1,2.0,2025-02-28 03:30:39,1,5.0,2025-03-03 03:30:39,Basic,50,0,
8252,2025-01-20 08:32:29,Referral,USA,6,18.0,1,3.0,2025-01-23 08:32:29,0,,,,0,1,1742113949000000000
8253,2025-02-27 21:40:28,Organic,USA,3,18.0,1,1.0,2025-02-28 21:40:28,0,,,,0,0,
8254,2025-01-02 12:32:42,Ads,USA,2,4.0,0,,,0,,,,0,0,
8255,2025-01-13 04:18:25,Organic,Canada,6,18.0,1,1.0,2025-01-14 04:18:25,0,,,,0,1,1741580305000000000
8256,2025-03-10 08:03:34,Ads,India,8,48.0,1,2.0,2025-03-12 08:03:34,0,,,,0,0,
8257,2025-03-22 06:06:06,Organic,UK,11,33.0,0,,,0,,,,0,1,1747634766000000000
8258,2025-03-06 16:50:40,Organic,UK,3,9.0,0,,,0,,,,0,0,
8259,2025-03-21 20:33:24,Organic,UK,4,12.0,1,3.0,2025-03-24 20:33:24,0,,,,0,1,1746477204000000000
8260,2025-02-21 12:51:04,Organic,USA,5,15.0,1,3.0,2025-02-24 12:51:04,1,14.0,2025-03-07 12:51:04,Basic,50,0,
8261,2025-03-18 23:21:10,Organic,India,6,36.0,1,3.0,2025-03-21 23:21:10,0,,,,0,1,1747264870000000000
8262,2025-02-06 15:45:26,Organic,India,5,10.0,0,,,0,,,,0,1,1740584726000000000
8263,2025-01-28 16:59:06,Referral,UK,3,13.5,1,2.0,2025-01-30 16:59:06,0,,,,0,1,1740243546000000000
8264,2025-02-25 19:34:41,Organic,USA,5,22.5,1,3.0,2025-02-28 19:34:41,0,,,,0,1,1742153681000000000
8265,2025-02-09 11:30:31,Organic,India,4,12.0,1,3.0,2025-02-12 11:30:31,1,9.0,2025-02-18 11:30:31,Basic,50,0,
8266,2025-01-05 04:05:06,Referral,USA,8,16.0,0,,,0,,,,0,0,
8267,2025-03-07 23:01:02,Ads,Canada,8,48.0,1,1.0,2025-03-08 23:01:02,0,,,,0,1,1744671662000000000
8268,2025-03-29 13:39:51,Organic,India,5,30.0,1,1.0,2025-03-30 13:39:51,1,13.0,2025-04-11 13:39:51,Basic,50,1,1747575591000000000
8269,2025-02-01 12:44:34,Organic,Germany,7,14.0,0,,,0,,,,0,1,1743252274000000000
8270,2025-03-07 10:19:21,Referral,India,1,6.0,1,2.0,2025-03-09 10:19:21,1,6.0,2025-03-13 10:19:21,Basic,50,1,1746267561000000000
8271,2025-01-19 10:55:02,Organic,USA,4,18.0,1,1.0,2025-01-20 10:55:02,1,11.0,2025-01-30 10:55:02,Basic,50,1,1740740102000000000
8272,2025-02-15 12:33:53,Organic,USA,3,13.5,1,2.0,2025-02-17 12:33:53,1,11.0,2025-02-26 12:33:53,Pro,120,0,
8273,2025-01-18 05:25:03,Ads,India,8,32.0,0,,,0,,,,0,1,1740288303000000000
8274,2025-03-11 05:49:07,Organic,Germany,4,18.0,1,1.0,2025-03-12 05:49:07,1,12.0,2025-03-23 05:49:07,Pro,120,0,
8275,2025-01-07 00:01:30,Referral,USA,3,9.0,0,,,0,,,,0,1,1738454490000000000
8276,2025-03-11 10:27:17,Organic,India,5,22.5,1,1.0,2025-03-12 10:27:17,1,11.0,2025-03-22 10:27:17,Basic,50,0,
8277,2025-01-25 00:05:46,Ads,UK,5,15.0,0,,,0,,,,0,0,
8278,2025-03-21 05:24:24,Ads,UK,2,8.0,0,,,0,,,,0,1,1746336264000000000
8279,2025-01-30 15:10:44,Organic,Germany,4,18.0,1,3.0,2025-02-02 15:10:44,1,14.0,2025-02-13 15:10:44,Basic,50,0,
8280,2025-02-18 22:47:08,Referral,USA,5,15.0,1,2.0,2025-02-20 22:47:08,0,,,,0,1,1743288428000000000
8281,2025-01-15 14:22:48,Referral,India,2,8.0,0,,,0,,,,0,1,1739370168000000000
8282,2025-03-07 16:53:50,Organic,India,6,36.0,1,1.0,2025-03-08 16:53:50,0,,,,0,0,
8283,2025-01-23 00:38:44,Referral,UK,4,18.0,1,2.0,2025-01-25 00:38:44,1,13.0,2025-02-05 00:38:44,Basic,50,1,1742258324000000000
8284,2025-02-02 07:42:17,Organic,USA,4,12.0,1,1.0,2025-02-03 07:42:17,1,11.0,2025-02-13 07:42:17,Pro,120,0,
8285,2025-03-14 09:28:07,Referral,Germany,5,22.5,1,2.0,2025-03-16 09:28:07,1,6.0,2025-03-20 09:28:07,Basic,50,0,
8286,2025-02-06 10:24:47,Organic,UK,5,22.5,1,3.0,2025-02-09 10:24:47,0,,,,0,1,1741343087000000000
8287,2025-03-21 10:51:24,Organic,Germany,6,36.0,1,1.0,2025-03-22 10:51:24,0,,,,0,0,
8288,2025-02-23 23:41:36,Organic,Germany,7,31.5,1,2.0,2025-02-25 23:41:36,0,,,,0,1,1742514096000000000
8289,2025-01-19 08:59:02,Organic,USA,7,21.0,1,1.0,2025-01-20 08:59:02,0,,,,0,1,1738918742000000000
8290,2025-02-14 16:49:23,Organic,India,5,30.0,1,1.0,2025-02-15 16:49:23,1,9.0,2025-02-23 16:49:23,Basic,50,1,1741366163000000000
8291,2025-03-19 21:57:56,Referral,India,0,0.0,1,1.0,2025-03-20 21:57:56,0,,,,0,1,1747432676000000000
8292,2025-02-26 05:00:36,Referral,India,5,22.5,1,3.0,2025-03-01 05:00:36,1,12.0,2025-03-10 05:00:36,Basic,50,0,
8293,2025-01-19 23:33:47,Organic,USA,6,27.0,1,3.0,2025-01-22 23:33:47,0,,,,0,1,1740872027000000000
8294,2025-03-23 16:13:04,Organic,India,1,2.0,0,,,1,8.0,2025-03-31 16:13:04,Basic,50,0,
8295,2025-02-02 17:04:27,Referral,India,5,15.0,1,1.0,2025-02-03 17:04:27,0,,,,0,0,
8296,2025-01-02 18:55:36,Organic,India,4,12.0,0,,,0,,,,0,1,1740423336000000000
8297,2025-02-25 04:55:29,Organic,India,8,36.0,1,2.0,2025-02-27 04:55:29,0,,,,0,1,1745297729000000000
8298,2025-02-23 10:42:32,Ads,India,6,27.0,1,3.0,2025-02-26 10:42:32,0,,,,0,0,
8299,2025-02-04 02:04:41,Organic,India,2,12.0,1,2.0,2025-02-06 02:04:41,0,,,,0,0,
8300,2025-01-31 01:46:25,Organic,USA,7,21.0,1,2.0,2025-02-02 01:46:25,1,12.0,2025-02-12 01:46:25,Basic,50,1,1740793585000000000
8301,2025-03-14 03:46:48,Ads,India,5,30.0,1,1.0,2025-03-15 03:46:48,0,,,,0,1,1743306408000000000
8302,2025-01-08 05:32:53,Ads,Canada,3,9.0,1,1.0,2025-01-09 05:32:53,0,,,,0,0,
8303,2025-03-29 17:50:02,Organic,India,6,27.0,1,2.0,2025-03-31 17:50:02,0,,,,0,0,
8304,2025-01-24 08:25:28,Referral,Canada,6,27.0,1,1.0,2025-01-25 08:25:28,0,,,,0,1,1742372728000000000
8305,2025-01-20 10:12:12,Ads,USA,12,54.0,1,3.0,2025-01-23 10:12:12,0,,,,0,0,
8306,2025-01-12 14:20:21,Organic,USA,4,12.0,0,,,0,,,,0,1,1741789221000000000
8307,2025-03-14 19:52:37,Organic,USA,5,10.0,0,,,0,,,,0,1,1743450757000000000
8308,2025-01-26 06:58:52,Organic,India,4,12.0,0,,,0,,,,0,1,1741244332000000000
8309,2025-01-17 09:58:34,Organic,India,3,9.0,1,3.0,2025-01-20 09:58:34,0,,,,0,1,1740909514000000000
8310,2025-02-11 22:15:41,Organic,UK,8,48.0,1,1.0,2025-02-12 22:15:41,0,,,,0,0,
8311,2025-02-27 16:20:17,Organic,Germany,7,31.5,1,1.0,2025-02-28 16:20:17,1,7.0,2025-03-06 16:20:17,Basic,50,1,1742919617000000000
8312,2025-01-04 09:06:47,Organic,Germany,2,12.0,1,2.0,2025-01-06 09:06:47,0,,,,0,1,1738919207000000000
8313,2025-03-23 16:36:18,Ads,UK,10,30.0,1,3.0,2025-03-26 16:36:18,0,,,,0,0,
8314,2025-01-29 21:19:50,Ads,USA,6,12.0,0,,,0,,,,0,1,1740777590000000000
8315,2025-03-20 18:56:52,Ads,USA,4,8.0,0,,,0,,,,0,0,
8316,2025-02-17 01:03:30,Ads,UK,3,18.0,1,3.0,2025-02-20 01:03:30,0,,,,0,1,1742000610000000000
8317,2025-01-18 15:36:00,Referral,Canada,4,12.0,1,3.0,2025-01-21 15:36:00,0,,,,0,1,1741880160000000000
8318,2025-03-20 10:55:19,Ads,India,4,12.0,1,1.0,2025-03-21 10:55:19,0,,,,0,0,
8319,2025-03-23 05:26:42,Organic,Germany,4,24.0,1,2.0,2025-03-25 05:26:42,1,9.0,2025-04-01 05:26:42,Basic,50,1,1747027602000000000
8320,2025-02-03 21:33:05,Organic,India,6,27.0,1,3.0,2025-02-06 21:33:05,0,,,,0,1,1742419985000000000
8321,2025-03-17 17:34:55,Referral,USA,3,12.0,0,,,0,,,,0,0,
8322,2025-03-26 16:25:20,Organic,Germany,7,42.0,1,3.0,2025-03-29 16:25:20,0,,,,0,0,
8323,2025-01-16 20:32:51,Organic,Germany,7,21.0,1,1.0,2025-01-17 20:32:51,1,11.0,2025-01-27 20:32:51,Basic,50,0,
8324,2025-02-25 10:52:44,Ads,UK,5,30.0,1,1.0,2025-02-26 10:52:44,0,,,,0,1,1742727164000000000
8325,2025-01-19 15:48:39,Ads,India,4,12.0,1,3.0,2025-01-22 15:48:39,1,13.0,2025-02-01 15:48:39,Basic,50,1,1740671319000000000
8326,2025-03-24 12:01:38,Ads,India,6,27.0,1,3.0,2025-03-27 12:01:38,0,,,,0,1,1744286498000000000
8327,2025-01-05 11:42:53,Organic,India,3,9.0,1,3.0,2025-01-08 11:42:53,0,,,,0,1,1738928573000000000
8328,2025-03-14 15:38:40,Organic,UK,6,36.0,1,2.0,2025-03-16 15:38:40,0,,,,0,0,
8329,2025-02-18 19:20:03,Referral,USA,3,18.0,1,1.0,2025-02-19 19:20:03,0,,,,0,1,1742757603000000000
8330,2025-01-08 06:07:20,Organic,USA,2,12.0,1,1.0,2025-01-09 06:07:20,0,,,,0,1,1739426840000000000
8331,2025-02-23 16:39:08,Organic,USA,3,13.5,1,3.0,2025-02-26 16:39:08,1,6.0,2025-03-01 16:39:08,Pro,120,1,1741797548000000000
8332,2025-01-19 21:57:04,Organic,USA,3,13.5,1,2.0,2025-01-21 21:57:04,0,,,,0,0,
8333,2025-01-17 17:46:35,Referral,USA,0,0.0,0,,,0,,,,0,0,
8334,2025-01-30 21:41:17,Ads,Germany,4,24.0,1,1.0,2025-01-31 21:41:17,0,,,,0,1,1741210877000000000
8335,2025-02-16 23:40:26,Referral,India,5,15.0,0,,,0,,,,0,1,1743464426000000000
8336,2025-01-11 02:11:45,Organic,Canada,3,9.0,1,1.0,2025-01-12 02:11:45,0,,,,0,1,1739931105000000000
8337,2025-01-02 15:55:04,Organic,India,4,12.0,1,3.0,2025-01-05 15:55:04,0,,,,0,1,1740066904000000000
8338,2025-03-22 18:10:23,Organic,UK,11,66.0,1,2.0,2025-03-24 18:10:23,1,9.0,2025-03-31 18:10:23,Basic,50,0,
8339,2025-03-03 17:52:33,Referral,Germany,5,30.0,1,3.0,2025-03-06 17:52:33,0,,,,0,1,1743270753000000000
8340,2025-01-01 18:15:56,Organic,India,9,27.0,0,,,0,,,,0,1,1737224156000000000
8341,2025-03-19 21:54:26,Organic,India,1,6.0,1,3.0,2025-03-22 21:54:26,0,,,,0,0,
8342,2025-03-29 04:54:46,Ads,India,3,13.5,1,1.0,2025-03-30 04:54:46,0,,,,0,1,1747025686000000000
8343,2025-01-16 19:44:24,Organic,India,4,12.0,0,,,0,,,,0,1,1738698264000000000
8344,2025-02-11 01:04:53,Ads,UK,3,9.0,0,,,0,,,,0,0,
8345,2025-02-16 08:01:54,Referral,India,0,0.0,1,3.0,2025-02-19 08:01:54,1,9.0,2025-02-25 08:01:54,Pro,120,0,
8346,2025-03-04 02:12:57,Organic,India,6,27.0,1,3.0,2025-03-07 02:12:57,0,,,,0,1,1744855977000000000
8347,2025-02-24 13:33:06,Organic,UK,4,12.0,0,,,1,6.0,2025-03-02 13:33:06,Basic,50,0,
8348,2025-01-28 17:44:00,Organic,USA,5,22.5,1,2.0,2025-01-30 17:44:00,0,,,,0,0,
8349,2025-03-02 14:54:25,Organic,USA,6,12.0,0,,,1,11.0,2025-03-13 14:54:25,Basic,50,0,
8350,2025-03-15 18:54:07,Organic,USA,7,42.0,1,2.0,2025-03-17 18:54:07,0,,,,0,1,1746471247000000000
8351,2025-03-10 13:08:59,Ads,UK,6,27.0,1,2.0,2025-03-12 13:08:59,0,,,,0,0,
8352,2025-03-22 22:59:51,Organic,India,2,4.0,0,,,0,,,,0,1,1744325991000000000
8353,2025-02-07 22:37:42,Referral,USA,5,20.0,0,,,0,,,,0,1,1742942262000000000
8354,2025-03-27 21:31:13,Organic,Canada,4,12.0,1,3.0,2025-03-30 21:31:13,0,,,,0,1,1746567073000000000
8355,2025-01-23 06:51:04,Organic,India,12,54.0,1,3.0,2025-01-26 06:51:04,0,,,,0,0,
8356,2025-01-23 04:26:36,Organic,UK,4,8.0,0,,,0,,,,0,1,1740284796000000000
8357,2025-01-15 21:16:28,Ads,Canada,7,21.0,1,1.0,2025-01-16 21:16:28,1,12.0,2025-01-27 21:16:28,Basic,50,1,1740604588000000000
8358,2025-01-06 00:29:57,Organic,Canada,5,30.0,1,2.0,2025-01-08 00:29:57,0,,,,0,1,1740788997000000000
8359,2025-03-29 15:11:16,Referral,UK,8,48.0,1,2.0,2025-03-31 15:11:16,0,,,,0,1,1745334676000000000
8360,2025-02-05 17:12:25,Ads,UK,6,18.0,1,2.0,2025-02-07 17:12:25,0,,,,0,0,
8361,2025-02-18 05:59:33,Referral,UK,7,31.5,1,3.0,2025-02-21 05:59:33,0,,,,0,1,1743055173000000000
8362,2025-01-10 06:23:27,Ads,UK,4,8.0,0,,,0,,,,0,0,
8363,2025-03-14 17:01:28,Organic,USA,5,15.0,1,2.0,2025-03-16 17:01:28,0,,,,0,0,
8364,2025-03-16 09:45:19,Referral,India,3,18.0,1,3.0,2025-03-19 09:45:19,0,,,,0,0,
8365,2025-03-18 19:37:14,Referral,India,2,8.0,0,,,0,,,,0,1,1746128234000000000
8366,2025-01-21 15:34:54,Referral,India,3,18.0,1,3.0,2025-01-24 15:34:54,0,,,,0,1,1742139294000000000
8367,2025-02-28 23:40:57,Organic,India,4,16.0,0,,,0,,,,0,1,1743896457000000000
8368,2025-01-25 19:46:37,Ads,USA,6,36.0,1,1.0,2025-01-26 19:46:37,1,7.0,2025-02-01 19:46:37,Basic,50,0,
8369,2025-01-03 18:33:28,Organic,Germany,6,18.0,0,,,0,,,,0,1,1740940408000000000
8370,2025-02-24 21:11:15,Organic,Germany,9,40.5,1,2.0,2025-02-26 21:11:15,0,,,,0,1,1743282675000000000
8371,2025-02-12 09:14:57,Ads,UK,8,24.0,1,2.0,2025-02-14 09:14:57,0,,,,0,0,
8372,2025-01-05 00:58:35,Referral,Germany,5,20.0,0,,,0,,,,0,1,1738371515000000000
8373,2025-02-16 14:01:59,Ads,Germany,3,18.0,1,1.0,2025-02-17 14:01:59,1,8.0,2025-02-24 14:01:59,Basic,50,0,
8374,2025-02-19 17:38:04,Referral,Canada,4,12.0,1,3.0,2025-02-22 17:38:04,0,,,,0,1,1741887484000000000
8375,2025-03-07 13:55:20,Organic,India,5,30.0,1,2.0,2025-03-09 13:55:20,0,,,,0,0,
8376,2025-03-07 19:22:06,Organic,USA,6,18.0,1,2.0,2025-03-09 19:22:06,1,7.0,2025-03-14 19:22:06,Basic,50,0,
8377,2025-01-10 10:59:26,Ads,USA,4,18.0,1,3.0,2025-01-13 10:59:26,0,,,,0,1,1738321166000000000
8378,2025-02-06 09:57:23,Organic,India,5,15.0,0,,,0,,,,0,0,
8379,2025-02-16 19:02:22,Referral,Canada,0,0.0,0,,,0,,,,0,1,1741287742000000000
8380,2025-01-10 20:59:19,Organic,India,7,31.5,1,2.0,2025-01-12 20:59:19,0,,,,0,0,
8381,2025-02-15 03:01:28,Organic,India,8,24.0,1,3.0,2025-02-18 03:01:28,1,5.0,2025-02-20 03:01:28,Basic,50,0,
8382,2025-01-11 08:46:36,Ads,India,5,20.0,0,,,0,,,,0,0,
8383,2025-03-30 12:33:12,Organic,USA,5,15.0,1,2.0,2025-04-01 12:33:12,0,,,,0,1,1747657992000000000
8384,2025-01-29 03:18:49,Referral,USA,3,18.0,1,2.0,2025-01-31 03:18:49,1,6.0,2025-02-04 03:18:49,Basic,50,1,1739675929000000000
8385,2025-02-25 07:02:27,Organic,UK,4,12.0,1,2.0,2025-02-27 07:02:27,0,,,,0,0,
8386,2025-01-19 12:38:40,Organic,India,5,15.0,0,,,0,,,,0,1,1741178320000000000
8387,2025-01-31 03:42:07,Referral,USA,0,0.0,0,,,0,,,,0,1,1742269327000000000
8388,2025-02-07 06:19:58,Organic,UK,4,12.0,0,,,0,,,,0,1,1742537998000000000
8389,2025-03-13 13:55:46,Referral,UK,6,18.0,0,,,0,,,,0,1,1745848546000000000
8390,2025-02-07 23:53:28,Organic,India,6,18.0,1,3.0,2025-02-10 23:53:28,0,,,,0,1,1743378808000000000
8391,2025-03-11 21:01:39,Organic,India,3,9.0,0,,,0,,,,0,0,
8392,2025-03-15 22:25:58,Referral,India,5,30.0,1,1.0,2025-03-16 22:25:58,1,14.0,2025-03-29 22:25:58,Basic,50,1,1744669558000000000
8393,2025-01-23 19:03:32,Referral,UK,10,60.0,1,3.0,2025-01-26 19:03:32,0,,,,0,1,1739646212000000000
8394,2025-01-07 20:03:31,Organic,India,3,13.5,1,1.0,2025-01-08 20:03:31,0,,,,0,0,
8395,2025-02-23 13:08:30,Ads,India,7,28.0,0,,,1,5.0,2025-02-28 13:08:30,Basic,50,0,
8396,2025-02-15 15:00:33,Referral,India,1,2.0,0,,,0,,,,0,1,1741014033000000000
8397,2025-02-27 02:03:26,Organic,UK,5,15.0,1,1.0,2025-02-28 02:03:26,0,,,,0,0,
8398,2025-03-08 05:24:17,Organic,USA,6,18.0,1,1.0,2025-03-09 05:24:17,0,,,,0,1,1743571457000000000
8399,2025-03-22 19:47:40,Ads,USA,7,14.0,0,,,0,,,,0,0,
8400,2025-01-05 23:02:36,Organic,USA,4,12.0,1,3.0,2025-01-08 23:02:36,0,,,,0,0,
8401,2025-03-09 23:13:07,Organic,India,3,13.5,1,3.0,2025-03-12 23:13:07,1,6.0,2025-03-15 23:13:07,Pro,120,1,1745190787000000000
8402,2025-02-12 12:50:49,Referral,India,6,27.0,1,1.0,2025-02-13 12:50:49,0,,,,0,1,1742302249000000000
8403,2025-03-18 16:48:44,Organic,India,6,36.0,1,3.0,2025-03-21 16:48:44,1,8.0,2025-03-26 16:48:44,Basic,50,0,
8404,2025-03-11 23:10:01,Referral,India,3,9.0,1,2.0,2025-03-13 23:10:01,0,,,,0,0,
8405,2025-03-10 00:28:44,Ads,Canada,4,18.0,1,2.0,2025-03-12 00:28:44,1,5.0,2025-03-15 00:28:44,Basic,50,1,1744936124000000000
8406,2025-01-06 13:25:50,Ads,USA,7,42.0,1,1.0,2025-01-07 13:25:50,0,,,,0,1,1740576350000000000
8407,2025-01-06 17:50:32,Ads,UK,10,45.0,1,2.0,2025-01-08 17:50:32,0,,,,0,0,
8408,2025-02-12 01:29:43,Organic,India,8,24.0,1,2.0,2025-02-14 01:29:43,1,8.0,2025-02-20 01:29:43,Basic,50,0,
8409,2025-03-29 23:44:02,Organic,India,6,12.0,0,,,1,12.0,2025-04-10 23:44:02,Basic,50,0,
8410,2025-01-20 12:37:03,Organic,India,4,24.0,1,2.0,2025-01-22 12:37:03,0,,,,0,1,1739018223000000000
8411,2025-03-10 18:58:06,Ads,UK,3,13.5,1,1.0,2025-03-11 18:58:06,0,,,,0,0,
8412,2025-01-31 10:16:13,Organic,India,7,42.0,1,2.0,2025-02-02 10:16:13,0,,,,0,1,1743329773000000000
8413,2025-01-24 16:31:59,Organic,USA,6,24.0,0,,,0,,,,0,1,1740846719000000000
8414,2025-02-14 19:20:40,Referral,UK,3,6.0,0,,,0,,,,0,1,1742066440000000000
8415,2025-02-15 06:51:09,Referral,Germany,5,15.0,1,1.0,2025-02-16 06:51:09,0,,,,0,0,
8416,2025-01-17 12:15:48,Organic,India,5,30.0,1,1.0,2025-01-18 12:15:48,0,,,,0,1,1739189748000000000
8417,2025-02-16 04:50:18,Organic,India,7,21.0,1,3.0,2025-02-19 04:50:18,0,,,,0,0,
8418,2025-02-13 17:44:04,Ads,India,5,10.0,0,,,1,14.0,2025-02-27 17:44:04,Pro,120,0,
8419,2025-03-11 22:04:44,Referral,UK,6,27.0,1,1.0,2025-03-12 22:04:44,0,,,,0,1,1743545084000000000
8420,2025-02-28 16:22:01,Organic,India,4,24.0,1,2.0,2025-03-02 16:22:01,0,,,,0,0,
8421,2025-03-26 00:06:36,Organic,USA,8,24.0,1,3.0,2025-03-29 00:06:36,0,,,,0,1,1747613196000000000
8422,2025-01-24 10:23:31,Referral,USA,5,15.0,1,2.0,2025-01-26 10:23:31,1,6.0,2025-01-30 10:23:31,Basic,50,0,
8423,2025-01-03 21:30:31,Referral,India,5,15.0,1,1.0,2025-01-04 21:30:31,0,,,,0,1,1739223031000000000
8424,2025-01-13 06:51:56,Ads,India,2,4.0,0,,,0,,,,0,1,1740898316000000000
8425,2025-02-22 22:41:15,Organic,India,2,6.0,1,2.0,2025-02-24 22:41:15,0,,,,0,1,1743288075000000000
8426,2025-02-24 19:25:24,Organic,India,2,4.0,0,,,0,,,,0,1,1744831524000000000
8427,2025-02-09 00:41:45,Ads,India,3,18.0,1,3.0,2025-02-12 00:41:45,1,14.0,2025-02-23 00:41:45,Pro,120,0,
8428,2025-03-20 00:38:19,Organic,USA,2,6.0,0,,,0,,,,0,0,
8429,2025-01-12 07:55:35,Organic,UK,3,13.5,1,3.0,2025-01-15 07:55:35,0,,,,0,1,1738050935000000000
8430,2025-03-02 23:12:08,Organic,India,8,48.0,1,3.0,2025-03-05 23:12:08,0,,,,0,0,
8431,2025-01-12 22:14:11,Ads,USA,3,6.0,0,,,0,,,,0,1,1739830451000000000
8432,2025-01-25 15:41:58,Ads,India,6,18.0,1,1.0,2025-01-26 15:41:58,0,,,,0,1,1742830918000000000
8433,2025-01-05 20:56:33,Referral,UK,0,0.0,0,,,0,,,,0,0,
8434,2025-02-09 08:51:01,Ads,Canada,1,3.0,1,1.0,2025-02-10 08:51:01,0,,,,0,1,1743065461000000000
8435,2025-01-27 03:59:51,Referral,Canada,4,18.0,1,3.0,2025-01-30 03:59:51,1,14.0,2025-02-10 03:59:51,Basic,50,1,1742615991000000000
8436,2025-01-03 20:25:31,Referral,India,2,9.0,1,1.0,2025-01-04 20:25:31,1,11.0,2025-01-14 20:25:31,Basic,50,1,1740169531000000000
8437,2025-02-05 02:10:30,Organic,USA,3,12.0,0,,,0,,,,0,1,1740795030000000000
8438,2025-03-03 04:11:18,Organic,UK,7,21.0,1,1.0,2025-03-04 04:11:18,1,5.0,2025-03-08 04:11:18,Pro,120,0,
8439,2025-02-20 17:56:15,Ads,India,7,21.0,1,3.0,2025-02-23 17:56:15,0,,,,0,1,1743184575000000000
8440,2025-02-23 06:08:38,Organic,USA,4,8.0,0,,,0,,,,0,1,1744697318000000000
8441,2025-03-26 04:38:44,Referral,Canada,1,3.0,1,1.0,2025-03-27 04:38:44,0,,,,0,1,1746592724000000000
8442,2025-02-17 05:33:10,Organic,India,9,40.5,1,1.0,2025-02-18 05:33:10,0,,,,0,0,
8443,2025-02-28 08:30:20,Organic,USA,4,18.0,1,3.0,2025-03-03 08:30:20,0,,,,0,1,1743323420000000000
8444,2025-02-02 08:52:29,Ads,UK,6,18.0,1,1.0,2025-02-03 08:52:29,0,,,,0,0,
8445,2025-02-14 18:03:05,Ads,India,2,12.0,1,3.0,2025-02-17 18:03:05,1,11.0,2025-02-25 18:03:05,Basic,50,1,1743444185000000000
8446,2025-02-01 20:38:10,Ads,India,6,36.0,1,1.0,2025-02-02 20:38:10,1,5.0,2025-02-06 20:38:10,Pro,120,1,1743107890000000000
8447,2025-03-17 16:31:00,Ads,India,2,9.0,1,2.0,2025-03-19 16:31:00,0,,,,0,1,1746721860000000000
8448,2025-01-12 14:45:10,Organic,India,5,30.0,1,2.0,2025-01-14 14:45:10,0,,,,0,1,1738853110000000000
8449,2025-02-18 17:50:22,Organic,India,4,12.0,0,,,0,,,,0,0,
8450,2025-01-13 09:33:12,Referral,India,1,4.5,1,3.0,2025-01-16 09:33:12,0,,,,0,1,1738575192000000000
8451,2025-03-16 08:15:26,Organic,India,6,36.0,1,2.0,2025-03-18 08:15:26,0,,,,0,1,1746864926000000000
8452,2025-02-09 12:44:33,Organic,USA,8,24.0,1,2.0,2025-02-11 12:44:33,1,9.0,2025-02-18 12:44:33,Basic,50,1,1740919473000000000
8453,2025-01-22 12:46:11,Organic,USA,3,6.0,0,,,0,,,,0,1,1740833171000000000
8454,2025-02-18 13:51:39,Organic,India,8,36.0,1,2.0,2025-02-20 13:51:39,0,,,,0,0,
8455,2025-03-28 01:58:14,Ads,India,2,6.0,1,2.0,2025-03-30 01:58:14,1,11.0,2025-04-08 01:58:14,Pro,120,0,
8456,2025-02-10 15:12:44,Ads,India,4,18.0,1,1.0,2025-02-11 15:12:44,0,,,,0,1,1743347564000000000
8457,2025-03-30 19:56:49,Ads,India,7,21.0,1,2.0,2025-04-01 19:56:49,0,,,,0,1,1746388609000000000
8458,2025-01-19 04:31:20,Ads,India,4,18.0,1,3.0,2025-01-22 04:31:20,0,,,,0,0,
8459,2025-02-09 11:29:16,Organic,UK,5,20.0,0,,,0,,,,0,0,
8460,2025-01-23 08:21:13,Organic,India,11,33.0,1,2.0,2025-01-25 08:21:13,0,,,,0,0,
8461,2025-02-11 20:19:50,Organic,India,8,36.0,1,3.0,2025-02-14 20:19:50,1,5.0,2025-02-16 20:19:50,Pro,120,0,
8462,2025-02-27 15:44:27,Organic,UK,4,24.0,1,3.0,2025-03-02 15:44:27,0,,,,0,1,1743435867000000000
8463,2025-03-28 11:37:13,Organic,USA,3,12.0,0,,,0,,,,0,0,
8464,2025-03-16 15:49:10,Organic,USA,3,18.0,1,3.0,2025-03-19 15:49:10,0,,,,0,0,
8465,2025-01-28 07:48:21,Ads,Canada,5,30.0,1,3.0,2025-01-31 07:48:21,0,,,,0,1,1741852101000000000
8466,2025-03-27 20:25:38,Ads,India,5,10.0,0,,,0,,,,0,1,1744575938000000000
8467,2025-03-23 16:00:57,Referral,Germany,6,18.0,1,2.0,2025-03-25 16:00:57,0,,,,0,1,1747238457000000000
8468,2025-02-06 22:04:18,Ads,Germany,4,12.0,1,2.0,2025-02-08 22:04:18,0,,,,0,0,
8469,2025-03-25 18:37:05,Organic,India,2,6.0,1,3.0,2025-03-28 18:37:05,0,,,,0,1,1745779025000000000
8470,2025-03-16 17:00:58,Organic,Canada,4,18.0,1,3.0,2025-03-19 17:00:58,1,11.0,2025-03-27 17:00:58,Pro,120,1,1747155658000000000
8471,2025-02-04 04:00:53,Organic,UK,4,16.0,0,,,0,,,,0,1,1741665653000000000
8472,2025-02-08 02:26:27,Organic,Germany,2,9.0,1,2.0,2025-02-10 02:26:27,1,8.0,2025-02-16 02:26:27,Basic,50,0,
8473,2025-02-23 09:28:31,Organic,UK,5,22.5,1,1.0,2025-02-24 09:28:31,0,,,,0,1,1743067711000000000
8474,2025-03-06 18:17:40,Organic,UK,4,12.0,1,1.0,2025-03-07 18:17:40,0,,,,0,0,
8475,2025-03-29 06:55:14,Ads,India,3,18.0,1,2.0,2025-03-31 06:55:14,0,,,,0,1,1744786514000000000
8476,2025-02-21 03:02:18,Ads,USA,7,28.0,0,,,0,,,,0,1,1743994938000000000
8477,2025-02-17 11:44:59,Ads,India,5,30.0,1,2.0,2025-02-19 11:44:59,0,,,,0,1,1741434299000000000
8478,2025-03-20 17:07:30,Organic,India,3,9.0,0,,,0,,,,0,1,1747588050000000000
8479,2025-03-09 21:41:02,Ads,Germany,6,18.0,1,1.0,2025-03-10 21:41:02,1,5.0,2025-03-14 21:41:02,Basic,50,0,
8480,2025-03-21 02:45:17,Ads,India,4,18.0,1,3.0,2025-03-24 02:45:17,0,,,,0,0,
8481,2025-01-10 03:37:51,Ads,UK,8,24.0,1,3.0,2025-01-13 03:37:51,0,,,,0,1,1739763471000000000
8482,2025-03-18 02:14:23,Organic,India,4,12.0,0,,,0,,,,0,1,1744337663000000000
8483,2025-02-22 04:11:03,Ads,India,5,15.0,1,2.0,2025-02-24 04:11:03,0,,,,0,1,1744258263000000000
8484,2025-02-19 08:14:32,Ads,USA,3,18.0,1,2.0,2025-02-21 08:14:32,0,,,,0,1,1741767272000000000
8485,2025-02-24 06:16:35,Organic,India,5,22.5,1,1.0,2025-02-25 06:16:35,0,,,,0,1,1745388995000000000
8486,2025-01-07 18:25:18,Organic,Germany,3,9.0,1,2.0,2025-01-09 18:25:18,1,12.0,2025-01-19 18:25:18,Pro,120,0,
8487,2025-03-05 13:49:12,Organic,India,7,42.0,1,3.0,2025-03-08 13:49:12,0,,,,0,0,
8488,2025-03-14 20:02:51,Ads,India,3,18.0,1,1.0,2025-03-15 20:02:51,0,,,,0,0,
8489,2025-01-26 09:32:38,Ads,India,3,9.0,1,3.0,2025-01-29 09:32:38,1,6.0,2025-02-01 09:32:38,Pro,120,1,1741167158000000000
8490,2025-03-17 15:45:38,Organic,India,7,42.0,1,2.0,2025-03-19 15:45:38,0,,,,0,0,
8491,2025-01-21 22:22:46,Organic,India,2,8.0,0,,,0,,,,0,1,1741040566000000000
8492,2025-01-29 23:49:33,Referral,USA,4,18.0,1,1.0,2025-01-30 23:49:33,0,,,,0,0,
8493,2025-02-28 07:09:36,Organic,USA,6,27.0,1,2.0,2025-03-02 07:09:36,0,,,,0,1,1743145776000000000
8494,2025-03-14 21:10:42,Organic,India,6,18.0,1,3.0,2025-03-17 21:10:42,0,,,,0,1,1745788242000000000
8495,2025-03-02 08:03:49,Organic,India,3,9.0,1,3.0,2025-03-05 08:03:49,0,,,,0,0,
8496,2025-02-16 21:42:59,Ads,Canada,2,6.0,1,2.0,2025-02-18 21:42:59,0,,,,0,0,
8497,2025-03-25 08:04:22,Ads,USA,4,16.0,0,,,0,,,,0,0,
8498,2025-01-09 21:46:05,Organic,USA,6,18.0,1,1.0,2025-01-10 21:46:05,0,,,,0,0,
8499,2025-03-09 02:39:14,Referral,UK,1,4.5,1,1.0,2025-03-10 02:39:14,1,9.0,2025-03-18 02:39:14,Basic,50,0,
8500,2025-02-12 18:55:44,Ads,UK,0,0.0,1,1.0,2025-02-13 18:55:44,1,5.0,2025-02-17 18:55:44,Basic,50,1,1743792944000000000
8501,2025-02-14 22:56:15,Organic,UK,4,18.0,1,1.0,2025-02-15 22:56:15,0,,,,0,0,
8502,2025-03-30 23:53:25,Ads,Canada,3,13.5,1,2.0,2025-04-01 23:53:25,0,,,,0,1,1745452405000000000
8503,2025-03-21 03:00:55,Organic,India,8,36.0,1,2.0,2025-03-23 03:00:55,0,,,,0,0,
8504,2025-01-25 12:06:31,Ads,India,7,28.0,0,,,0,,,,0,1,1739966791000000000
8505,2025-01-19 15:03:45,Organic,India,5,15.0,1,1.0,2025-01-20 15:03:45,1,12.0,2025-01-31 15:03:45,Pro,120,0,
8506,2025-01-27 15:55:07,Ads,Canada,3,9.0,1,1.0,2025-01-28 15:55:07,0,,,,0,0,
8507,2025-01-18 19:41:03,Organic,India,6,27.0,1,1.0,2025-01-19 19:41:03,0,,,,0,0,
8508,2025-01-12 13:28:19,Referral,USA,5,20.0,0,,,0,,,,0,1,1741526899000000000
8509,2025-03-05 05:23:30,Organic,UK,8,48.0,1,3.0,2025-03-08 05:23:30,1,12.0,2025-03-17 05:23:30,Basic,50,1,1745990610000000000
8510,2025-01-25 06:58:49,Ads,USA,4,18.0,1,2.0,2025-01-27 06:58:49,0,,,,0,1,1739948329000000000
8511,2025-02-19 19:01:36,Organic,India,4,12.0,1,3.0,2025-02-22 19:01:36,0,,,,0,0,
8512,2025-03-25 18:21:50,Referral,India,2,12.0,1,1.0,2025-03-26 18:21:50,1,10.0,2025-04-04 18:21:50,Basic,50,0,
8513,2025-01-22 01:47:24,Ads,India,7,21.0,1,2.0,2025-01-24 01:47:24,0,,,,0,1,1739497644000000000
8514,2025-03-05 10:37:00,Organic,India,4,12.0,1,1.0,2025-03-06 10:37:00,0,,,,0,0,
8515,2025-01-12 00:15:02,Referral,India,6,24.0,0,,,0,,,,0,0,
8516,2025-03-29 14:22:18,Organic,UK,7,21.0,1,1.0,2025-03-30 14:22:18,0,,,,0,0,
8517,2025-02-18 16:04:49,Ads,Canada,0,0.0,1,2.0,2025-02-20 16:04:49,0,,,,0,1,1741881889000000000
8518,2025-01-13 23:20:03,Ads,USA,9,40.5,1,2.0,2025-01-15 23:20:03,1,12.0,2025-01-25 23:20:03,Pro,120,1,1740266403000000000
8519,2025-01-11 11:25:12,Organic,UK,1,4.0,0,,,0,,,,0,1,1740223512000000000
8520,2025-03-24 15:17:25,Referral,USA,5,15.0,1,2.0,2025-03-26 15:17:25,0,,,,0,0,
8521,2025-02-13 05:37:27,Organic,India,6,18.0,1,3.0,2025-02-16 05:37:27,0,,,,0,1,1741412247000000000
8522,2025-03-24 18:03:02,Organic,India,6,18.0,1,1.0,2025-03-25 18:03:02,0,,,,0,1,1745258582000000000
8523,2025-03-29 19:46:13,Referral,India,7,31.5,1,1.0,2025-03-30 19:46:13,1,11.0,2025-04-09 19:46:13,Basic,50,0,
8524,2025-02-14 17:34:20,Ads,UK,4,12.0,0,,,0,,,,0,1,1743269660000000000
8525,2025-01-02 17:50:53,Organic,Germany,2,6.0,1,1.0,2025-01-03 17:50:53,0,,,,0,0,
8526,2025-03-18 11:46:32,Organic,USA,3,13.5,1,3.0,2025-03-21 11:46:32,0,,,,0,1,1743939992000000000
8527,2025-02-21 14:18:30,Ads,India,6,36.0,1,2.0,2025-02-23 14:18:30,0,,,,0,1,1743603510000000000
8528,2025-01-29 19:09:04,Organic,USA,7,42.0,1,3.0,2025-02-01 19:09:04,0,,,,0,1,1740510544000000000
8529,2025-03-11 00:13:33,Referral,USA,8,24.0,1,3.0,2025-03-14 00:13:33,0,,,,0,1,1745540013000000000
8530,2025-03-01 08:15:19,Ads,USA,3,12.0,0,,,1,12.0,2025-03-13 08:15:19,Basic,50,1,1744964119000000000
8531,2025-02-10 07:46:18,Organic,UK,2,4.0,0,,,0,,,,0,0,
8532,2025-02-10 00:08:57,Organic,UK,3,9.0,0,,,0,,,,0,0,
8533,2025-03-10 18:44:14,Ads,USA,5,15.0,1,3.0,2025-03-13 18:44:14,0,,,,0,1,1744829054000000000
8534,2025-02-10 09:08:02,Organic,USA,4,12.0,1,1.0,2025-02-11 09:08:02,1,10.0,2025-02-20 09:08:02,Basic,50,0,
8535,2025-03-09 14:09:01,Ads,Germany,5,22.5,1,2.0,2025-03-11 14:09:01,0,,,,0,1,1744726141000000000
8536,2025-03-17 10:03:13,Referral,UK,7,21.0,0,,,1,8.0,2025-03-25 10:03:13,Basic,50,0,
8537,2025-02-28 21:28:59,Ads,USA,1,6.0,1,1.0,2025-03-01 21:28:59,0,,,,0,1,1745098139000000000
8538,2025-03-22 06:30:26,Organic,USA,5,15.0,1,3.0,2025-03-25 06:30:26,0,,,,0,1,1747636226000000000
8539,2025-03-08 21:42:34,Organic,Canada,4,8.0,0,,,0,,,,0,1,1742938954000000000
8540,2025-01-05 11:16:53,Ads,USA,3,12.0,0,,,0,,,,0,0,
8541,2025-03-03 07:29:00,Ads,USA,5,15.0,1,1.0,2025-03-04 07:29:00,0,,,,0,0,
8542,2025-01-29 21:29:49,Ads,India,5,22.5,1,3.0,2025-02-01 21:29:49,0,,,,0,1,1741987789000000000
8543,2025-01-05 19:44:50,Organic,Canada,7,21.0,1,1.0,2025-01-06 19:44:50,0,,,,0,1,1740858290000000000
8544,2025-03-02 09:24:41,Referral,USA,8,24.0,0,,,0,,,,0,0,
8545,2025-01-14 11:19:11,Organic,USA,6,27.0,1,2.0,2025-01-16 11:19:11,0,,,,0,1,1741432751000000000
8546,2025-02-04 16:17:24,Ads,Canada,2,6.0,0,,,0,,,,0,0,
8547,2025-02-20 07:20:21,Ads,Germany,4,18.0,1,2.0,2025-02-22 07:20:21,0,,,,0,0,
8548,2025-01-11 03:49:11,Ads,Canada,8,24.0,1,2.0,2025-01-13 03:49:11,1,10.0,2025-01-21 03:49:11,Basic,50,1,1740541751000000000
8549,2025-03-04 00:44:22,Organic,India,4,24.0,1,1.0,2025-03-05 00:44:22,0,,,,0,1,1745973862000000000
8550,2025-01-11 16:13:46,Ads,USA,5,15.0,0,,,0,,,,0,1,1741277626000000000
8551,2025-03-11 13:29:43,Organic,India,4,24.0,1,3.0,2025-03-14 13:29:43,0,,,,0,1,1744464583000000000
8552,2025-01-08 20:21:06,Ads,India,4,16.0,0,,,0,,,,0,1,1740860466000000000
8553,2025-01-22 17:36:19,Organic,Germany,4,18.0,1,1.0,2025-01-23 17:36:19,0,,,,0,1,1740850579000000000
8554,2025-01-19 19:26:39,Organic,Canada,6,18.0,0,,,0,,,,0,1,1740079599000000000
8555,2025-01-21 20:32:31,Organic,USA,6,36.0,1,1.0,2025-01-22 20:32:31,1,9.0,2025-01-30 20:32:31,Basic,50,0,
8556,2025-01-01 14:42:29,Referral,India,5,20.0,0,,,0,,,,0,0,
8557,2025-02-23 21:57:14,Ads,India,6,18.0,1,3.0,2025-02-26 21:57:14,0,,,,0,1,1742075834000000000
8558,2025-01-26 09:05:10,Ads,USA,7,31.5,1,2.0,2025-01-28 09:05:10,0,,,,0,0,
8559,2025-02-11 03:16:24,Ads,India,6,12.0,0,,,0,,,,0,0,
8560,2025-01-12 16:21:00,Referral,USA,6,27.0,1,1.0,2025-01-13 16:21:00,0,,,,0,1,1738686060000000000
8561,2025-01-10 03:12:28,Organic,USA,2,12.0,1,3.0,2025-01-13 03:12:28,0,,,,0,1,1740971548000000000
8562,2025-03-28 15:54:38,Ads,Canada,7,42.0,1,3.0,2025-03-31 15:54:38,0,,,,0,1,1744473278000000000
8563,2025-01-18 12:58:29,Ads,India,7,42.0,1,3.0,2025-01-21 12:58:29,0,,,,0,0,
8564,2025-01-18 23:24:51,Organic,India,4,16.0,0,,,0,,,,0,1,1739229891000000000
8565,2025-03-23 02:50:42,Organic,Canada,6,18.0,1,2.0,2025-03-25 02:50:42,0,,,,0,1,1746327042000000000
8566,2025-02-14 05:28:21,Organic,USA,5,20.0,0,,,0,,,,0,1,1741930101000000000
8567,2025-01-26 02:31:08,Organic,India,5,10.0,0,,,0,,,,0,1,1740969068000000000
8568,2025-02-14 18:13:59,Organic,India,5,20.0,0,,,0,,,,0,1,1741198439000000000
8569,2025-01-16 03:22:46,Organic,Canada,4,12.0,1,2.0,2025-01-18 03:22:46,0,,,,0,1,1739503366000000000
8570,2025-02-03 05:05:30,Ads,UK,4,18.0,1,1.0,2025-02-04 05:05:30,0,,,,0,1,1741064730000000000
8571,2025-01-25 05:58:24,Organic,Canada,7,31.5,1,3.0,2025-01-28 05:58:24,0,,,,0,1,1742018304000000000
8572,2025-02-13 01:35:22,Organic,India,4,8.0,0,,,0,,,,0,1,1743298522000000000
8573,2025-02-15 12:23:43,Referral,UK,4,12.0,1,3.0,2025-02-18 12:23:43,0,,,,0,1,1742991823000000000
8574,2025-03-13 16:05:57,Ads,UK,8,36.0,1,1.0,2025-03-14 16:05:57,0,,,,0,1,1743955557000000000
8575,2025-01-14 00:01:10,Organic,India,5,22.5,1,2.0,2025-01-16 00:01:10,0,,,,0,1,1741305670000000000
8576,2025-01-30 01:30:19,Ads,Germany,2,8.0,0,,,1,14.0,2025-02-13 01:30:19,Basic,50,1,1742434219000000000
8577,2025-02-28 10:37:10,Organic,USA,4,18.0,1,1.0,2025-03-01 10:37:10,0,,,,0,1,1744972630000000000
8578,2025-01-16 09:38:48,Organic,Germany,6,36.0,1,3.0,2025-01-19 09:38:48,0,,,,0,0,
8579,2025-01-12 21:54:02,Organic,Canada,7,21.0,1,2.0,2025-01-14 21:54:02,0,,,,0,1,1739397242000000000
8580,2025-01-26 02:07:06,Referral,India,3,13.5,1,1.0,2025-01-27 02:07:06,0,,,,0,1,1739758026000000000
8581,2025-02-12 22:03:21,Ads,USA,6,36.0,1,3.0,2025-02-15 22:03:21,0,,,,0,1,1743804201000000000
8582,2025-01-05 01:14:28,Ads,USA,8,36.0,1,3.0,2025-01-08 01:14:28,1,11.0,2025-01-16 01:14:28,Basic,50,0,
8583,2025-03-05 17:08:48,Referral,UK,5,22.5,1,2.0,2025-03-07 17:08:48,0,,,,0,1,1743008928000000000
8584,2025-03-26 07:09:37,Referral,USA,3,6.0,0,,,0,,,,0,0,
8585,2025-03-11 17:15:42,Ads,UK,6,18.0,1,3.0,2025-03-14 17:15:42,0,,,,0,0,
8586,2025-03-23 05:25:55,Ads,India,8,24.0,1,1.0,2025-03-24 05:25:55,0,,,,0,0,
8587,2025-03-24 07:47:48,Organic,UK,6,12.0,0,,,1,13.0,2025-04-06 07:47:48,Basic,50,0,
8588,2025-03-09 00:14:32,Organic,India,8,36.0,1,1.0,2025-03-10 00:14:32,0,,,,0,0,
8589,2025-03-03 07:37:30,Ads,India,5,30.0,1,3.0,2025-03-06 07:37:30,0,,,,0,1,1743406650000000000
8590,2025-02-09 15:17:18,Ads,Canada,4,12.0,1,2.0,2025-02-11 15:17:18,0,,,,0,1,1742224638000000000
8591,2025-02-01 16:39:44,Referral,India,3,9.0,0,,,0,,,,0,0,
8592,2025-01-05 16:28:31,Organic,India,4,12.0,0,,,0,,,,0,1,1737995311000000000
8593,2025-01-30 00:42:44,Ads,India,2,6.0,1,2.0,2025-02-01 00:42:44,0,,,,0,0,
8594,2025-02-08 10:02:23,Ads,USA,4,12.0,1,2.0,2025-02-10 10:02:23,0,,,,0,1,1741255343000000000
8595,2025-03-13 11:15:43,Organic,India,4,12.0,0,,,0,,,,0,1,1744024543000000000
8596,2025-02-12 04:03:14,Ads,UK,5,15.0,1,1.0,2025-02-13 04:03:14,0,,,,0,1,1741320194000000000
8597,2025-01-21 02:31:15,Ads,UK,6,18.0,0,,,0,,,,0,1,1741487475000000000
8598,2025-01-14 12:44:30,Organic,India,8,36.0,1,3.0,2025-01-17 12:44:30,1,7.0,2025-01-21 12:44:30,Basic,50,1,1739709870000000000
8599,2025-02-17 21:11:15,Ads,USA,11,33.0,1,3.0,2025-02-20 21:11:15,0,,,,0,1,1741900275000000000
8600,2025-01-02 23:34:37,Organic,India,5,15.0,0,,,0,,,,0,1,1740353677000000000
8601,2025-02-24 05:44:30,Organic,UK,2,4.0,0,,,0,,,,0,0,
8602,2025-01-28 16:50:55,Ads,India,6,36.0,1,3.0,2025-01-31 16:50:55,0,,,,0,0,
8603,2025-03-27 02:05:48,Organic,India,5,30.0,1,2.0,2025-03-29 02:05:48,1,11.0,2025-04-07 02:05:48,Pro,120,1,1747015548000000000
8604,2025-01-16 18:06:52,Organic,India,3,13.5,1,3.0,2025-01-19 18:06:52,1,5.0,2025-01-21 18:06:52,Basic,50,1,1742062012000000000
8605,2025-03-24 06:09:34,Organic,India,3,9.0,0,,,0,,,,0,1,1746684574000000000
8606,2025-03-10 01:35:26,Organic,UK,4,12.0,1,2.0,2025-03-12 01:35:26,0,,,,0,0,
8607,2025-01-19 13:22:24,Organic,India,4,12.0,1,3.0,2025-01-22 13:22:24,1,5.0,2025-01-24 13:22:24,Basic,50,0,
8608,2025-03-16 22:30:19,Organic,India,2,4.0,0,,,0,,,,0,0,
8609,2025-02-07 21:22:31,Ads,India,5,15.0,0,,,0,,,,0,1,1742505751000000000
8610,2025-01-29 13:58:11,Referral,Germany,6,27.0,1,3.0,2025-02-01 13:58:11,1,10.0,2025-02-08 13:58:11,Pro,120,0,
8611,2025-03-04 18:01:58,Organic,UK,7,21.0,1,2.0,2025-03-06 18:01:58,1,6.0,2025-03-10 18:01:58,Basic,50,0,
8612,2025-02-03 19:45:21,Organic,India,8,24.0,1,1.0,2025-02-04 19:45:21,0,,,,0,0,
8613,2025-03-17 23:01:05,Organic,India,8,36.0,1,2.0,2025-03-19 23:01:05,0,,,,0,0,
8614,2025-03-22 04:58:29,Organic,Canada,8,48.0,1,3.0,2025-03-25 04:58:29,0,,,,0,1,1747198709000000000
8615,2025-03-22 06:27:25,Ads,India,3,9.0,0,,,0,,,,0,1,1745648845000000000
8616,2025-01-16 23:48:30,Referral,Germany,3,18.0,1,3.0,2025-01-19 23:48:30,0,,,,0,1,1741218510000000000
8617,2025-01-30 23:57:02,Referral,India,7,31.5,1,1.0,2025-01-31 23:57:02,1,11.0,2025-02-10 23:57:02,Pro,120,0,
8618,2025-01-24 19:36:37,Organic,India,5,20.0,0,,,0,,,,0,0,
8619,2025-01-10 06:43:38,Referral,UK,5,22.5,1,2.0,2025-01-12 06:43:38,0,,,,0,0,
8620,2025-03-12 23:53:50,Organic,USA,7,21.0,1,3.0,2025-03-15 23:53:50,1,11.0,2025-03-23 23:53:50,Basic,50,0,
8621,2025-02-28 01:56:01,Ads,Germany,8,32.0,0,,,0,,,,0,1,1743818161000000000
8622,2025-01-26 16:19:47,Ads,Canada,4,24.0,1,2.0,2025-01-28 16:19:47,0,,,,0,1,1740241187000000000
8623,2025-02-02 08:36:06,Ads,USA,6,24.0,0,,,0,,,,0,1,1740731766000000000
8624,2025-02-21 02:27:19,Organic,UK,1,3.0,0,,,0,,,,0,0,
8625,2025-02-07 00:42:42,Organic,Canada,3,13.5,1,3.0,2025-02-10 00:42:42,0,,,,0,1,1741999362000000000
8626,2025-02-05 21:29:33,Ads,USA,8,36.0,1,1.0,2025-02-06 21:29:33,1,5.0,2025-02-10 21:29:33,Basic,50,0,
8627,2025-02-02 09:49:34,Organic,India,2,8.0,0,,,0,,,,0,0,
8628,2025-01-11 02:37:00,Organic,India,6,12.0,0,,,0,,,,0,0,
8629,2025-03-11 11:13:44,Ads,India,5,22.5,1,1.0,2025-03-12 11:13:44,0,,,,0,0,
8630,2025-03-13 00:20:49,Organic,Canada,7,28.0,0,,,0,,,,0,0,
8631,2025-01-06 16:48:23,Ads,India,5,10.0,0,,,0,,,,0,1,1737737303000000000
8632,2025-02-21 01:48:23,Organic,India,5,15.0,0,,,0,,,,0,1,1741398503000000000
8633,2025-01-28 00:37:51,Referral,Canada,5,20.0,0,,,0,,,,0,1,1739579871000000000
8634,2025-01-30 16:43:40,Organic,India,7,42.0,1,3.0,2025-02-02 16:43:40,0,,,,0,1,1740847420000000000
8635,2025-01-29 22:35:11,Referral,USA,6,27.0,1,2.0,2025-01-31 22:35:11,0,,,,0,1,1741732511000000000
8636,2025-03-08 06:58:07,Organic,Canada,2,12.0,1,3.0,2025-03-11 06:58:07,0,,,,0,0,
8637,2025-02-17 05:00:13,Ads,USA,4,12.0,1,1.0,2025-02-18 05:00:13,1,10.0,2025-02-27 05:00:13,Basic,50,0,
8638,2025-03-09 12:43:31,Referral,India,2,4.0,0,,,0,,,,0,0,
8639,2025-03-06 01:20:48,Organic,USA,8,16.0,0,,,0,,,,0,1,1742606448000000000
8640,2025-02-10 11:18:36,Organic,UK,4,12.0,1,2.0,2025-02-12 11:18:36,0,,,,0,1,1742555916000000000
8641,2025-02-28 03:12:00,Organic,USA,8,36.0,1,2.0,2025-03-02 03:12:00,0,,,,0,1,1743304320000000000
8642,2025-03-15 07:09:21,Organic,India,7,42.0,1,1.0,2025-03-16 07:09:21,1,9.0,2025-03-24 07:09:21,Basic,50,0,
8643,2025-03-28 03:21:50,Ads,India,2,6.0,0,,,0,,,,0,0,
8644,2025-03-27 16:18:51,Organic,UK,9,36.0,0,,,0,,,,0,1,1746202731000000000
8645,2025-01-11 22:21:01,Referral,India,6,36.0,1,3.0,2025-01-14 22:21:01,1,12.0,2025-01-23 22:21:01,Basic,50,1,1738707661000000000
8646,2025-01-17 23:34:16,Ads,UK,5,15.0,1,1.0,2025-01-18 23:34:16,1,13.0,2025-01-30 23:34:16,Basic,50,1,1738712056000000000
8647,2025-03-25 05:45:00,Organic,USA,3,9.0,1,1.0,2025-03-26 05:45:00,1,9.0,2025-04-03 05:45:00,Pro,120,0,
8648,2025-02-20 08:03:45,Referral,USA,9,54.0,1,2.0,2025-02-22 08:03:45,0,,,,0,1,1744358625000000000
8649,2025-03-13 18:54:09,Organic,Germany,8,36.0,1,3.0,2025-03-16 18:54:09,0,,,,0,1,1745002449000000000
8650,2025-03-02 05:41:09,Organic,India,9,27.0,1,3.0,2025-03-05 05:41:09,1,5.0,2025-03-07 05:41:09,Pro,120,1,1744350069000000000
8651,2025-03-24 07:44:06,Organic,India,8,24.0,1,3.0,2025-03-27 07:44:06,0,,,,0,0,
8652,2025-02-20 03:02:52,Ads,USA,4,18.0,1,2.0,2025-02-22 03:02:52,0,,,,0,0,
8653,2025-01-04 05:21:58,Organic,India,5,30.0,1,1.0,2025-01-05 05:21:58,0,,,,0,0,
8654,2025-03-22 06:13:50,Ads,USA,10,30.0,0,,,0,,,,0,0,
8655,2025-02-09 11:40:47,Organic,Germany,8,24.0,1,3.0,2025-02-12 11:40:47,0,,,,0,1,1743334847000000000
8656,2025-03-24 03:55:17,Referral,Canada,7,28.0,0,,,0,,,,0,1,1747022117000000000
8657,2025-02-01 07:30:21,Ads,USA,7,28.0,0,,,0,,,,0,0,
8658,2025-01-16 18:59:19,Organic,Canada,6,36.0,1,3.0,2025-01-19 18:59:19,0,,,,0,1,1741546759000000000
8659,2025-01-14 10:56:26,Ads,India,5,15.0,1,3.0,2025-01-17 10:56:26,0,,,,0,1,1739184986000000000
8660,2025-03-09 02:37:53,Ads,USA,5,10.0,0,,,0,,,,0,0,
8661,2025-02-24 14:29:36,Organic,USA,4,18.0,1,3.0,2025-02-27 14:29:36,0,,,,0,1,1741789776000000000
8662,2025-01-05 17:01:24,Organic,India,3,18.0,1,2.0,2025-01-07 17:01:24,0,,,,0,0,
8663,2025-02-21 13:02:05,Organic,India,8,24.0,1,1.0,2025-02-22 13:02:05,0,,,,0,1,1744981325000000000
8664,2025-01-02 16:50:32,Referral,Canada,5,15.0,1,2.0,2025-01-04 16:50:32,0,,,,0,1,1739811032000000000
8665,2025-03-22 08:24:23,Ads,UK,4,24.0,1,3.0,2025-03-25 08:24:23,0,,,,0,0,
8666,2025-02-08 01:22:37,Organic,UK,3,9.0,0,,,0,,,,0,0,
8667,2025-02-23 20:15:24,Organic,India,4,18.0,1,1.0,2025-02-24 20:15:24,0,,,,0,1,1744661724000000000
8668,2025-02-28 20:04:35,Organic,India,6,36.0,1,1.0,2025-03-01 20:04:35,0,,,,0,1,1743537875000000000
8669,2025-01-16 18:28:36,Ads,Germany,6,27.0,1,1.0,2025-01-17 18:28:36,0,,,,0,1,1741199316000000000
8670,2025-01-28 11:45:00,Ads,USA,1,6.0,1,1.0,2025-01-29 11:45:00,0,,,,0,1,1743075900000000000
8671,2025-03-02 12:05:41,Referral,USA,7,21.0,1,3.0,2025-03-05 12:05:41,0,,,,0,0,
8672,2025-01-20 21:22:42,Organic,Germany,2,6.0,1,3.0,2025-01-23 21:22:42,0,,,,0,0,
8673,2025-01-27 02:45:56,Organic,USA,3,9.0,1,1.0,2025-01-28 02:45:56,0,,,,0,0,
8674,2025-03-25 12:16:49,Organic,USA,2,9.0,1,3.0,2025-03-28 12:16:49,1,13.0,2025-04-07 12:16:49,Basic,50,0,
8675,2025-01-16 09:23:05,Referral,India,3,13.5,1,2.0,2025-01-18 09:23:05,0,,,,0,1,1739179385000000000
8676,2025-03-25 02:16:31,Organic,India,5,22.5,1,2.0,2025-03-27 02:16:31,0,,,,0,1,1746843391000000000
8677,2025-02-19 18:16:16,Organic,UK,4,12.0,0,,,0,,,,0,1,1743012976000000000
8678,2025-02-01 23:07:22,Ads,India,13,78.0,1,2.0,2025-02-03 23:07:22,0,,,,0,1,1742857642000000000
8679,2025-02-19 13:54:24,Organic,USA,7,21.0,0,,,1,9.0,2025-02-28 13:54:24,Pro,120,0,
8680,2025-03-15 12:55:43,Organic,India,4,18.0,1,2.0,2025-03-17 12:55:43,1,13.0,2025-03-28 12:55:43,Pro,120,0,
8681,2025-02-09 03:55:37,Ads,India,3,13.5,1,1.0,2025-02-10 03:55:37,0,,,,0,0,
8682,2025-02-26 17:29:26,Organic,USA,4,18.0,1,2.0,2025-02-28 17:29:26,0,,,,0,0,
8683,2025-01-09 00:19:13,Organic,India,5,22.5,1,1.0,2025-01-10 00:19:13,1,8.0,2025-01-17 00:19:13,Basic,50,1,1738973953000000000
8684,2025-02-26 11:58:59,Organic,Canada,6,36.0,1,3.0,2025-03-01 11:58:59,0,,,,0,0,
8685,2025-02-27 11:09:08,Organic,India,4,12.0,1,2.0,2025-03-01 11:09:08,1,7.0,2025-03-06 11:09:08,Basic,50,0,
8686,2025-02-01 22:16:06,Organic,USA,6,18.0,0,,,0,,,,0,0,
8687,2025-01-27 22:40:33,Referral,India,1,3.0,1,3.0,2025-01-30 22:40:33,0,,,,0,0,
8688,2025-01-14 09:05:33,Organic,India,3,13.5,1,3.0,2025-01-17 09:05:33,1,7.0,2025-01-21 09:05:33,Pro,120,0,
8689,2025-01-18 05:58:29,Ads,India,3,9.0,0,,,0,,,,0,1,1739167109000000000
8690,2025-02-20 22:42:24,Organic,Germany,11,44.0,0,,,0,,,,0,0,
8691,2025-03-21 05:30:14,Organic,India,11,33.0,1,3.0,2025-03-24 05:30:14,1,10.0,2025-03-31 05:30:14,Basic,50,0,
8692,2025-03-24 22:37:56,Organic,Canada,6,36.0,1,2.0,2025-03-26 22:37:56,1,13.0,2025-04-06 22:37:56,Basic,50,0,
8693,2025-02-08 06:05:07,Organic,India,3,9.0,1,3.0,2025-02-11 06:05:07,0,,,,0,1,1741068307000000000
8694,2025-03-23 17:05:03,Organic,India,7,42.0,1,2.0,2025-03-25 17:05:03,0,,,,0,0,
8695,2025-03-04 23:23:59,Organic,UK,4,24.0,1,3.0,2025-03-07 23:23:59,0,,,,0,0,
8696,2025-03-12 08:07:14,Ads,USA,9,27.0,1,3.0,2025-03-15 08:07:14,0,,,,0,1,1745482034000000000
8697,2025-01-03 05:55:52,Organic,USA,5,30.0,1,3.0,2025-01-06 05:55:52,0,,,,0,1,1738216552000000000
8698,2025-01-23 07:39:16,Referral,India,7,42.0,1,3.0,2025-01-26 07:39:16,0,,,,0,0,
8699,2025-02-25 12:45:27,Organic,India,4,18.0,1,2.0,2025-02-27 12:45:27,0,,,,0,0,
8700,2025-01-10 09:45:44,Organic,USA,5,15.0,1,3.0,2025-01-13 09:45:44,0,,,,0,1,1739612744000000000
8701,2025-02-06 02:36:52,Organic,Canada,6,36.0,1,2.0,2025-02-08 02:36:52,0,,,,0,0,
8702,2025-02-07 04:25:13,Organic,India,3,6.0,0,,,0,,,,0,1,1743913513000000000
8703,2025-02-13 23:46:00,Ads,Germany,3,12.0,0,,,0,,,,0,1,1742859960000000000
8704,2025-01-12 06:51:52,Ads,India,4,16.0,0,,,0,,,,0,1,1738133512000000000
8705,2025-02-24 03:18:02,Organic,USA,3,13.5,1,3.0,2025-02-27 03:18:02,0,,,,0,1,1745119082000000000
8706,2025-02-16 16:18:43,Organic,India,2,9.0,1,2.0,2025-02-18 16:18:43,1,10.0,2025-02-26 16:18:43,Basic,50,1,1741709923000000000
8707,2025-03-04 15:57:09,Ads,USA,3,9.0,0,,,0,,,,0,1,1745942229000000000
8708,2025-01-07 10:23:59,Organic,India,7,31.5,1,3.0,2025-01-10 10:23:59,1,10.0,2025-01-17 10:23:59,Basic,50,0,
8709,2025-01-08 02:35:01,Organic,India,11,44.0,0,,,0,,,,0,1,1739068501000000000
8710,2025-01-06 04:56:53,Organic,Germany,4,12.0,1,2.0,2025-01-08 04:56:53,0,,,,0,1,1738990613000000000
8711,2025-02-14 12:25:00,Organic,UK,1,3.0,0,,,0,,,,0,1,1741004700000000000
8712,2025-03-02 19:01:57,Organic,UK,4,24.0,1,3.0,2025-03-05 19:01:57,0,,,,0,0,
8713,2025-01-22 17:44:26,Referral,India,6,18.0,0,,,0,,,,0,1,1740073466000000000
8714,2025-03-01 13:51:41,Ads,Germany,3,12.0,0,,,0,,,,0,1,1745157101000000000
8715,2025-03-01 06:40:32,Ads,USA,5,15.0,1,1.0,2025-03-02 06:40:32,0,,,,0,1,1745390432000000000
8716,2025-03-10 05:58:41,Organic,Canada,4,24.0,1,2.0,2025-03-12 05:58:41,0,,,,0,1,1745992721000000000
8717,2025-01-07 09:07:18,Ads,India,10,45.0,1,1.0,2025-01-08 09:07:18,0,,,,0,0,
8718,2025-02-23 08:50:08,Ads,India,4,8.0,0,,,0,,,,0,1,1742028608000000000
8719,2025-03-10 05:30:38,Ads,Germany,7,28.0,0,,,0,,,,0,0,
8720,2025-02-12 04:04:48,Organic,USA,5,30.0,1,3.0,2025-02-15 04:04:48,1,6.0,2025-02-18 04:04:48,Basic,50,0,
8721,2025-01-25 02:08:00,Referral,Canada,6,36.0,1,3.0,2025-01-28 02:08:00,0,,,,0,0,
8722,2025-01-01 00:03:35,Organic,India,3,6.0,0,,,0,,,,0,1,1740528215000000000
8723,2025-02-22 19:14:11,Referral,USA,6,36.0,1,1.0,2025-02-23 19:14:11,1,7.0,2025-03-01 19:14:11,Basic,50,0,
8724,2025-02-03 12:11:47,Organic,Canada,6,24.0,0,,,0,,,,0,1,1741522307000000000
8725,2025-02-28 10:37:05,Organic,USA,5,15.0,1,1.0,2025-03-01 10:37:05,0,,,,0,0,
8726,2025-02-06 16:26:02,Organic,UK,7,42.0,1,2.0,2025-02-08 16:26:02,0,,,,0,0,
8727,2025-03-30 09:17:30,Ads,India,6,18.0,0,,,0,,,,0,1,1748423850000000000
8728,2025-01-12 18:36:15,Organic,India,7,14.0,0,,,0,,,,0,0,
8729,2025-01-04 03:42:24,Referral,India,8,32.0,0,,,0,,,,0,1,1737603744000000000
8730,2025-01-07 04:30:33,Referral,USA,3,18.0,1,3.0,2025-01-10 04:30:33,0,,,,0,0,
8731,2025-03-03 01:46:16,Ads,Canada,6,18.0,1,2.0,2025-03-05 01:46:16,0,,,,0,1,1744163176000000000
8732,2025-03-08 05:18:46,Ads,India,0,0.0,0,,,0,,,,0,1,1743657526000000000
8733,2025-01-22 13:45:07,Ads,USA,4,24.0,1,1.0,2025-01-23 13:45:07,0,,,,0,0,
8734,2025-01-10 10:17:41,Ads,Canada,7,21.0,1,3.0,2025-01-13 10:17:41,1,10.0,2025-01-20 10:17:41,Basic,50,0,
8735,2025-01-31 04:17:01,Organic,India,3,9.0,1,2.0,2025-02-02 04:17:01,1,11.0,2025-02-11 04:17:01,Basic,50,0,
8736,2025-01-16 05:38:23,Ads,Canada,3,9.0,1,3.0,2025-01-19 05:38:23,0,,,,0,0,
8737,2025-01-11 16:13:21,Referral,Germany,7,42.0,1,1.0,2025-01-12 16:13:21,1,9.0,2025-01-20 16:13:21,Basic,50,0,
8738,2025-02-24 11:45:26,Organic,India,4,24.0,1,1.0,2025-02-25 11:45:26,0,,,,0,0,
8739,2025-01-13 23:08:33,Referral,India,3,9.0,0,,,0,,,,0,1,1739833713000000000
8740,2025-01-21 23:42:33,Organic,India,3,18.0,1,2.0,2025-01-23 23:42:33,0,,,,0,1,1739230953000000000
8741,2025-02-23 03:34:47,Organic,UK,3,18.0,1,1.0,2025-02-24 03:34:47,0,,,,0,1,1742614487000000000
8742,2025-03-22 09:16:32,Organic,India,7,21.0,1,1.0,2025-03-23 09:16:32,0,,,,0,1,1746263792000000000
8743,2025-02-28 22:49:48,Organic,UK,5,10.0,0,,,0,,,,0,1,1742683788000000000
8744,2025-02-23 23:45:59,Referral,USA,5,30.0,1,2.0,2025-02-25 23:45:59,1,10.0,2025-03-05 23:45:59,Basic,50,1,1743896759000000000
8745,2025-03-22 13:22:25,Referral,Canada,8,32.0,0,,,0,,,,0,0,
8746,2025-02-21 05:33:41,Ads,Canada,6,18.0,1,1.0,2025-02-22 05:33:41,0,,,,0,1,1743744821000000000
8747,2025-03-11 15:05:48,Referral,Germany,4,12.0,1,2.0,2025-03-13 15:05:48,0,,,,0,1,1746543948000000000
8748,2025-02-10 06:34:24,Organic,India,6,27.0,1,1.0,2025-02-11 06:34:24,0,,,,0,1,1742884464000000000
8749,2025-02-10 23:06:12,Organic,India,6,18.0,1,3.0,2025-02-13 23:06:12,0,,,,0,1,1740524772000000000
8750,2025-02-18 01:45:14,Ads,India,7,31.5,1,1.0,2025-02-19 01:45:14,0,,,,0,1,1742262314000000000
8751,2025-03-29 10:08:38,Referral,USA,7,42.0,1,3.0,2025-04-01 10:08:38,1,13.0,2025-04-11 10:08:38,Basic,50,0,
8752,2025-01-31 18:28:12,Organic,USA,7,31.5,1,2.0,2025-02-02 18:28:12,0,,,,0,1,1741372092000000000
8753,2025-02-23 18:21:29,Referral,Germany,8,36.0,1,3.0,2025-02-26 18:21:29,1,14.0,2025-03-09 18:21:29,Pro,120,0,
8754,2025-01-25 19:19:44,Ads,Canada,4,12.0,1,2.0,2025-01-27 19:19:44,1,10.0,2025-02-04 19:19:44,Basic,50,1,1742671184000000000
8755,2025-01-06 20:15:10,Referral,India,4,12.0,1,2.0,2025-01-08 20:15:10,0,,,,0,1,1739736910000000000
8756,2025-03-26 11:08:01,Organic,UK,7,21.0,1,3.0,2025-03-29 11:08:01,0,,,,0,1,1747566481000000000
8757,2025-02-09 19:59:18,Organic,India,4,12.0,1,2.0,2025-02-11 19:59:18,0,,,,0,1,1742155158000000000
8758,2025-03-24 19:27:49,Ads,India,5,15.0,1,3.0,2025-03-27 19:27:49,0,,,,0,1,1745522869000000000
8759,2025-01-08 05:04:50,Ads,Canada,0,0.0,0,,,0,,,,0,1,1739941490000000000
8760,2025-01-24 11:42:21,Organic,Germany,5,30.0,1,1.0,2025-01-25 11:42:21,0,,,,0,1,1741520541000000000
8761,2025-02-04 22:11:05,Referral,India,6,36.0,1,1.0,2025-02-05 22:11:05,1,7.0,2025-02-11 22:11:05,Basic,50,1,1742249465000000000
8762,2025-03-29 15:59:29,Referral,Canada,7,14.0,0,,,0,,,,0,1,1746201569000000000
8763,2025-03-28 22:54:49,Organic,Canada,6,27.0,1,3.0,2025-03-31 22:54:49,1,11.0,2025-04-08 22:54:49,Pro,120,0,
8764,2025-01-30 05:55:15,Organic,India,6,27.0,1,3.0,2025-02-02 05:55:15,1,10.0,2025-02-09 05:55:15,Pro,120,0,
8765,2025-01-28 19:15:14,Organic,India,4,18.0,1,1.0,2025-01-29 19:15:14,0,,,,0,0,
8766,2025-03-12 22:42:14,Organic,UK,2,9.0,1,1.0,2025-03-13 22:42:14,0,,,,0,0,
8767,2025-02-10 06:36:39,Ads,Canada,5,10.0,0,,,0,,,,0,1,1740810999000000000
8768,2025-01-21 11:33:37,Organic,India,5,15.0,0,,,0,,,,0,1,1742211217000000000
8769,2025-01-29 05:26:01,Ads,India,4,12.0,0,,,0,,,,0,1,1742361961000000000
8770,2025-02-02 23:07:19,Ads,USA,4,8.0,0,,,0,,,,0,1,1743116839000000000
8771,2025-01-08 09:05:09,Organic,UK,5,22.5,1,2.0,2025-01-10 09:05:09,0,,,,0,0,
8772,2025-01-28 17:43:49,Ads,USA,6,36.0,1,3.0,2025-01-31 17:43:49,0,,,,0,0,
8773,2025-03-04 03:28:57,Organic,India,2,9.0,1,2.0,2025-03-06 03:28:57,0,,,,0,1,1745897337000000000
8774,2025-03-05 21:46:40,Organic,Canada,4,24.0,1,3.0,2025-03-08 21:46:40,0,,,,0,0,
8775,2025-03-28 08:11:47,Ads,USA,5,20.0,0,,,0,,,,0,1,1745741507000000000
8776,2025-01-11 04:33:52,Referral,Canada,6,18.0,1,1.0,2025-01-12 04:33:52,0,,,,0,0,
8777,2025-01-06 09:43:15,Organic,Germany,5,30.0,1,1.0,2025-01-07 09:43:15,0,,,,0,1,1738921395000000000
8778,2025-03-21 06:02:25,Organic,Canada,2,6.0,0,,,0,,,,0,0,
8779,2025-03-24 16:57:14,Organic,Germany,7,21.0,1,2.0,2025-03-26 16:57:14,0,,,,0,0,
8780,2025-03-14 01:55:40,Organic,Germany,7,42.0,1,1.0,2025-03-15 01:55:40,1,14.0,2025-03-28 01:55:40,Basic,50,0,
8781,2025-03-06 07:39:00,Organic,USA,7,42.0,1,2.0,2025-03-08 07:39:00,0,,,,0,0,
8782,2025-03-14 11:13:29,Ads,UK,4,16.0,0,,,0,,,,0,1,1744542809000000000
8783,2025-03-08 14:09:12,Organic,UK,5,30.0,1,1.0,2025-03-09 14:09:12,0,,,,0,0,
8784,2025-02-25 19:39:38,Referral,USA,2,9.0,1,1.0,2025-02-26 19:39:38,1,7.0,2025-03-04 19:39:38,Basic,50,0,
8785,2025-03-24 15:33:02,Organic,India,7,21.0,0,,,0,,,,0,0,
8786,2025-02-26 12:44:59,Referral,India,3,6.0,0,,,0,,,,0,1,1745325899000000000
8787,2025-02-15 14:20:25,Referral,India,2,4.0,0,,,0,,,,0,1,1743430825000000000
8788,2025-01-19 20:40:18,Ads,India,5,30.0,1,3.0,2025-01-22 20:40:18,0,,,,0,0,
8789,2025-02-09 01:26:15,Organic,India,5,22.5,1,1.0,2025-02-10 01:26:15,1,7.0,2025-02-16 01:26:15,Basic,50,1,1742520375000000000
8790,2025-01-26 08:20:02,Ads,Germany,2,9.0,1,1.0,2025-01-27 08:20:02,0,,,,0,0,
8791,2025-02-04 15:29:09,Ads,USA,5,20.0,0,,,1,9.0,2025-02-13 15:29:09,Basic,50,1,1743694149000000000
8792,2025-03-11 06:02:39,Referral,India,7,21.0,1,3.0,2025-03-14 06:02:39,0,,,,0,0,
8793,2025-03-09 04:47:19,Ads,USA,4,24.0,1,1.0,2025-03-10 04:47:19,0,,,,0,1,1745729239000000000
8794,2025-01-15 09:08:42,Organic,India,6,18.0,1,2.0,2025-01-17 09:08:42,0,,,,0,1,1740647322000000000
8795,2025-01-30 17:21:41,Referral,Canada,7,31.5,1,2.0,2025-02-01 17:21:41,0,,,,0,1,1740590501000000000
8796,2025-03-24 06:16:39,Referral,India,4,24.0,1,2.0,2025-03-26 06:16:39,0,,,,0,1,1746252999000000000
8797,2025-02-28 14:01:36,Ads,India,4,8.0,0,,,0,,,,0,1,1742738496000000000
8798,2025-01-12 04:25:25,Referral,Canada,4,12.0,1,3.0,2025-01-15 04:25:25,0,,,,0,0,
8799,2025-02-16 06:32:16,Ads,USA,4,12.0,1,3.0,2025-02-19 06:32:16,0,,,,0,1,1742625136000000000
8800,2025-01-16 00:29:36,Ads,Canada,6,24.0,0,,,0,,,,0,1,1740270576000000000
8801,2025-02-26 22:37:11,Ads,USA,8,48.0,1,1.0,2025-02-27 22:37:11,0,,,,0,0,
8802,2025-01-24 15:00:15,Ads,India,6,18.0,0,,,0,,,,0,1,1742223615000000000
8803,2025-03-30 12:03:58,Organic,USA,8,24.0,1,3.0,2025-04-02 12:03:58,0,,,,0,1,1746101038000000000
8804,2025-03-07 22:37:58,Ads,India,5,30.0,1,3.0,2025-03-10 22:37:58,1,5.0,2025-03-12 22:37:58,Basic,50,0,
8805,2025-03-20 09:54:26,Ads,India,4,16.0,0,,,0,,,,0,1,1746438866000000000
8806,2025-01-21 22:01:57,Organic,India,5,15.0,0,,,0,,,,0,0,
8807,2025-02-12 20:29:50,Organic,Canada,3,6.0,0,,,0,,,,0,1,1743712190000000000
8808,2025-02-13 15:48:08,Ads,UK,6,36.0,1,2.0,2025-02-15 15:48:08,0,,,,0,1,1744300088000000000
8809,2025-01-18 04:08:22,Ads,India,7,42.0,1,3.0,2025-01-21 04:08:22,1,5.0,2025-01-23 04:08:22,Basic,50,1,1739851702000000000
8810,2025-03-05 01:11:23,Organic,India,2,8.0,0,,,0,,,,0,0,
8811,2025-03-10 13:23:46,Referral,Germany,3,12.0,0,,,0,,,,0,0,
8812,2025-02-27 01:01:16,Referral,India,4,18.0,1,2.0,2025-03-01 01:01:16,0,,,,0,1,1743642076000000000
8813,2025-02-14 23:36:53,Organic,USA,2,9.0,1,3.0,2025-02-17 23:36:53,0,,,,0,1,1741045013000000000
8814,2025-02-16 10:00:42,Organic,USA,5,10.0,0,,,0,,,,0,1,1742896842000000000
8815,2025-02-19 19:34:43,Referral,UK,1,4.5,1,3.0,2025-02-22 19:34:43,0,,,,0,1,1743622483000000000
8816,2025-03-02 21:30:37,Referral,India,3,6.0,0,,,1,10.0,2025-03-12 21:30:37,Basic,50,0,
8817,2025-02-08 06:01:00,Organic,Germany,2,6.0,1,3.0,2025-02-11 06:01:00,0,,,,0,1,1740981660000000000
8818,2025-02-23 18:39:46,Organic,USA,6,36.0,1,2.0,2025-02-25 18:39:46,1,8.0,2025-03-03 18:39:46,Pro,120,1,1744742386000000000
8819,2025-01-04 20:50:48,Organic,India,3,18.0,1,2.0,2025-01-06 20:50:48,0,,,,0,1,1740948648000000000
8820,2025-03-08 05:04:33,Ads,India,3,18.0,1,3.0,2025-03-11 05:04:33,0,,,,0,1,1744434273000000000
8821,2025-01-08 15:44:00,Organic,India,7,21.0,1,2.0,2025-01-10 15:44:00,0,,,,0,0,
8822,2025-01-14 19:31:42,Ads,India,9,54.0,1,3.0,2025-01-17 19:31:42,0,,,,0,1,1741894302000000000
8823,2025-03-13 04:42:05,Organic,Germany,2,12.0,1,3.0,2025-03-16 04:42:05,0,,,,0,1,1744000925000000000
8824,2025-03-23 04:28:31,Referral,India,4,18.0,1,1.0,2025-03-24 04:28:31,0,,,,0,0,
8825,2025-02-08 12:56:22,Organic,Canada,5,22.5,1,2.0,2025-02-10 12:56:22,1,12.0,2025-02-20 12:56:22,Basic,50,1,1743166582000000000
8826,2025-03-21 08:40:25,Ads,USA,7,31.5,1,2.0,2025-03-23 08:40:25,0,,,,0,0,
8827,2025-03-01 05:09:36,Referral,India,5,22.5,1,3.0,2025-03-04 05:09:36,0,,,,0,1,1745557776000000000
8828,2025-01-09 17:43:01,Organic,India,5,15.0,1,2.0,2025-01-11 17:43:01,0,,,,0,1,1738518181000000000
8829,2025-01-05 09:55:25,Organic,USA,4,24.0,1,2.0,2025-01-07 09:55:25,1,7.0,2025-01-12 09:55:25,Basic,50,0,
8830,2025-01-10 09:58:46,Ads,UK,3,13.5,1,2.0,2025-01-12 09:58:46,0,,,,0,1,1738490326000000000
8831,2025-01-12 03:39:04,Organic,Canada,8,24.0,1,2.0,2025-01-14 03:39:04,0,,,,0,0,
8832,2025-01-29 01:54:22,Referral,UK,6,18.0,1,3.0,2025-02-01 01:54:22,0,,,,0,1,1739498062000000000
8833,2025-03-28 17:58:15,Organic,USA,10,40.0,0,,,0,,,,0,0,
8834,2025-03-11 19:10:13,Organic,India,8,16.0,0,,,0,,,,0,0,
8835,2025-02-26 11:04:34,Referral,Germany,4,8.0,0,,,0,,,,0,1,1742727874000000000
8836,2025-01-08 00:15:51,Ads,Germany,4,12.0,1,1.0,2025-01-09 00:15:51,0,,,,0,1,1738109751000000000
8837,2025-01-21 02:56:54,Ads,India,6,27.0,1,1.0,2025-01-22 02:56:54,0,,,,0,1,1739501814000000000
8838,2025-02-09 17:25:38,Organic,India,7,31.5,1,1.0,2025-02-10 17:25:38,0,,,,0,0,
8839,2025-01-06 11:34:16,Organic,UK,5,22.5,1,1.0,2025-01-07 11:34:16,0,,,,0,0,
8840,2025-01-12 02:12:59,Referral,UK,4,16.0,0,,,0,,,,0,1,1741745579000000000
8841,2025-03-02 23:36:01,Organic,USA,8,48.0,1,1.0,2025-03-03 23:36:01,0,,,,0,0,
8842,2025-03-02 23:07:14,Organic,USA,8,32.0,0,,,0,,,,0,1,1743548834000000000
8843,2025-02-25 16:38:09,Organic,Canada,8,36.0,1,2.0,2025-02-27 16:38:09,0,,,,0,1,1743007089000000000
8844,2025-02-03 14:04:44,Organic,India,9,27.0,1,1.0,2025-02-04 14:04:44,0,,,,0,1,1740405884000000000
8845,2025-03-27 16:46:56,Ads,USA,5,15.0,1,3.0,2025-03-30 16:46:56,0,,,,0,0,
8846,2025-02-16 14:39:47,Referral,India,2,12.0,1,1.0,2025-02-17 14:39:47,0,,,,0,1,1741876787000000000
8847,2025-03-10 03:47:32,Ads,India,5,30.0,1,2.0,2025-03-12 03:47:32,0,,,,0,1,1745725652000000000
8848,2025-03-24 14:59:40,Ads,Germany,2,9.0,1,3.0,2025-03-27 14:59:40,1,10.0,2025-04-03 14:59:40,Pro,120,1,1747407580000000000
8849,2025-03-15 05:29:41,Ads,USA,8,32.0,0,,,0,,,,0,1,1745213381000000000
8850,2025-03-25 17:51:32,Ads,Canada,2,9.0,1,2.0,2025-03-27 17:51:32,0,,,,0,0,
8851,2025-01-01 01:47:44,Ads,USA,6,36.0,1,3.0,2025-01-04 01:47:44,0,,,,0,1,1738720064000000000
8852,2025-01-19 09:30:26,Organic,Canada,1,3.0,1,3.0,2025-01-22 09:30:26,1,10.0,2025-01-29 09:30:26,Basic,50,1,1741512626000000000
8853,2025-02-13 02:52:10,Organic,USA,11,33.0,1,3.0,2025-02-16 02:52:10,0,,,,0,1,1743821530000000000
8854,2025-03-19 03:57:08,Referral,India,4,18.0,1,2.0,2025-03-21 03:57:08,0,,,,0,1,1745639828000000000
8855,2025-01-14 10:32:20,Organic,Canada,6,18.0,1,1.0,2025-01-15 10:32:20,1,7.0,2025-01-21 10:32:20,Pro,120,0,
8856,2025-01-17 10:06:07,Organic,India,4,12.0,1,2.0,2025-01-19 10:06:07,1,12.0,2025-01-29 10:06:07,Basic,50,1,1739700367000000000
8857,2025-02-11 19:39:23,Ads,USA,10,30.0,1,3.0,2025-02-14 19:39:23,0,,,,0,1,1741462763000000000
8858,2025-01-31 17:14:34,Ads,USA,5,22.5,1,2.0,2025-02-02 17:14:34,0,,,,0,1,1742318074000000000
8859,2025-01-22 05:44:28,Ads,India,2,12.0,1,2.0,2025-01-24 05:44:28,0,,,,0,1,1738820668000000000
8860,2025-01-22 08:17:57,Organic,India,1,6.0,1,1.0,2025-01-23 08:17:57,0,,,,0,1,1740471477000000000
8861,2025-03-17 01:34:31,Referral,UK,7,31.5,1,2.0,2025-03-19 01:34:31,1,6.0,2025-03-23 01:34:31,Basic,50,0,
8862,2025-03-09 00:23:53,Ads,India,3,18.0,1,1.0,2025-03-10 00:23:53,0,,,,0,0,
8863,2025-01-04 01:37:19,Referral,USA,6,18.0,1,1.0,2025-01-05 01:37:19,1,9.0,2025-01-13 01:37:19,Basic,50,0,
8864,2025-01-17 02:32:59,Organic,USA,6,18.0,1,3.0,2025-01-20 02:32:59,1,14.0,2025-01-31 02:32:59,Pro,120,1,1741314779000000000
8865,2025-01-25 00:44:19,Organic,India,6,18.0,1,1.0,2025-01-26 00:44:19,0,,,,0,1,1742258659000000000
8866,2025-03-01 17:45:45,Organic,UK,5,22.5,1,2.0,2025-03-03 17:45:45,0,,,,0,1,1742579145000000000
8867,2025-01-26 11:27:59,Organic,Canada,8,36.0,1,2.0,2025-01-28 11:27:59,0,,,,0,1,1740223679000000000
8868,2025-02-19 15:52:10,Organic,India,4,12.0,1,1.0,2025-02-20 15:52:10,0,,,,0,1,1742140330000000000
8869,2025-02-05 06:17:52,Organic,USA,4,12.0,0,,,0,,,,0,0,
8870,2025-03-04 21:47:36,Ads,India,4,12.0,0,,,0,,,,0,1,1742852856000000000
8871,2025-01-13 06:35:38,Ads,USA,6,27.0,1,2.0,2025-01-15 06:35:38,0,,,,0,1,1741674938000000000
8872,2025-03-15 04:52:38,Ads,USA,6,18.0,1,3.0,2025-03-18 04:52:38,0,,,,0,0,
8873,2025-01-17 03:48:22,Organic,India,11,33.0,0,,,0,,,,0,1,1739245702000000000
8874,2025-01-01 01:06:51,Organic,India,7,31.5,1,1.0,2025-01-02 01:06:51,0,,,,0,0,
8875,2025-01-23 17:45:24,Organic,USA,2,6.0,1,3.0,2025-01-26 17:45:24,0,,,,0,1,1741110324000000000
8876,2025-02-18 18:34:46,Organic,India,4,24.0,1,3.0,2025-02-21 18:34:46,1,13.0,2025-03-03 18:34:46,Basic,50,0,
8877,2025-03-29 06:06:35,Organic,India,9,27.0,1,3.0,2025-04-01 06:06:35,0,,,,0,1,1746684395000000000
8878,2025-03-14 17:06:41,Organic,Germany,2,4.0,0,,,0,,,,0,1,1746983201000000000
8879,2025-01-06 00:15:41,Referral,India,5,22.5,1,1.0,2025-01-07 00:15:41,1,6.0,2025-01-12 00:15:41,Basic,50,0,
8880,2025-03-08 20:32:44,Referral,USA,6,24.0,0,,,0,,,,0,1,1746563564000000000
8881,2025-02-06 21:53:07,Ads,India,8,36.0,1,1.0,2025-02-07 21:53:07,0,,,,0,1,1742507587000000000
8882,2025-02-01 08:24:45,Referral,Canada,6,18.0,0,,,0,,,,0,0,
8883,2025-03-20 20:51:25,Ads,India,4,16.0,0,,,0,,,,0,1,1745959885000000000
8884,2025-01-07 23:32:31,Referral,India,4,16.0,0,,,0,,,,0,0,
8885,2025-03-25 08:18:14,Ads,USA,2,6.0,1,1.0,2025-03-26 08:18:14,0,,,,0,1,1746433094000000000
8886,2025-01-22 02:28:47,Ads,Canada,5,15.0,1,2.0,2025-01-24 02:28:47,1,14.0,2025-02-05 02:28:47,Basic,50,0,
8887,2025-03-27 08:00:01,Ads,Canada,5,15.0,1,2.0,2025-03-29 08:00:01,0,,,,0,0,
8888,2025-03-19 02:18:49,Organic,India,11,49.5,1,3.0,2025-03-22 02:18:49,0,,,,0,0,
8889,2025-02-15 10:40:49,Ads,Canada,5,22.5,1,1.0,2025-02-16 10:40:49,0,,,,0,1,1744454449000000000
8890,2025-03-27 05:45:32,Referral,UK,3,12.0,0,,,0,,,,0,0,
8891,2025-03-11 04:43:16,Ads,Germany,6,36.0,1,1.0,2025-03-12 04:43:16,1,9.0,2025-03-20 04:43:16,Pro,120,0,
8892,2025-03-26 07:43:07,Organic,Germany,6,18.0,1,1.0,2025-03-27 07:43:07,0,,,,0,0,
8893,2025-03-17 11:51:33,Organic,USA,2,9.0,1,2.0,2025-03-19 11:51:33,1,10.0,2025-03-27 11:51:33,Basic,50,1,1746964293000000000
8894,2025-01-22 07:11:17,Referral,UK,2,8.0,0,,,0,,,,0,1,1739344277000000000
8895,2025-03-01 01:19:27,Referral,USA,4,12.0,1,1.0,2025-03-02 01:19:27,0,,,,0,1,1745543967000000000
8896,2025-02-22 02:05:28,Organic,USA,8,24.0,0,,,1,5.0,2025-02-27 02:05:28,Pro,120,0,
8897,2025-02-19 20:45:07,Referral,India,3,9.0,1,1.0,2025-02-20 20:45:07,0,,,,0,1,1744922707000000000
8898,2025-03-04 07:04:32,Referral,India,5,30.0,1,2.0,2025-03-06 07:04:32,1,9.0,2025-03-13 07:04:32,Basic,50,0,
8899,2025-03-15 09:24:05,Organic,India,6,27.0,1,3.0,2025-03-18 09:24:05,1,10.0,2025-03-25 09:24:05,Basic,50,1,1743413045000000000
8900,2025-02-21 10:41:50,Referral,Germany,7,21.0,1,1.0,2025-02-22 10:41:50,0,,,,0,0,
8901,2025-01-09 11:13:56,Organic,India,4,12.0,1,1.0,2025-01-10 11:13:56,0,,,,0,1,1737890036000000000
8902,2025-02-25 00:41:29,Ads,India,6,18.0,1,1.0,2025-02-26 00:41:29,0,,,,0,0,
8903,2025-03-17 00:18:13,Ads,India,8,24.0,0,,,0,,,,0,1,1743553093000000000
8904,2025-01-08 22:38:10,Ads,USA,3,9.0,1,3.0,2025-01-11 22:38:10,1,9.0,2025-01-17 22:38:10,Basic,50,0,
8905,2025-01-21 09:12:49,Ads,Germany,1,4.0,0,,,0,,,,0,1,1740042769000000000
8906,2025-03-29 10:18:45,Organic,UK,4,12.0,0,,,1,14.0,2025-04-12 10:18:45,Pro,120,0,
8907,2025-03-11 22:48:12,Referral,India,5,30.0,1,2.0,2025-03-13 22:48:12,0,,,,0,0,
8908,2025-01-21 14:40:32,Referral,Germany,4,12.0,1,1.0,2025-01-22 14:40:32,0,,,,0,0,
8909,2025-02-07 05:31:02,Ads,India,6,27.0,1,1.0,2025-02-08 05:31:02,0,,,,0,1,1742707862000000000
8910,2025-03-21 12:46:14,Organic,Germany,5,15.0,0,,,0,,,,0,1,1744202774000000000
8911,2025-01-28 08:53:45,Organic,India,5,30.0,1,1.0,2025-01-29 08:53:45,0,,,,0,1,1741683225000000000
8912,2025-02-15 09:33:00,Organic,UK,10,30.0,1,1.0,2025-02-16 09:33:00,0,,,,0,1,1744536780000000000
8913,2025-01-29 09:38:14,Referral,India,9,40.5,1,2.0,2025-01-31 09:38:14,0,,,,0,0,
8914,2025-02-27 07:31:26,Organic,Germany,5,15.0,1,3.0,2025-03-02 07:31:26,1,6.0,2025-03-05 07:31:26,Pro,120,1,1744875086000000000
8915,2025-01-26 05:35:39,Referral,India,8,16.0,0,,,0,,,,0,0,
8916,2025-02-13 01:06:34,Referral,India,7,21.0,0,,,0,,,,0,0,
8917,2025-02-08 00:08:57,Ads,Canada,2,4.0,0,,,0,,,,0,0,
8918,2025-01-17 13:57:52,Ads,India,8,36.0,1,2.0,2025-01-19 13:57:52,0,,,,0,1,1742219872000000000
8919,2025-01-07 12:42:54,Ads,UK,5,20.0,0,,,0,,,,0,1,1739364174000000000
8920,2025-01-19 18:42:43,Ads,UK,5,30.0,1,3.0,2025-01-22 18:42:43,0,,,,0,1,1740768163000000000
8921,2025-03-09 15:12:44,Organic,USA,8,36.0,1,1.0,2025-03-10 15:12:44,0,,,,0,1,1746544364000000000
8922,2025-03-09 19:10:46,Referral,India,4,18.0,1,1.0,2025-03-10 19:10:46,0,,,,0,1,1743361846000000000
8923,2025-03-21 04:17:03,Ads,Germany,3,6.0,0,,,0,,,,0,0,
8924,2025-01-30 06:21:14,Ads,Canada,5,15.0,0,,,0,,,,0,1,1739600474000000000
8925,2025-01-26 13:18:48,Ads,USA,1,4.0,0,,,0,,,,0,1,1739625528000000000
8926,2025-02-13 15:37:40,Organic,India,6,12.0,0,,,0,,,,0,0,
8927,2025-01-29 12:53:16,Organic,India,6,24.0,0,,,0,,,,0,0,
8928,2025-03-28 06:30:25,Referral,India,7,42.0,1,3.0,2025-03-31 06:30:25,0,,,,0,1,1745303425000000000
8929,2025-02-20 23:38:33,Organic,USA,3,18.0,1,2.0,2025-02-22 23:38:33,1,14.0,2025-03-06 23:38:33,Basic,50,1,1743809913000000000
8930,2025-03-04 16:01:36,Ads,Canada,2,6.0,1,1.0,2025-03-05 16:01:36,0,,,,0,0,
8931,2025-01-17 08:46:07,Organic,UK,7,28.0,0,,,0,,,,0,1,1740991567000000000
8932,2025-02-09 05:06:30,Organic,UK,3,12.0,0,,,0,,,,0,0,
8933,2025-02-24 17:13:09,Organic,USA,9,54.0,1,3.0,2025-02-27 17:13:09,0,,,,0,1,1743700389000000000
8934,2025-02-07 15:17:10,Referral,India,5,22.5,1,1.0,2025-02-08 15:17:10,1,14.0,2025-02-21 15:17:10,Basic,50,1,1741533430000000000
8935,2025-02-28 15:20:47,Ads,UK,4,24.0,1,3.0,2025-03-03 15:20:47,0,,,,0,1,1743520847000000000
8936,2025-03-21 08:36:44,Ads,UK,7,14.0,0,,,0,,,,0,1,1744360604000000000
8937,2025-02-09 11:31:37,Referral,UK,6,18.0,0,,,0,,,,0,0,
8938,2025-01-20 11:29:38,Organic,India,8,48.0,1,3.0,2025-01-23 11:29:38,0,,,,0,1,1741692578000000000
8939,2025-02-05 13:55:26,Organic,USA,4,18.0,1,3.0,2025-02-08 13:55:26,0,,,,0,1,1742651726000000000
8940,2025-03-22 04:42:42,Ads,India,2,6.0,1,3.0,2025-03-25 04:42:42,0,,,,0,1,1745556162000000000
8941,2025-01-31 07:33:42,Ads,India,3,13.5,1,1.0,2025-02-01 07:33:42,1,9.0,2025-02-09 07:33:42,Basic,50,1,1740296022000000000
8942,2025-01-23 09:42:52,Organic,UK,3,6.0,0,,,0,,,,0,1,1739180572000000000
8943,2025-03-16 01:21:37,Referral,India,6,36.0,1,1.0,2025-03-17 01:21:37,0,,,,0,0,
8944,2025-02-22 21:04:32,Referral,Germany,6,27.0,1,2.0,2025-02-24 21:04:32,0,,,,0,1,1744837472000000000
8945,2025-01-29 01:02:32,Organic,India,8,36.0,1,1.0,2025-01-30 01:02:32,1,8.0,2025-02-06 01:02:32,Basic,50,0,
8946,2025-03-23 02:38:14,Organic,USA,5,15.0,1,2.0,2025-03-25 02:38:14,0,,,,0,0,
8947,2025-03-20 09:28:38,Referral,Canada,5,30.0,1,1.0,2025-03-21 09:28:38,0,,,,0,0,
8948,2025-02-07 07:00:18,Organic,USA,7,21.0,1,2.0,2025-02-09 07:00:18,0,,,,0,0,
8949,2025-03-27 14:37:45,Organic,Canada,5,15.0,0,,,0,,,,0,0,
8950,2025-01-22 13:07:43,Ads,UK,6,12.0,0,,,0,,,,0,0,
8951,2025-03-04 01:59:58,Organic,Germany,9,27.0,1,2.0,2025-03-06 01:59:58,0,,,,0,1,1743040798000000000
8952,2025-03-22 21:46:57,Organic,India,7,42.0,1,1.0,2025-03-23 21:46:57,0,,,,0,1,1746827217000000000
8953,2025-01-13 04:08:10,Organic,India,4,12.0,0,,,0,,,,0,1,1739938090000000000
8954,2025-02-03 16:21:26,Ads,USA,6,18.0,1,1.0,2025-02-04 16:21:26,0,,,,0,1,1742746886000000000
8955,2025-01-01 13:49:28,Ads,UK,3,18.0,1,3.0,2025-01-04 13:49:28,0,,,,0,1,1737812968000000000
8956,2025-02-10 00:00:00,Organic,USA,7,31.5,1,3.0,2025-02-13 00:00:00,1,5.0,2025-02-15 00:00:00,Basic,50,1,1743984000000000000
8957,2025-03-07 11:08:44,Organic,India,2,12.0,1,2.0,2025-03-09 11:08:44,1,7.0,2025-03-14 11:08:44,Basic,50,0,
8958,2025-03-01 19:22:53,Ads,India,3,18.0,1,3.0,2025-03-04 19:22:53,0,,,,0,1,1745695373000000000
8959,2025-03-15 18:42:59,Referral,India,6,24.0,0,,,0,,,,0,1,1744915379000000000
8960,2025-02-13 17:31:11,Referral,UK,3,13.5,1,2.0,2025-02-15 17:31:11,1,7.0,2025-02-20 17:31:11,Basic,50,0,
8961,2025-01-27 04:45:57,Organic,India,3,9.0,0,,,0,,,,0,0,
8962,2025-01-25 07:25:26,Ads,India,7,42.0,1,2.0,2025-01-27 07:25:26,0,,,,0,1,1742887526000000000
8963,2025-01-02 08:42:49,Ads,India,2,6.0,0,,,1,6.0,2025-01-08 08:42:49,Basic,50,1,1737880969000000000
8964,2025-01-04 10:39:02,Referral,UK,2,12.0,1,1.0,2025-01-05 10:39:02,0,,,,0,1,1740479942000000000
8965,2025-01-30 05:44:57,Ads,Canada,4,16.0,0,,,0,,,,0,1,1742363097000000000
8966,2025-02-07 23:25:21,Organic,USA,5,15.0,1,3.0,2025-02-10 23:25:21,0,,,,0,1,1740266721000000000
8967,2025-03-07 03:29:33,Ads,India,5,22.5,1,3.0,2025-03-10 03:29:33,0,,,,0,1,1746242973000000000
8968,2025-02-27 10:06:12,Organic,India,3,12.0,0,,,0,,,,0,1,1743674772000000000
8969,2025-03-04 20:09:33,Organic,USA,5,30.0,1,2.0,2025-03-06 20:09:33,0,,,,0,1,1745093373000000000
8970,2025-03-21 17:26:19,Ads,USA,3,9.0,1,1.0,2025-03-22 17:26:19,0,,,,0,0,
8971,2025-03-12 01:24:32,Referral,USA,6,12.0,0,,,0,,,,0,0,
8972,2025-01-11 18:01:04,Organic,Germany,5,30.0,1,3.0,2025-01-14 18:01:04,0,,,,0,1,1738778464000000000
8973,2025-03-10 09:15:53,Ads,Germany,6,36.0,1,3.0,2025-03-13 09:15:53,0,,,,0,0,
8974,2025-02-17 00:33:54,Organic,India,1,2.0,0,,,0,,,,0,0,
8975,2025-02-27 10:11:10,Referral,India,5,15.0,1,3.0,2025-03-02 10:11:10,1,11.0,2025-03-10 10:11:10,Pro,120,1,1745057470000000000
8976,2025-03-17 07:55:26,Ads,India,4,18.0,1,1.0,2025-03-18 07:55:26,0,,,,0,1,1744962926000000000
8977,2025-02-23 03:55:21,Organic,USA,3,9.0,1,1.0,2025-02-24 03:55:21,0,,,,0,0,
8978,2025-01-11 18:49:35,Organic,USA,1,3.0,0,,,0,,,,0,0,
8979,2025-03-07 10:02:51,Organic,UK,6,18.0,1,2.0,2025-03-09 10:02:51,0,,,,0,0,
8980,2025-03-08 10:02:31,Organic,India,6,36.0,1,1.0,2025-03-09 10:02:31,1,11.0,2025-03-19 10:02:31,Pro,120,1,1745143351000000000
8981,2025-01-29 13:08:31,Organic,Canada,13,58.5,1,3.0,2025-02-01 13:08:31,0,,,,0,0,
8982,2025-02-08 03:29:44,Ads,USA,6,27.0,1,1.0,2025-02-09 03:29:44,0,,,,0,1,1742873384000000000
8983,2025-02-04 09:27:59,Organic,Germany,10,60.0,1,3.0,2025-02-07 09:27:59,1,8.0,2025-02-12 09:27:59,Basic,50,1,1740734879000000000
8984,2025-02-28 08:27:58,Ads,UK,5,30.0,1,1.0,2025-03-01 08:27:58,0,,,,0,0,
8985,2025-03-16 11:36:29,Organic,UK,3,9.0,1,3.0,2025-03-19 11:36:29,0,,,,0,1,1743507389000000000
8986,2025-03-28 02:23:22,Ads,India,5,15.0,0,,,0,,,,0,0,
8987,2025-03-27 21:43:55,Organic,UK,3,18.0,1,3.0,2025-03-30 21:43:55,1,8.0,2025-04-04 21:43:55,Basic,50,0,
8988,2025-02-17 20:30:08,Organic,India,2,6.0,0,,,0,,,,0,0,
8989,2025-03-29 04:19:11,Ads,UK,5,22.5,1,2.0,2025-03-31 04:19:11,0,,,,0,0,
8990,2025-01-15 10:52:29,Organic,India,9,27.0,1,2.0,2025-01-17 10:52:29,1,7.0,2025-01-22 10:52:29,Basic,50,1,1741603949000000000
8991,2025-01-31 01:58:18,Referral,India,3,9.0,0,,,0,,,,0,0,
8992,2025-01-08 19:52:17,Ads,India,1,3.0,1,3.0,2025-01-11 19:52:17,0,,,,0,1,1738871537000000000
8993,2025-01-24 10:05:53,Ads,India,4,18.0,1,1.0,2025-01-25 10:05:53,0,,,,0,0,
8994,2025-03-05 04:50:06,Organic,India,7,31.5,1,1.0,2025-03-06 04:50:06,0,,,,0,1,1742532606000000000
8995,2025-01-25 06:20:19,Organic,Germany,2,6.0,0,,,0,,,,0,1,1742710819000000000
8996,2025-03-24 22:34:25,Organic,India,6,18.0,1,1.0,2025-03-25 22:34:25,1,7.0,2025-03-31 22:34:25,Basic,50,0,
8997,2025-02-13 07:41:58,Ads,UK,6,18.0,1,1.0,2025-02-14 07:41:58,0,,,,0,0,
8998,2025-02-19 14:41:16,Organic,India,2,9.0,1,2.0,2025-02-21 14:41:16,0,,,,0,1,1742568076000000000
8999,2025-02-26 07:28:14,Organic,USA,8,48.0,1,3.0,2025-03-01 07:28:14,0,,,,0,1,1743924494000000000
9000,2025-01-07 07:12:24,Organic,India,2,8.0,0,,,0,,,,0,1,1740294744000000000
9001,2025-01-14 17:43:50,Organic,India,4,16.0,0,,,0,,,,0,1,1740505430000000000
9002,2025-01-13 18:45:15,Organic,India,4,16.0,0,,,0,,,,0,1,1740077115000000000
9003,2025-01-01 13:30:39,Organic,USA,7,42.0,1,3.0,2025-01-04 13:30:39,1,10.0,2025-01-11 13:30:39,Basic,50,0,
9004,2025-01-30 12:23:26,Organic,India,5,22.5,1,1.0,2025-01-31 12:23:26,1,8.0,2025-02-07 12:23:26,Pro,120,0,
9005,2025-03-19 21:38:33,Organic,Germany,9,54.0,1,1.0,2025-03-20 21:38:33,0,,,,0,1,1745703513000000000
9006,2025-03-23 22:21:20,Organic,USA,8,48.0,1,1.0,2025-03-24 22:21:20,1,13.0,2025-04-05 22:21:20,Basic,50,1,1746656480000000000
9007,2025-01-07 21:44:42,Ads,Canada,8,24.0,0,,,0,,,,0,1,1738532682000000000
9008,2025-02-22 08:41:45,Organic,Germany,4,24.0,1,2.0,2025-02-24 08:41:45,0,,,,0,0,
9009,2025-02-03 16:32:24,Organic,UK,5,10.0,0,,,0,,,,0,1,1740414744000000000
9010,2025-01-22 18:16:04,Organic,Germany,7,42.0,1,3.0,2025-01-25 18:16:04,0,,,,0,0,
9011,2025-02-20 15:45:51,Organic,India,4,16.0,0,,,1,14.0,2025-03-06 15:45:51,Pro,120,1,1743608751000000000
9012,2025-01-29 07:22:18,Organic,Canada,8,36.0,1,3.0,2025-02-01 07:22:18,0,,,,0,1,1741591338000000000
9013,2025-02-26 08:33:56,Referral,India,5,10.0,0,,,0,,,,0,1,1742632436000000000
9014,2025-01-05 09:34:29,Referral,USA,5,22.5,1,1.0,2025-01-06 09:34:29,0,,,,0,0,
9015,2025-02-18 14:14:00,Organic,USA,6,12.0,0,,,0,,,,0,1,1743344040000000000
9016,2025-01-25 23:43:40,Referral,Germany,6,27.0,1,2.0,2025-01-27 23:43:40,0,,,,0,1,1739663020000000000
9017,2025-01-29 06:12:39,Organic,Germany,1,3.0,0,,,0,,,,0,1,1741414359000000000
9018,2025-02-03 17:55:51,Organic,India,13,39.0,1,1.0,2025-02-04 17:55:51,0,,,,0,0,
9019,2025-01-02 06:49:17,Referral,India,1,3.0,1,2.0,2025-01-04 06:49:17,0,,,,0,1,1740206957000000000
9020,2025-02-24 19:01:11,Referral,UK,5,10.0,0,,,0,,,,0,1,1745521271000000000
9021,2025-02-19 22:14:56,Referral,UK,3,9.0,1,1.0,2025-02-20 22:14:56,0,,,,0,1,1741558496000000000
9022,2025-02-26 04:28:07,Organic,India,6,36.0,1,3.0,2025-03-01 04:28:07,1,6.0,2025-03-04 04:28:07,Basic,50,0,
9023,2025-02-03 07:21:08,Organic,USA,2,8.0,0,,,0,,,,0,1,1741677668000000000
9024,2025-03-05 00:20:08,Ads,Canada,3,12.0,0,,,0,,,,0,1,1746231608000000000
9025,2025-01-10 07:53:37,Ads,UK,4,12.0,1,2.0,2025-01-12 07:53:37,0,,,,0,1,1738655617000000000
9026,2025-02-09 03:02:55,Organic,USA,4,24.0,1,1.0,2025-02-10 03:02:55,0,,,,0,1,1741575775000000000
9027,2025-03-13 12:00:56,Referral,UK,4,24.0,1,1.0,2025-03-14 12:00:56,1,10.0,2025-03-23 12:00:56,Basic,50,0,
9028,2025-03-12 02:12:11,Ads,USA,5,30.0,1,1.0,2025-03-13 02:12:11,0,,,,0,1,1744596731000000000
9029,2025-01-10 23:18:21,Organic,Germany,12,72.0,1,3.0,2025-01-13 23:18:21,0,,,,0,0,
9030,2025-03-30 10:47:51,Ads,USA,7,21.0,1,2.0,2025-04-01 10:47:51,0,,,,0,1,1745578071000000000
9031,2025-02-21 14:56:08,Ads,USA,3,9.0,0,,,0,,,,0,1,1743346568000000000
9032,2025-02-21 19:15:15,Organic,Canada,4,12.0,1,1.0,2025-02-22 19:15:15,1,11.0,2025-03-04 19:15:15,Basic,50,1,1744226115000000000
9033,2025-01-14 20:02:24,Referral,India,3,13.5,1,2.0,2025-01-16 20:02:24,0,,,,0,1,1739649744000000000
9034,2025-01-08 22:22:08,Organic,Germany,6,12.0,0,,,0,,,,0,0,
9035,2025-03-18 11:16:04,Organic,UK,3,6.0,0,,,0,,,,0,0,
9036,2025-01-05 19:42:41,Referral,Germany,4,24.0,1,2.0,2025-01-07 19:42:41,0,,,,0,1,1738438961000000000
9037,2025-02-19 03:24:31,Referral,India,5,30.0,1,2.0,2025-02-21 03:24:31,0,,,,0,0,
9038,2025-03-15 20:58:05,Referral,UK,7,21.0,1,2.0,2025-03-17 20:58:05,1,9.0,2025-03-24 20:58:05,Basic,50,0,
9039,2025-02-05 14:31:03,Referral,Canada,4,24.0,1,3.0,2025-02-08 14:31:03,0,,,,0,0,
9040,2025-03-08 04:49:14,Ads,UK,4,12.0,0,,,0,,,,0,1,1744606154000000000
9041,2025-03-29 06:15:48,Referral,India,7,31.5,1,3.0,2025-04-01 06:15:48,0,,,,0,1,1746252948000000000
9042,2025-01-21 11:29:21,Organic,India,6,36.0,1,1.0,2025-01-22 11:29:21,0,,,,0,1,1738927761000000000
9043,2025-03-24 19:53:26,Ads,USA,3,18.0,1,3.0,2025-03-27 19:53:26,0,,,,0,0,
9044,2025-02-25 13:43:56,Ads,USA,5,15.0,1,3.0,2025-02-28 13:43:56,0,,,,0,1,1744206236000000000
9045,2025-03-04 13:54:31,Organic,UK,8,16.0,0,,,0,,,,0,1,1744034071000000000
9046,2025-02-13 12:38:33,Ads,India,8,16.0,0,,,0,,,,0,1,1741178313000000000
9047,2025-03-09 09:52:44,Ads,Canada,6,36.0,1,1.0,2025-03-10 09:52:44,0,,,,0,1,1743587564000000000
9048,2025-03-22 05:22:24,Ads,USA,6,24.0,0,,,0,,,,0,1,1744694544000000000
9049,2025-01-08 05:35:13,Organic,India,6,18.0,1,2.0,2025-01-10 05:35:13,1,8.0,2025-01-16 05:35:13,Basic,50,0,
9050,2025-01-18 14:33:13,Referral,India,4,16.0,0,,,0,,,,0,1,1739716393000000000
9051,2025-01-11 14:59:59,Organic,USA,8,36.0,1,3.0,2025-01-14 14:59:59,0,,,,0,1,1738508399000000000
9052,2025-02-03 21:25:39,Organic,USA,2,9.0,1,2.0,2025-02-05 21:25:39,0,,,,0,1,1740432339000000000
9053,2025-01-24 12:56:04,Referral,USA,7,31.5,1,3.0,2025-01-27 12:56:04,0,,,,0,0,
9054,2025-03-27 08:09:16,Ads,UK,5,10.0,0,,,0,,,,0,1,1746000556000000000
9055,2025-03-24 20:00:17,Organic,India,8,24.0,1,1.0,2025-03-25 20:00:17,0,,,,0,1,1746475217000000000
9056,2025-01-05 13:39:28,Organic,Germany,5,15.0,0,,,0,,,,0,1,1740577168000000000
9057,2025-02-19 03:19:36,Ads,Germany,4,18.0,1,1.0,2025-02-20 03:19:36,0,,,,0,1,1741749576000000000
9058,2025-03-19 18:48:45,Referral,India,7,31.5,1,3.0,2025-03-22 18:48:45,0,,,,0,0,
9059,2025-01-03 21:14:24,Referral,Canada,7,28.0,0,,,0,,,,0,1,1737234864000000000
9060,2025-03-22 18:49:00,Ads,UK,7,31.5,1,2.0,2025-03-24 18:49:00,0,,,,0,0,
9061,2025-02-16 08:57:02,Organic,USA,7,31.5,1,2.0,2025-02-18 08:57:02,0,,,,0,0,
9062,2025-02-14 06:29:37,Organic,USA,4,8.0,0,,,0,,,,0,1,1741588177000000000
9063,2025-01-03 17:42:18,Organic,Canada,4,12.0,1,3.0,2025-01-06 17:42:18,0,,,,0,0,
9064,2025-03-21 12:26:59,Organic,Germany,8,48.0,1,2.0,2025-03-23 12:26:59,1,12.0,2025-04-02 12:26:59,Pro,120,0,
9065,2025-02-24 12:15:51,Organic,USA,2,9.0,1,1.0,2025-02-25 12:15:51,0,,,,0,1,1745237751000000000
9066,2025-03-27 19:20:23,Organic,India,11,33.0,1,3.0,2025-03-30 19:20:23,0,,,,0,0,
9067,2025-02-11 18:32:14,Ads,USA,2,8.0,0,,,0,,,,0,1,1741199534000000000
9068,2025-01-02 18:41:46,Organic,India,4,24.0,1,1.0,2025-01-03 18:41:46,0,,,,0,1,1738694506000000000
9069,2025-03-30 08:42:19,Ads,USA,5,30.0,1,3.0,2025-04-02 08:42:19,0,,,,0,1,1746348139000000000
9070,2025-02-08 15:55:52,Referral,Canada,4,12.0,1,2.0,2025-02-10 15:55:52,0,,,,0,1,1742226952000000000
9071,2025-03-18 17:50:04,Ads,India,4,12.0,0,,,0,,,,0,1,1744480204000000000
9072,2025-03-01 19:36:46,Ads,India,5,15.0,0,,,0,,,,0,0,
9073,2025-02-27 06:28:42,Ads,UK,5,22.5,1,1.0,2025-02-28 06:28:42,0,,,,0,1,1743575322000000000
9074,2025-01-10 13:45:50,Organic,India,3,18.0,1,3.0,2025-01-13 13:45:50,0,,,,0,0,
9075,2025-03-28 06:27:39,Organic,India,5,15.0,1,1.0,2025-03-29 06:27:39,1,11.0,2025-04-08 06:27:39,Basic,50,0,
9076,2025-01-21 16:20:52,Organic,UK,4,12.0,1,3.0,2025-01-24 16:20:52,1,7.0,2025-01-28 16:20:52,Basic,50,0,
9077,2025-03-18 03:54:30,Organic,Germany,6,27.0,1,3.0,2025-03-21 03:54:30,0,,,,0,1,1743825270000000000
9078,2025-03-27 09:17:06,Ads,UK,3,18.0,1,1.0,2025-03-28 09:17:06,0,,,,0,1,1747905426000000000
9079,2025-02-28 05:59:53,Referral,USA,1,3.0,0,,,1,6.0,2025-03-06 05:59:53,Basic,50,0,
9080,2025-03-03 14:31:15,Referral,USA,2,6.0,0,,,0,,,,0,1,1743345075000000000
9081,2025-02-22 12:14:17,Organic,India,7,28.0,0,,,0,,,,0,0,
9082,2025-01-01 11:42:17,Referral,Canada,7,31.5,1,3.0,2025-01-04 11:42:17,1,13.0,2025-01-14 11:42:17,Pro,120,0,
9083,2025-01-17 16:32:25,Organic,USA,3,12.0,0,,,0,,,,0,1,1740673945000000000
9084,2025-01-02 14:35:25,Referral,Germany,4,8.0,0,,,0,,,,0,0,
9085,2025-01-31 11:36:59,Organic,Germany,6,36.0,1,1.0,2025-02-01 11:36:59,1,9.0,2025-02-09 11:36:59,Basic,50,1,1740829019000000000
9086,2025-03-01 08:20:00,Organic,India,4,12.0,1,1.0,2025-03-02 08:20:00,0,,,,0,1,1742199600000000000
9087,2025-03-16 05:17:05,Organic,Germany,7,31.5,1,1.0,2025-03-17 05:17:05,1,13.0,2025-03-29 05:17:05,Basic,50,1,1744435025000000000
9088,2025-03-04 15:25:19,Referral,Germany,7,21.0,0,,,0,,,,0,0,
9089,2025-02-08 03:15:00,Organic,USA,5,22.5,1,3.0,2025-02-11 03:15:00,1,10.0,2025-02-18 03:15:00,Basic,50,0,
9090,2025-02-13 22:28:18,Organic,India,4,24.0,1,1.0,2025-02-14 22:28:18,0,,,,0,1,1744064898000000000
9091,2025-01-05 08:13:53,Referral,UK,8,48.0,1,1.0,2025-01-06 08:13:53,1,7.0,2025-01-12 08:13:53,Pro,120,1,1739693633000000000
9092,2025-03-01 21:34:24,Referral,India,4,12.0,1,1.0,2025-03-02 21:34:24,0,,,,0,1,1742765664000000000
9093,2025-03-08 21:03:37,Organic,USA,7,31.5,1,3.0,2025-03-11 21:03:37,1,8.0,2025-03-16 21:03:37,Pro,120,0,
9094,2025-02-10 23:15:30,Ads,India,5,30.0,1,2.0,2025-02-12 23:15:30,0,,,,0,0,
9095,2025-01-30 15:11:12,Organic,USA,8,36.0,1,3.0,2025-02-02 15:11:12,1,13.0,2025-02-12 15:11:12,Pro,120,1,1742397072000000000
9096,2025-01-21 01:50:35,Organic,Germany,6,18.0,0,,,0,,,,0,1,1740534635000000000
9097,2025-01-23 15:49:52,Organic,India,4,18.0,1,3.0,2025-01-26 15:49:52,1,8.0,2025-01-31 15:49:52,Basic,50,0,
9098,2025-02-28 04:47:07,Organic,UK,5,22.5,1,2.0,2025-03-02 04:47:07,0,,,,0,1,1745470027000000000
9099,2025-03-04 15:03:12,Ads,India,6,18.0,1,3.0,2025-03-07 15:03:12,1,8.0,2025-03-12 15:03:12,Basic,50,1,1745852592000000000
9100,2025-03-23 18:34:31,Ads,UK,5,15.0,1,2.0,2025-03-25 18:34:31,0,,,,0,1,1745174071000000000
9101,2025-01-03 14:14:22,Organic,UK,8,32.0,0,,,0,,,,0,1,1737468862000000000
9102,2025-01-25 22:38:58,Ads,India,3,12.0,0,,,0,,,,0,1,1742078338000000000
9103,2025-01-05 23:59:38,Ads,USA,8,48.0,1,3.0,2025-01-08 23:59:38,0,,,,0,1,1740095978000000000
9104,2025-03-10 12:57:20,Organic,Canada,5,15.0,1,1.0,2025-03-11 12:57:20,1,5.0,2025-03-15 12:57:20,Basic,50,0,
9105,2025-02-10 12:57:26,Organic,India,8,36.0,1,1.0,2025-02-11 12:57:26,0,,,,0,1,1742475446000000000
9106,2025-02-15 01:04:25,Ads,UK,3,9.0,1,1.0,2025-02-16 01:04:25,0,,,,0,1,1742864665000000000
9107,2025-03-11 06:12:23,Ads,UK,10,60.0,1,1.0,2025-03-12 06:12:23,0,,,,0,0,
9108,2025-02-18 00:56:19,Ads,India,7,21.0,1,2.0,2025-02-20 00:56:19,0,,,,0,1,1742777779000000000
9109,2025-01-14 08:31:31,Ads,Germany,4,18.0,1,1.0,2025-01-15 08:31:31,1,5.0,2025-01-19 08:31:31,Pro,120,1,1740990691000000000
9110,2025-03-18 12:20:04,Organic,USA,3,9.0,0,,,0,,,,0,0,
9111,2025-03-30 05:17:41,Ads,India,6,27.0,1,3.0,2025-04-02 05:17:41,0,,,,0,1,1745817461000000000
9112,2025-01-09 03:03:34,Organic,India,3,13.5,1,2.0,2025-01-11 03:03:34,0,,,,0,0,
9113,2025-03-08 02:21:33,Referral,USA,1,3.0,1,3.0,2025-03-11 02:21:33,1,13.0,2025-03-21 02:21:33,Basic,50,0,
9114,2025-03-11 05:48:29,Ads,UK,5,15.0,0,,,0,,,,0,1,1746078509000000000
9115,2025-03-22 20:43:15,Organic,USA,7,31.5,1,2.0,2025-03-24 20:43:15,0,,,,0,0,
9116,2025-01-21 08:55:43,Organic,UK,4,12.0,0,,,0,,,,0,0,
9117,2025-01-03 14:41:27,Referral,UK,7,42.0,1,1.0,2025-01-04 14:41:27,1,8.0,2025-01-11 14:41:27,Basic,50,0,
9118,2025-03-06 02:36:44,Organic,USA,4,24.0,1,3.0,2025-03-09 02:36:44,1,6.0,2025-03-12 02:36:44,Basic,50,0,
9119,2025-02-04 00:35:01,Ads,USA,6,12.0,0,,,0,,,,0,0,
9120,2025-01-26 22:52:45,Ads,Germany,5,22.5,1,2.0,2025-01-28 22:52:45,0,,,,0,1,1739832765000000000
9121,2025-02-01 23:10:56,Ads,Germany,5,30.0,1,3.0,2025-02-04 23:10:56,0,,,,0,0,
9122,2025-01-24 23:18:08,Organic,USA,4,24.0,1,1.0,2025-01-25 23:18:08,0,,,,0,1,1740093488000000000
9123,2025-01-25 10:57:28,Ads,UK,8,48.0,1,3.0,2025-01-28 10:57:28,0,,,,0,0,
9124,2025-03-15 20:26:49,Referral,India,3,9.0,0,,,0,,,,0,1,1744835209000000000
9125,2025-01-01 08:16:53,Referral,India,4,12.0,1,3.0,2025-01-04 08:16:53,0,,,,0,0,
9126,2025-02-07 04:03:27,Ads,UK,2,8.0,0,,,0,,,,0,0,
9127,2025-02-26 06:05:45,Referral,USA,3,6.0,0,,,1,9.0,2025-03-07 06:05:45,Pro,120,0,
9128,2025-03-11 02:39:03,Ads,India,12,54.0,1,2.0,2025-03-13 02:39:03,1,9.0,2025-03-20 02:39:03,Basic,50,0,
9129,2025-02-15 13:09:48,Organic,UK,2,12.0,1,2.0,2025-02-17 13:09:48,1,14.0,2025-03-01 13:09:48,Basic,50,0,
9130,2025-03-07 06:51:18,Ads,Germany,4,8.0,0,,,0,,,,0,0,
9131,2025-03-17 05:53:31,Organic,Germany,10,30.0,0,,,0,,,,0,0,
9132,2025-01-04 03:59:01,Organic,USA,6,36.0,1,3.0,2025-01-07 03:59:01,0,,,,0,1,1739591941000000000
9133,2025-03-30 09:59:47,Organic,USA,5,15.0,1,3.0,2025-04-02 09:59:47,0,,,,0,0,
9134,2025-02-13 09:26:39,Referral,India,6,18.0,1,2.0,2025-02-15 09:26:39,0,,,,0,0,
9135,2025-03-18 22:20:54,Ads,UK,6,27.0,1,3.0,2025-03-21 22:20:54,0,,,,0,0,
9136,2025-03-07 17:52:40,Ads,Germany,4,16.0,0,,,0,,,,0,1,1743357160000000000
9137,2025-01-19 16:39:41,Organic,Canada,6,18.0,1,2.0,2025-01-21 16:39:41,0,,,,0,0,
9138,2025-02-08 11:31:54,Organic,UK,5,30.0,1,1.0,2025-02-09 11:31:54,1,5.0,2025-02-13 11:31:54,Basic,50,0,
9139,2025-03-17 07:32:41,Organic,India,7,21.0,0,,,0,,,,0,1,1747121561000000000
9140,2025-02-16 16:44:09,Ads,USA,6,18.0,1,2.0,2025-02-18 16:44:09,0,,,,0,1,1742316249000000000
9141,2025-02-06 07:54:53,Organic,USA,6,36.0,1,2.0,2025-02-08 07:54:53,1,8.0,2025-02-14 07:54:53,Basic,50,0,
9142,2025-02-14 12:25:42,Organic,Canada,6,18.0,1,1.0,2025-02-15 12:25:42,0,,,,0,1,1741782342000000000
9143,2025-01-16 15:13:36,Organic,India,8,48.0,1,1.0,2025-01-17 15:13:36,1,8.0,2025-01-24 15:13:36,Basic,50,0,
9144,2025-01-28 22:18:01,Ads,USA,3,6.0,0,,,0,,,,0,0,
9145,2025-03-15 10:10:00,Referral,India,7,31.5,1,2.0,2025-03-17 10:10:00,0,,,,0,1,1744452600000000000
9146,2025-01-09 21:59:08,Ads,UK,7,42.0,1,2.0,2025-01-11 21:59:08,0,,,,0,1,1740952748000000000
9147,2025-03-20 07:48:35,Organic,UK,4,24.0,1,3.0,2025-03-23 07:48:35,0,,,,0,0,
9148,2025-03-01 00:58:38,Organic,USA,10,30.0,1,3.0,2025-03-04 00:58:38,1,6.0,2025-03-07 00:58:38,Basic,50,1,1743814718000000000
9149,2025-02-02 15:37:38,Organic,UK,4,18.0,1,3.0,2025-02-05 15:37:38,0,,,,0,0,
9150,2025-01-24 13:52:51,Organic,USA,8,36.0,1,1.0,2025-01-25 13:52:51,0,,,,0,0,
9151,2025-01-06 07:26:59,Organic,India,4,24.0,1,3.0,2025-01-09 07:26:59,0,,,,0,1,1739431619000000000
9152,2025-01-14 23:34:20,Organic,India,2,9.0,1,2.0,2025-01-16 23:34:20,0,,,,0,0,
9153,2025-03-03 23:02:49,Organic,Germany,6,18.0,0,,,0,,,,0,1,1743202969000000000
9154,2025-01-06 03:34:34,Organic,India,7,21.0,1,3.0,2025-01-09 03:34:34,0,,,,0,0,
9155,2025-03-07 19:20:45,Organic,India,2,9.0,1,3.0,2025-03-10 19:20:45,0,,,,0,1,1745781645000000000
9156,2025-02-15 11:18:03,Ads,India,1,3.0,0,,,0,,,,0,1,1743851883000000000
9157,2025-01-25 09:45:01,Referral,India,6,12.0,0,,,0,,,,0,0,
9158,2025-02-11 18:49:20,Referral,USA,6,24.0,0,,,0,,,,0,0,
9159,2025-03-15 02:46:35,Organic,USA,6,12.0,0,,,0,,,,0,1,1743389195000000000
9160,2025-02-27 21:25:45,Organic,Germany,5,30.0,1,1.0,2025-02-28 21:25:45,1,14.0,2025-03-13 21:25:45,Pro,120,0,
9161,2025-03-22 02:59:55,Referral,UK,9,27.0,1,1.0,2025-03-23 02:59:55,0,,,,0,0,
9162,2025-01-24 18:34:08,Organic,India,8,48.0,1,1.0,2025-01-25 18:34:08,1,7.0,2025-01-31 18:34:08,Basic,50,1,1741977248000000000
9163,2025-01-13 07:28:12,Referral,UK,4,24.0,1,1.0,2025-01-14 07:28:12,0,,,,0,1,1740036492000000000
9164,2025-02-24 20:17:17,Ads,Canada,8,32.0,0,,,1,11.0,2025-03-07 20:17:17,Basic,50,0,
9165,2025-01-11 22:10:31,Referral,Canada,3,9.0,1,2.0,2025-01-13 22:10:31,0,,,,0,1,1740003031000000000
9166,2025-02-18 23:00:13,Referral,USA,4,24.0,1,1.0,2025-02-19 23:00:13,1,12.0,2025-03-02 23:00:13,Basic,50,0,
9167,2025-03-12 06:55:29,Ads,India,10,30.0,1,2.0,2025-03-14 06:55:29,0,,,,0,1,1745045729000000000
9168,2025-02-05 14:06:35,Ads,Canada,4,16.0,0,,,0,,,,0,1,1741356395000000000
9169,2025-01-21 00:47:21,Organic,UK,2,6.0,0,,,0,,,,0,1,1740271641000000000
9170,2025-03-01 21:45:56,Organic,USA,4,16.0,0,,,0,,,,0,1,1744407956000000000
9171,2025-02-14 20:01:31,Organic,India,2,12.0,1,2.0,2025-02-16 20:01:31,0,,,,0,0,
9172,2025-02-21 04:44:31,Organic,UK,5,15.0,1,3.0,2025-02-24 04:44:31,1,7.0,2025-02-28 04:44:31,Basic,50,1,1744087471000000000
9173,2025-02-16 21:32:19,Organic,India,8,48.0,1,1.0,2025-02-17 21:32:19,1,5.0,2025-02-21 21:32:19,Basic,50,0,
9174,2025-02-22 01:49:27,Organic,India,3,6.0,0,,,0,,,,0,1,1745286567000000000
9175,2025-01-11 01:39:13,Referral,India,4,24.0,1,1.0,2025-01-12 01:39:13,0,,,,0,1,1738028353000000000
9176,2025-01-30 21:34:33,Organic,India,8,16.0,0,,,0,,,,0,0,
9177,2025-02-05 20:34:16,Organic,USA,8,36.0,1,2.0,2025-02-07 20:34:16,0,,,,0,0,
9178,2025-01-27 19:26:14,Organic,India,5,10.0,0,,,0,,,,0,1,1741029974000000000
9179,2025-01-09 06:16:46,Ads,India,3,13.5,1,3.0,2025-01-12 06:16:46,0,,,,0,1,1738304206000000000
9180,2025-03-23 00:14:04,Organic,India,3,9.0,0,,,0,,,,0,0,
9181,2025-03-01 17:15:02,Referral,India,5,15.0,1,1.0,2025-03-02 17:15:02,0,,,,0,1,1743009302000000000
9182,2025-02-18 12:53:36,Ads,USA,7,31.5,1,3.0,2025-02-21 12:53:36,0,,,,0,1,1744721616000000000
9183,2025-03-02 02:29:17,Ads,India,8,48.0,1,1.0,2025-03-03 02:29:17,1,7.0,2025-03-09 02:29:17,Basic,50,1,1742351357000000000
9184,2025-03-23 23:52:15,Organic,India,3,9.0,0,,,0,,,,0,0,
9185,2025-02-09 19:19:47,Organic,USA,2,8.0,0,,,0,,,,0,1,1742239187000000000
9186,2025-03-16 08:23:47,Referral,India,4,24.0,1,1.0,2025-03-17 08:23:47,0,,,,0,1,1745828627000000000
9187,2025-03-19 05:55:06,Organic,India,6,24.0,0,,,0,,,,0,0,
9188,2025-03-02 09:06:53,Organic,Canada,8,36.0,1,3.0,2025-03-05 09:06:53,1,11.0,2025-03-13 09:06:53,Pro,120,0,
9189,2025-02-01 21:58:26,Organic,USA,3,9.0,0,,,0,,,,0,0,
9190,2025-01-09 16:32:54,Referral,Canada,4,8.0,0,,,0,,,,0,0,
9191,2025-02-08 20:46:03,Organic,USA,4,8.0,0,,,0,,,,0,0,
9192,2025-03-23 20:52:55,Referral,Germany,1,6.0,1,2.0,2025-03-25 20:52:55,1,14.0,2025-04-06 20:52:55,Basic,50,1,1747255975000000000
9193,2025-01-11 16:56:33,Organic,India,3,9.0,1,3.0,2025-01-14 16:56:33,0,,,,0,1,1738947393000000000
9194,2025-01-05 02:16:31,Ads,USA,5,22.5,1,2.0,2025-01-07 02:16:31,0,,,,0,0,
9195,2025-02-09 19:37:07,Ads,USA,6,36.0,1,2.0,2025-02-11 19:37:07,0,,,,0,0,
9196,2025-01-17 00:35:25,Organic,Germany,4,24.0,1,3.0,2025-01-20 00:35:25,1,9.0,2025-01-26 00:35:25,Pro,120,1,1740011725000000000
9197,2025-03-06 12:09:51,Organic,USA,5,15.0,0,,,0,,,,0,0,
9198,2025-02-10 17:09:38,Organic,Canada,3,12.0,0,,,0,,,,0,1,1743786578000000000
9199,2025-02-28 13:01:31,Organic,USA,1,3.0,1,3.0,2025-03-03 13:01:31,1,7.0,2025-03-07 13:01:31,Basic,50,0,
9200,2025-01-02 08:17:00,Referral,UK,6,27.0,1,3.0,2025-01-05 08:17:00,0,,,,0,0,
9201,2025-01-03 13:30:21,Organic,Canada,7,21.0,1,1.0,2025-01-04 13:30:21,0,,,,0,1,1738330221000000000
9202,2025-01-05 01:01:57,Ads,Germany,6,24.0,0,,,0,,,,0,1,1737507717000000000
9203,2025-02-27 16:05:32,Organic,UK,7,21.0,1,1.0,2025-02-28 16:05:32,0,,,,0,1,1743264332000000000
9204,2025-02-15 09:11:27,Organic,India,6,12.0,0,,,0,,,,0,0,
9205,2025-02-03 21:19:31,Ads,India,4,18.0,1,3.0,2025-02-06 21:19:31,0,,,,0,1,1740604771000000000
9206,2025-01-12 22:47:49,Ads,India,7,42.0,1,3.0,2025-01-15 22:47:49,0,,,,0,1,1738277269000000000
9207,2025-02-06 10:40:17,Organic,India,5,15.0,0,,,0,,,,0,0,
9208,2025-03-25 01:31:55,Ads,India,7,14.0,0,,,0,,,,0,1,1746495115000000000
9209,2025-01-16 09:49:39,Organic,USA,8,48.0,1,3.0,2025-01-19 09:49:39,0,,,,0,1,1738662579000000000
9210,2025-03-06 05:43:22,Referral,Canada,5,30.0,1,3.0,2025-03-09 05:43:22,0,,,,0,1,1742708602000000000
9211,2025-02-12 08:23:17,Organic,India,7,42.0,1,1.0,2025-02-13 08:23:17,0,,,,0,0,
9212,2025-03-21 23:55:09,Organic,USA,5,30.0,1,2.0,2025-03-23 23:55:09,0,,,,0,1,1744674909000000000
9213,2025-03-21 19:50:12,Ads,India,3,6.0,0,,,0,,,,0,1,1743969012000000000
9214,2025-02-22 13:31:30,Organic,Canada,8,36.0,1,1.0,2025-02-23 13:31:30,0,,,,0,1,1743082290000000000
9215,2025-01-17 09:39:51,Organic,India,2,6.0,1,3.0,2025-01-20 09:39:51,0,,,,0,1,1740044391000000000
9216,2025-02-08 17:52:06,Organic,USA,4,12.0,1,3.0,2025-02-11 17:52:06,0,,,,0,0,
9217,2025-02-10 06:06:23,Referral,Germany,2,8.0,0,,,0,,,,0,1,1744178783000000000
9218,2025-02-21 06:56:47,Referral,India,2,6.0,0,,,1,13.0,2025-03-06 06:56:47,Basic,50,0,
9219,2025-01-08 23:38:45,Ads,UK,4,24.0,1,1.0,2025-01-09 23:38:45,0,,,,0,1,1739576325000000000
9220,2025-01-26 07:19:54,Organic,Canada,7,21.0,1,3.0,2025-01-29 07:19:54,0,,,,0,1,1740381594000000000
9221,2025-01-13 02:52:26,Ads,India,3,6.0,0,,,0,,,,0,1,1741229546000000000
9222,2025-01-14 22:02:12,Organic,Germany,7,31.5,1,3.0,2025-01-17 22:02:12,0,,,,0,1,1738188132000000000
9223,2025-03-11 23:35:11,Organic,Canada,7,21.0,0,,,0,,,,0,1,1744328111000000000
9224,2025-02-01 00:51:18,Referral,India,5,15.0,1,1.0,2025-02-02 00:51:18,0,,,,0,0,
9225,2025-02-04 15:27:00,Organic,India,5,20.0,0,,,0,,,,0,1,1741620420000000000
9226,2025-01-09 19:12:10,Organic,USA,5,22.5,1,2.0,2025-01-11 19:12:10,0,,,,0,1,1739214730000000000
9227,2025-02-03 22:41:18,Referral,Canada,8,32.0,0,,,0,,,,0,0,
9228,2025-02-02 18:15:27,Ads,India,6,18.0,1,2.0,2025-02-04 18:15:27,0,,,,0,0,
9229,2025-03-16 17:31:46,Organic,UK,8,16.0,0,,,0,,,,0,1,1744306306000000000
9230,2025-03-13 10:44:09,Organic,India,8,36.0,1,2.0,2025-03-15 10:44:09,0,,,,0,1,1745232249000000000
9231,2025-03-20 20:51:16,Ads,Canada,6,18.0,0,,,0,,,,0,0,
9232,2025-03-17 20:35:34,Organic,UK,6,36.0,1,1.0,2025-03-18 20:35:34,1,9.0,2025-03-26 20:35:34,Basic,50,0,
9233,2025-01-10 12:29:24,Organic,USA,3,9.0,1,2.0,2025-01-12 12:29:24,0,,,,0,1,1739536164000000000
9234,2025-01-28 17:23:26,Organic,USA,5,30.0,1,1.0,2025-01-29 17:23:26,0,,,,0,1,1743096206000000000
9235,2025-02-28 09:11:56,Referral,Canada,8,36.0,1,2.0,2025-03-02 09:11:56,0,,,,0,1,1743498716000000000
9236,2025-03-07 11:49:25,Organic,India,6,18.0,1,3.0,2025-03-10 11:49:25,0,,,,0,1,1742644165000000000
9237,2025-02-10 04:24:48,Organic,UK,7,31.5,1,2.0,2025-02-12 04:24:48,0,,,,0,0,
9238,2025-01-25 19:23:05,Organic,India,5,10.0,0,,,0,,,,0,0,
9239,2025-01-24 22:41:24,Organic,UK,5,20.0,0,,,0,,,,0,1,1740264084000000000
9240,2025-03-29 05:50:12,Organic,UK,3,9.0,1,3.0,2025-04-01 05:50:12,1,13.0,2025-04-11 05:50:12,Basic,50,1,1745646612000000000
9241,2025-01-30 11:56:40,Referral,USA,7,42.0,1,1.0,2025-01-31 11:56:40,0,,,,0,0,
9242,2025-02-27 05:05:14,Referral,UK,3,9.0,0,,,0,,,,0,0,
9243,2025-03-02 03:57:25,Organic,USA,8,16.0,0,,,0,,,,0,0,
9244,2025-01-26 12:04:23,Referral,Germany,6,18.0,0,,,0,,,,0,1,1739707463000000000
9245,2025-02-12 21:00:25,Organic,India,3,12.0,0,,,0,,,,0,0,
9246,2025-02-15 07:50:47,Ads,India,3,6.0,0,,,0,,,,0,1,1742370647000000000
9247,2025-01-23 23:30:04,Organic,Canada,6,27.0,1,1.0,2025-01-24 23:30:04,1,11.0,2025-02-03 23:30:04,Basic,50,0,
9248,2025-03-20 13:28:22,Referral,Canada,5,30.0,1,3.0,2025-03-23 13:28:22,0,,,,0,1,1744464502000000000
9249,2025-03-12 01:29:26,Organic,USA,6,18.0,1,2.0,2025-03-14 01:29:26,0,,,,0,1,1745112566000000000
9250,2025-01-25 14:47:41,Ads,Germany,6,12.0,0,,,0,,,,0,1,1740926861000000000
9251,2025-02-13 17:48:57,Ads,UK,5,15.0,1,2.0,2025-02-15 17:48:57,0,,,,0,0,
9252,2025-01-24 17:55:23,Organic,Germany,3,9.0,0,,,0,,,,0,1,1742579723000000000
9253,2025-03-14 18:59:49,Organic,USA,4,8.0,0,,,0,,,,0,1,1744052389000000000
9254,2025-01-13 03:22:19,Organic,India,5,30.0,1,1.0,2025-01-14 03:22:19,0,,,,0,0,
9255,2025-02-15 15:08:38,Ads,USA,6,24.0,0,,,0,,,,0,1,1743692918000000000
9256,2025-02-24 06:32:13,Organic,Germany,6,18.0,0,,,0,,,,0,1,1742106733000000000
9257,2025-02-18 08:41:05,Ads,India,7,21.0,1,3.0,2025-02-21 08:41:05,0,,,,0,0,
9258,2025-01-05 14:07:36,Referral,Germany,9,36.0,0,,,0,,,,0,0,
9259,2025-03-08 01:38:17,Organic,UK,1,6.0,1,2.0,2025-03-10 01:38:17,0,,,,0,0,
9260,2025-03-15 08:19:05,Organic,USA,8,24.0,1,2.0,2025-03-17 08:19:05,0,,,,0,1,1744618745000000000
9261,2025-03-30 00:15:12,Ads,USA,5,30.0,1,1.0,2025-03-31 00:15:12,1,14.0,2025-04-13 00:15:12,Basic,50,1,1747527312000000000
9262,2025-01-11 09:38:24,Ads,USA,4,12.0,1,2.0,2025-01-13 09:38:24,0,,,,0,0,
9263,2025-02-13 12:44:50,Referral,UK,6,36.0,1,1.0,2025-02-14 12:44:50,0,,,,0,1,1741610690000000000
9264,2025-01-03 00:37:17,Organic,India,9,27.0,0,,,1,14.0,2025-01-17 00:37:17,Basic,50,1,1739839037000000000
9265,2025-02-20 23:01:50,Organic,Germany,5,22.5,1,3.0,2025-02-23 23:01:50,0,,,,0,1,1743721310000000000
9266,2025-03-02 16:36:02,Referral,USA,8,36.0,1,1.0,2025-03-03 16:36:02,1,10.0,2025-03-12 16:36:02,Pro,120,1,1746030962000000000
9267,2025-02-03 06:57:42,Referral,Germany,6,18.0,0,,,0,,,,0,1,1742367462000000000
9268,2025-02-18 09:48:51,Ads,USA,2,12.0,1,2.0,2025-02-20 09:48:51,0,,,,0,1,1742982531000000000
9269,2025-02-07 20:46:33,Organic,USA,5,30.0,1,1.0,2025-02-08 20:46:33,0,,,,0,0,
9270,2025-01-12 21:58:36,Organic,USA,6,12.0,0,,,0,,,,0,0,
9271,2025-01-20 15:16:49,Organic,Canada,1,6.0,1,2.0,2025-01-22 15:16:49,0,,,,0,0,
9272,2025-02-11 07:36:09,Referral,India,6,27.0,1,1.0,2025-02-12 07:36:09,0,,,,0,1,1744097769000000000
9273,2025-02-11 18:41:24,Organic,Germany,5,22.5,1,1.0,2025-02-12 18:41:24,0,,,,0,1,1743360084000000000
9274,2025-01-01 08:01:25,Ads,USA,4,12.0,1,2.0,2025-01-03 08:01:25,0,,,,0,1,1740211285000000000
9275,2025-02-23 03:12:03,Ads,Germany,6,18.0,1,2.0,2025-02-25 03:12:03,0,,,,0,1,1743563523000000000
9276,2025-02-02 13:19:13,Organic,Canada,6,18.0,1,3.0,2025-02-05 13:19:13,0,,,,0,1,1742995153000000000
9277,2025-02-23 02:56:04,Organic,UK,4,12.0,1,2.0,2025-02-25 02:56:04,1,11.0,2025-03-06 02:56:04,Pro,120,1,1744944964000000000
9278,2025-02-22 17:12:50,Ads,USA,5,15.0,0,,,1,13.0,2025-03-07 17:12:50,Basic,50,1,1743009170000000000
9279,2025-02-06 05:26:25,Organic,USA,4,16.0,0,,,0,,,,0,1,1741497985000000000
9280,2025-01-16 23:08:59,Organic,Canada,3,18.0,1,2.0,2025-01-18 23:08:59,0,,,,0,1,1740784139000000000
9281,2025-01-25 12:32:16,Organic,USA,7,42.0,1,2.0,2025-01-27 12:32:16,0,,,,0,0,
9282,2025-01-22 08:05:29,Referral,UK,1,6.0,1,3.0,2025-01-25 08:05:29,0,,,,0,1,1739606729000000000
9283,2025-01-10 11:46:13,Referral,UK,4,12.0,1,2.0,2025-01-12 11:46:13,0,,,,0,1,1739015173000000000
9284,2025-01-31 16:15:03,Ads,USA,6,36.0,1,3.0,2025-02-03 16:15:03,0,,,,0,1,1742832903000000000
9285,2025-01-13 22:47:24,Ads,USA,2,4.0,0,,,0,,,,0,1,1739486844000000000
9286,2025-02-03 07:22:26,Ads,India,2,4.0,0,,,0,,,,0,0,
9287,2025-02-13 22:30:34,Ads,India,3,18.0,1,2.0,2025-02-15 22:30:34,0,,,,0,0,
9288,2025-01-17 12:55:26,Referral,Germany,1,6.0,1,3.0,2025-01-20 12:55:26,0,,,,0,1,1739624126000000000
9289,2025-03-07 23:37:28,Organic,Canada,3,18.0,1,2.0,2025-03-09 23:37:28,0,,,,0,1,1744241848000000000
9290,2025-02-15 01:42:22,Organic,India,6,18.0,1,1.0,2025-02-16 01:42:22,0,,,,0,1,1742521342000000000
9291,2025-02-08 09:12:43,Referral,Canada,2,4.0,0,,,0,,,,0,1,1741252363000000000
9292,2025-03-16 19:04:40,Ads,India,6,27.0,1,2.0,2025-03-18 19:04:40,0,,,,0,1,1744743880000000000
9293,2025-03-23 12:07:29,Organic,USA,6,27.0,1,3.0,2025-03-26 12:07:29,0,,,,0,0,
9294,2025-03-07 06:17:43,Referral,India,3,9.0,0,,,0,,,,0,1,1746339463000000000
9295,2025-01-17 20:58:33,Organic,Germany,5,10.0,0,,,0,,,,0,0,
9296,2025-01-23 18:35:54,Organic,Germany,2,6.0,1,1.0,2025-01-24 18:35:54,0,,,,0,0,
9297,2025-03-21 18:29:15,Ads,USA,6,36.0,1,3.0,2025-03-24 18:29:15,0,,,,0,0,
9298,2025-03-28 05:25:08,Organic,India,4,18.0,1,1.0,2025-03-29 05:25:08,0,,,,0,1,1747459508000000000
9299,2025-03-14 01:37:39,Ads,USA,4,18.0,1,2.0,2025-03-16 01:37:39,0,,,,0,0,
9300,2025-01-15 10:18:49,Organic,UK,9,27.0,1,2.0,2025-01-17 10:18:49,0,,,,0,1,1739873929000000000
9301,2025-02-02 04:40:52,Organic,India,4,16.0,0,,,0,,,,0,1,1741840852000000000
9302,2025-01-25 04:53:39,Ads,USA,2,6.0,0,,,0,,,,0,1,1739422419000000000
9303,2025-03-22 12:15:43,Ads,UK,1,4.5,1,2.0,2025-03-24 12:15:43,1,11.0,2025-04-02 12:15:43,Basic,50,1,1747052143000000000
9304,2025-01-12 10:29:27,Organic,India,6,27.0,1,2.0,2025-01-14 10:29:27,0,,,,0,1,1739183367000000000
9305,2025-02-18 19:33:55,Referral,India,2,9.0,1,2.0,2025-02-20 19:33:55,0,,,,0,0,
9306,2025-02-18 19:28:28,Ads,USA,7,28.0,0,,,0,,,,0,1,1742585308000000000
9307,2025-02-09 04:02:49,Organic,UK,6,18.0,1,2.0,2025-02-11 04:02:49,0,,,,0,0,
9308,2025-02-04 18:07:07,Organic,Germany,3,9.0,1,1.0,2025-02-05 18:07:07,1,8.0,2025-02-12 18:07:07,Basic,50,1,1743185227000000000
9309,2025-02-11 01:57:16,Referral,India,5,30.0,1,2.0,2025-02-13 01:57:16,1,10.0,2025-02-21 01:57:16,Basic,50,1,1743645436000000000
9310,2025-01-06 04:26:53,Ads,USA,6,27.0,1,1.0,2025-01-07 04:26:53,1,13.0,2025-01-19 04:26:53,Pro,120,0,
9311,2025-01-27 11:05:19,Organic,USA,5,22.5,1,3.0,2025-01-30 11:05:19,1,11.0,2025-02-07 11:05:19,Basic,50,0,
9312,2025-01-11 18:40:53,Organic,India,3,13.5,1,1.0,2025-01-12 18:40:53,1,7.0,2025-01-18 18:40:53,Basic,50,0,
9313,2025-03-09 18:43:32,Organic,USA,5,30.0,1,3.0,2025-03-12 18:43:32,1,12.0,2025-03-21 18:43:32,Pro,120,1,1743101012000000000
9314,2025-01-22 08:14:13,Organic,India,6,18.0,1,1.0,2025-01-23 08:14:13,0,,,,0,0,
9315,2025-03-18 02:01:56,Ads,India,7,21.0,1,1.0,2025-03-19 02:01:56,1,10.0,2025-03-28 02:01:56,Pro,120,0,
9316,2025-01-07 06:49:15,Referral,UK,6,18.0,0,,,0,,,,0,1,1740552555000000000
9317,2025-03-06 14:01:21,Organic,USA,4,12.0,1,2.0,2025-03-08 14:01:21,0,,,,0,0,
9318,2025-03-09 14:36:13,Referral,Germany,7,28.0,0,,,0,,,,0,1,1745332573000000000
9319,2025-03-02 23:56:22,Referral,India,4,16.0,0,,,0,,,,0,1,1746057382000000000
9320,2025-02-11 02:10:27,Referral,USA,3,18.0,1,3.0,2025-02-14 02:10:27,0,,,,0,1,1740708627000000000
9321,2025-02-08 06:48:55,Referral,India,5,30.0,1,3.0,2025-02-11 06:48:55,1,12.0,2025-02-20 06:48:55,Basic,50,1,1742107735000000000
9322,2025-02-25 10:52:06,Referral,India,4,12.0,0,,,0,,,,0,0,
9323,2025-01-21 19:31:18,Ads,Germany,6,18.0,0,,,0,,,,0,1,1741635078000000000
9324,2025-02-08 07:00:24,Organic,UK,9,27.0,1,3.0,2025-02-11 07:00:24,0,,,,0,1,1741244424000000000
9325,2025-03-27 02:37:52,Organic,India,8,32.0,0,,,0,,,,0,0,
9326,2025-01-05 07:39:05,Referral,UK,5,15.0,1,1.0,2025-01-06 07:39:05,0,,,,0,0,
9327,2025-02-09 23:32:53,Organic,Germany,5,30.0,1,2.0,2025-02-11 23:32:53,0,,,,0,0,
9328,2025-01-24 18:23:33,Organic,India,3,9.0,1,1.0,2025-01-25 18:23:33,0,,,,0,0,
9329,2025-03-19 09:12:21,Organic,India,8,16.0,0,,,0,,,,0,0,
9330,2025-02-27 17:43:24,Referral,India,3,12.0,0,,,0,,,,0,1,1742492604000000000
9331,2025-01-08 22:26:51,Ads,Canada,3,9.0,1,3.0,2025-01-11 22:26:51,0,,,,0,1,1738016811000000000
9332,2025-03-18 18:05:09,Organic,India,6,18.0,1,1.0,2025-03-19 18:05:09,0,,,,0,1,1744049109000000000
9333,2025-01-20 04:23:07,Organic,India,7,21.0,1,2.0,2025-01-22 04:23:07,0,,,,0,1,1740630187000000000
9334,2025-02-02 07:20:41,Ads,USA,6,36.0,1,2.0,2025-02-04 07:20:41,0,,,,0,1,1742628041000000000
9335,2025-01-31 12:32:54,Organic,USA,5,22.5,1,2.0,2025-02-02 12:32:54,0,,,,0,0,
9336,2025-01-15 03:09:45,Ads,Canada,6,18.0,1,2.0,2025-01-17 03:09:45,0,,,,0,1,1740971385000000000
9337,2025-02-11 10:14:29,Organic,USA,1,2.0,0,,,0,,,,0,1,1743675269000000000
9338,2025-01-05 00:02:24,Referral,USA,6,18.0,1,2.0,2025-01-07 00:02:24,1,11.0,2025-01-16 00:02:24,Basic,50,0,
9339,2025-01-24 11:29:54,Ads,Germany,5,20.0,0,,,0,,,,0,1,1742210994000000000
9340,2025-01-22 08:04:01,Ads,India,0,0.0,0,,,0,,,,0,1,1740211441000000000
9341,2025-01-31 03:25:25,Ads,India,4,24.0,1,1.0,2025-02-01 03:25:25,0,,,,0,0,
9342,2025-02-01 23:07:03,Organic,UK,4,24.0,1,3.0,2025-02-04 23:07:03,1,7.0,2025-02-08 23:07:03,Basic,50,0,
9343,2025-01-20 09:47:30,Organic,UK,6,24.0,0,,,0,,,,0,1,1741686450000000000
9344,2025-03-12 12:31:05,Ads,USA,7,42.0,1,1.0,2025-03-13 12:31:05,1,5.0,2025-03-17 12:31:05,Basic,50,1,1744720265000000000
9345,2025-02-13 19:03:19,Referral,India,9,54.0,1,1.0,2025-02-14 19:03:19,0,,,,0,0,
9346,2025-03-29 09:41:27,Organic,UK,5,30.0,1,3.0,2025-04-01 09:41:27,0,,,,0,0,
9347,2025-03-08 02:01:56,Ads,UK,8,36.0,1,2.0,2025-03-10 02:01:56,1,6.0,2025-03-14 02:01:56,Basic,50,1,1745546516000000000
9348,2025-01-22 11:45:59,Referral,Canada,2,8.0,0,,,0,,,,0,1,1741693559000000000
9349,2025-02-14 23:42:12,Referral,Canada,6,24.0,0,,,1,12.0,2025-02-26 23:42:12,Basic,50,0,
9350,2025-01-06 00:03:04,Ads,India,6,18.0,0,,,0,,,,0,1,1741132984000000000
9351,2025-01-15 00:02:05,Ads,Canada,4,18.0,1,2.0,2025-01-17 00:02:05,0,,,,0,1,1739491325000000000
9352,2025-01-28 01:06:46,Referral,India,3,13.5,1,2.0,2025-01-30 01:06:46,0,,,,0,1,1739840806000000000
9353,2025-02-23 11:58:15,Referral,Canada,2,8.0,0,,,0,,,,0,1,1742990295000000000
9354,2025-02-08 14:22:24,Referral,UK,3,13.5,1,2.0,2025-02-10 14:22:24,1,6.0,2025-02-14 14:22:24,Basic,50,1,1743603744000000000
9355,2025-03-12 08:18:02,Ads,USA,4,24.0,1,2.0,2025-03-14 08:18:02,1,7.0,2025-03-19 08:18:02,Basic,50,0,
9356,2025-03-29 00:06:41,Organic,USA,6,36.0,1,3.0,2025-04-01 00:06:41,0,,,,0,1,1745626001000000000
9357,2025-02-03 15:48:07,Organic,India,5,15.0,1,3.0,2025-02-06 15:48:07,0,,,,0,1,1743608887000000000
9358,2025-01-08 14:48:59,Organic,India,5,30.0,1,2.0,2025-01-10 14:48:59,1,6.0,2025-01-14 14:48:59,Basic,50,0,
9359,2025-02-04 09:07:04,Referral,India,5,15.0,1,3.0,2025-02-07 09:07:04,0,,,,0,1,1740906424000000000
9360,2025-03-28 11:30:59,Referral,Canada,2,6.0,1,2.0,2025-03-30 11:30:59,1,10.0,2025-04-07 11:30:59,Basic,50,1,1745580659000000000
9361,2025-03-18 07:21:03,Ads,USA,9,40.5,1,2.0,2025-03-20 07:21:03,0,,,,0,0,
9362,2025-03-18 11:44:47,Ads,India,2,4.0,0,,,0,,,,0,1,1746272687000000000
9363,2025-02-17 12:25:13,Organic,Canada,3,6.0,0,,,0,,,,0,1,1742387113000000000
9364,2025-03-21 11:33:46,Organic,India,9,27.0,1,1.0,2025-03-22 11:33:46,1,11.0,2025-04-01 11:33:46,Pro,120,0,
9365,2025-03-13 22:27:21,Ads,Canada,8,48.0,1,2.0,2025-03-15 22:27:21,0,,,,0,1,1746484041000000000
9366,2025-02-19 23:14:53,Organic,USA,2,9.0,1,3.0,2025-02-22 23:14:53,0,,,,0,1,1743030893000000000
9367,2025-02-28 02:40:51,Organic,USA,8,36.0,1,2.0,2025-03-02 02:40:51,0,,,,0,0,
9368,2025-02-21 17:51:37,Ads,India,1,3.0,0,,,0,,,,0,1,1745171497000000000
9369,2025-03-11 13:50:23,Organic,Germany,7,42.0,1,2.0,2025-03-13 13:50:23,0,,,,0,0,
9370,2025-02-05 10:24:41,Referral,India,6,18.0,0,,,0,,,,0,1,1742466281000000000
9371,2025-02-01 14:50:01,Organic,India,4,16.0,0,,,0,,,,0,1,1741099801000000000
9372,2025-03-12 01:38:32,Referral,USA,3,13.5,1,2.0,2025-03-14 01:38:32,1,14.0,2025-03-26 01:38:32,Basic,50,0,
9373,2025-01-04 11:17:30,Organic,Canada,7,31.5,1,3.0,2025-01-07 11:17:30,1,11.0,2025-01-15 11:17:30,Basic,50,0,
9374,2025-02-15 17:36:22,Organic,India,9,40.5,1,3.0,2025-02-18 17:36:22,0,,,,0,1,1741282582000000000
9375,2025-03-06 20:41:05,Ads,UK,5,15.0,1,1.0,2025-03-07 20:41:05,0,,,,0,0,
9376,2025-01-01 11:25:39,Ads,UK,4,12.0,1,1.0,2025-01-02 11:25:39,0,,,,0,0,
9377,2025-02-25 22:38:31,Ads,USA,5,30.0,1,2.0,2025-02-27 22:38:31,0,,,,0,1,1742683111000000000
9378,2025-01-09 22:26:05,Organic,USA,3,9.0,1,2.0,2025-01-11 22:26:05,0,,,,0,0,
9379,2025-01-04 12:17:26,Organic,India,3,18.0,1,3.0,2025-01-07 12:17:26,0,,,,0,1,1738325846000000000
9380,2025-02-09 00:31:24,Ads,India,4,16.0,0,,,0,,,,0,0,
9381,2025-01-17 04:29:18,Organic,UK,7,21.0,1,3.0,2025-01-20 04:29:18,1,7.0,2025-01-24 04:29:18,Basic,50,1,1739680158000000000
9382,2025-01-12 09:47:43,Organic,India,10,30.0,1,2.0,2025-01-14 09:47:43,0,,,,0,1,1738057663000000000
9383,2025-02-01 22:59:18,Ads,USA,5,22.5,1,1.0,2025-02-02 22:59:18,1,10.0,2025-02-11 22:59:18,Basic,50,0,
9384,2025-01-20 21:04:39,Organic,India,5,22.5,1,3.0,2025-01-23 21:04:39,1,12.0,2025-02-01 21:04:39,Basic,50,0,
9385,2025-01-21 19:33:52,Organic,USA,7,28.0,0,,,1,10.0,2025-01-31 19:33:52,Basic,50,0,
9386,2025-01-13 02:28:36,Organic,USA,5,15.0,0,,,0,,,,0,1,1740709716000000000
9387,2025-02-14 06:11:13,Referral,Canada,7,21.0,0,,,0,,,,0,1,1744179073000000000
9388,2025-02-04 06:45:37,Organic,USA,1,6.0,1,2.0,2025-02-06 06:45:37,1,9.0,2025-02-13 06:45:37,Basic,50,0,
9389,2025-02-17 09:23:58,Referral,India,10,60.0,1,2.0,2025-02-19 09:23:58,1,13.0,2025-03-02 09:23:58,Basic,50,0,
9390,2025-02-03 23:16:52,Organic,India,4,12.0,1,1.0,2025-02-04 23:16:52,0,,,,0,0,
9391,2025-02-12 18:03:13,Ads,USA,8,48.0,1,3.0,2025-02-15 18:03:13,0,,,,0,1,1742407393000000000
9392,2025-03-15 11:43:15,Organic,USA,7,42.0,1,3.0,2025-03-18 11:43:15,0,,,,0,1,1745494995000000000
9393,2025-03-12 18:49:22,Organic,UK,3,18.0,1,3.0,2025-03-15 18:49:22,0,,,,0,1,1746816562000000000
9394,2025-03-13 15:25:37,Referral,USA,6,18.0,1,2.0,2025-03-15 15:25:37,1,12.0,2025-03-25 15:25:37,Basic,50,0,
9395,2025-01-25 13:05:00,Referral,Canada,7,21.0,1,1.0,2025-01-26 13:05:00,0,,,,0,0,
9396,2025-01-30 13:19:49,Ads,Germany,3,13.5,1,2.0,2025-02-01 13:19:49,1,6.0,2025-02-05 13:19:49,Basic,50,1,1740575989000000000
9397,2025-03-13 17:34:09,Referral,India,3,13.5,1,2.0,2025-03-15 17:34:09,1,7.0,2025-03-20 17:34:09,Basic,50,0,
9398,2025-01-20 15:46:53,Organic,UK,6,18.0,0,,,1,11.0,2025-01-31 15:46:53,Pro,120,0,
9399,2025-01-30 07:04:29,Organic,India,5,15.0,1,1.0,2025-01-31 07:04:29,0,,,,0,0,
9400,2025-02-23 16:33:27,Organic,USA,6,18.0,1,1.0,2025-02-24 16:33:27,0,,,,0,1,1744043607000000000
9401,2025-01-02 14:16:39,Referral,USA,7,28.0,0,,,0,,,,0,1,1737123399000000000
9402,2025-02-27 09:48:44,Organic,UK,3,12.0,0,,,0,,,,0,1,1743846524000000000
9403,2025-01-03 02:29:49,Referral,India,8,24.0,1,1.0,2025-01-04 02:29:49,0,,,,0,1,1739759389000000000
9404,2025-03-19 17:51:39,Organic,Canada,4,16.0,0,,,0,,,,0,0,
9405,2025-02-14 04:29:40,Ads,India,3,9.0,1,3.0,2025-02-17 04:29:40,0,,,,0,0,
9406,2025-02-18 06:22:43,Organic,India,4,12.0,0,,,0,,,,0,0,
9407,2025-02-23 13:44:16,Organic,India,10,45.0,1,1.0,2025-02-24 13:44:16,0,,,,0,1,1744897456000000000
9408,2025-03-13 02:42:18,Ads,UK,3,9.0,0,,,0,,,,0,0,
9409,2025-03-10 01:54:09,Ads,India,4,18.0,1,1.0,2025-03-11 01:54:09,0,,,,0,1,1742867649000000000
9410,2025-03-07 20:08:25,Referral,India,2,4.0,0,,,0,,,,0,1,1745352505000000000
9411,2025-01-10 06:46:49,Ads,India,7,21.0,1,2.0,2025-01-12 06:46:49,0,,,,0,1,1740379609000000000
9412,2025-03-30 23:22:11,Ads,India,10,60.0,1,3.0,2025-04-02 23:22:11,1,6.0,2025-04-05 23:22:11,Basic,50,0,
9413,2025-02-19 20:08:00,Referral,India,8,24.0,1,1.0,2025-02-20 20:08:00,0,,,,0,1,1744661280000000000
9414,2025-02-28 19:06:22,Ads,India,7,21.0,1,2.0,2025-03-02 19:06:22,0,,,,0,1,1744398382000000000
9415,2025-03-11 10:59:24,Ads,USA,3,9.0,1,2.0,2025-03-13 10:59:24,0,,,,0,1,1743073164000000000
9416,2025-03-23 20:52:55,Organic,USA,12,36.0,1,3.0,2025-03-26 20:52:55,1,11.0,2025-04-03 20:52:55,Basic,50,0,
9417,2025-03-20 18:18:00,Organic,India,4,18.0,1,3.0,2025-03-23 18:18:00,0,,,,0,0,
9418,2025-01-03 11:06:43,Ads,UK,5,15.0,0,,,0,,,,0,0,
9419,2025-01-27 02:38:33,Referral,India,7,31.5,1,2.0,2025-01-29 02:38:33,0,,,,0,1,1740883113000000000
9420,2025-03-20 13:55:29,Organic,India,5,30.0,1,2.0,2025-03-22 13:55:29,0,,,,0,1,1747317329000000000
9421,2025-01-29 09:44:04,Organic,UK,1,4.5,1,3.0,2025-02-01 09:44:04,0,,,,0,1,1740563044000000000
9422,2025-02-18 19:00:45,Ads,USA,4,18.0,1,3.0,2025-02-21 19:00:45,0,,,,0,0,
9423,2025-03-18 23:32:34,Organic,Germany,2,6.0,1,1.0,2025-03-19 23:32:34,0,,,,0,1,1746315154000000000
9424,2025-01-15 12:25:29,Ads,India,10,30.0,1,3.0,2025-01-18 12:25:29,0,,,,0,1,1738931129000000000
9425,2025-03-18 09:18:50,Ads,Canada,0,0.0,1,3.0,2025-03-21 09:18:50,0,,,,0,0,
9426,2025-02-03 05:23:01,Organic,UK,4,24.0,1,3.0,2025-02-06 05:23:01,1,8.0,2025-02-11 05:23:01,Basic,50,1,1742534581000000000
9427,2025-03-23 04:40:32,Referral,Canada,2,9.0,1,2.0,2025-03-25 04:40:32,0,,,,0,0,
9428,2025-02-10 10:44:39,Ads,Germany,8,24.0,0,,,0,,,,0,0,
9429,2025-02-28 00:47:29,Ads,India,6,18.0,0,,,0,,,,0,1,1742086049000000000
9430,2025-03-18 09:28:20,Organic,India,4,12.0,1,3.0,2025-03-21 09:28:20,0,,,,0,0,
9431,2025-01-01 21:54:00,Organic,UK,6,36.0,1,3.0,2025-01-04 21:54:00,0,,,,0,1,1738792440000000000
9432,2025-03-04 14:24:07,Referral,India,5,30.0,1,1.0,2025-03-05 14:24:07,1,5.0,2025-03-09 14:24:07,Pro,120,0,
9433,2025-01-02 20:48:17,Organic,Canada,2,6.0,1,2.0,2025-01-04 20:48:17,0,,,,0,1,1740257297000000000
9434,2025-02-04 08:54:16,Organic,India,10,45.0,1,1.0,2025-02-05 08:54:16,0,,,,0,1,1740905656000000000
9435,2025-01-23 08:29:35,Organic,Canada,7,42.0,1,3.0,2025-01-26 08:29:35,0,,,,0,1,1741163375000000000
9436,2025-02-19 02:44:20,Organic,India,7,28.0,0,,,0,,,,0,0,
9437,2025-01-27 16:23:53,Organic,India,4,24.0,1,3.0,2025-01-30 16:23:53,1,8.0,2025-02-04 16:23:53,Basic,50,0,
9438,2025-03-15 19:55:09,Organic,Germany,8,24.0,1,1.0,2025-03-16 19:55:09,1,12.0,2025-03-27 19:55:09,Pro,120,1,1743710109000000000
9439,2025-03-10 14:07:49,Referral,India,6,18.0,1,1.0,2025-03-11 14:07:49,1,9.0,2025-03-19 14:07:49,Basic,50,0,
9440,2025-03-26 08:57:48,Ads,India,8,36.0,1,3.0,2025-03-29 08:57:48,0,,,,0,1,1746953868000000000
9441,2025-02-18 20:17:22,Organic,India,4,12.0,1,2.0,2025-02-20 20:17:22,1,14.0,2025-03-04 20:17:22,Pro,120,1,1742933842000000000
9442,2025-03-15 12:03:40,Ads,Canada,4,18.0,1,2.0,2025-03-17 12:03:40,0,,,,0,1,1746446620000000000
9443,2025-03-20 00:00:02,Organic,UK,3,9.0,0,,,0,,,,0,1,1747353602000000000
9444,2025-01-25 03:43:21,Ads,Canada,4,18.0,1,2.0,2025-01-27 03:43:21,0,,,,0,0,
9445,2025-03-23 04:36:55,Organic,USA,5,10.0,0,,,0,,,,0,0,
9446,2025-02-01 00:55:22,Organic,India,2,9.0,1,1.0,2025-02-02 00:55:22,1,6.0,2025-02-07 00:55:22,Basic,50,0,
9447,2025-02-09 23:54:33,Referral,India,2,9.0,1,1.0,2025-02-10 23:54:33,0,,,,0,1,1742082873000000000
9448,2025-02-23 04:56:25,Organic,India,6,36.0,1,1.0,2025-02-24 04:56:25,0,,,,0,0,
9449,2025-03-30 00:38:22,Referral,USA,6,27.0,1,3.0,2025-04-02 00:38:22,1,11.0,2025-04-10 00:38:22,Basic,50,1,1746837502000000000
9450,2025-01-21 00:58:50,Organic,UK,7,21.0,1,1.0,2025-01-22 00:58:50,0,,,,0,1,1740272330000000000
9451,2025-03-04 00:31:39,Organic,India,9,40.5,1,3.0,2025-03-07 00:31:39,0,,,,0,0,
9452,2025-02-09 11:57:15,Ads,India,3,9.0,0,,,0,,,,0,1,1740743835000000000
9453,2025-03-20 09:28:49,Ads,India,4,12.0,1,3.0,2025-03-23 09:28:49,0,,,,0,1,1747042129000000000
9454,2025-01-02 15:25:00,Organic,India,4,18.0,1,2.0,2025-01-04 15:25:00,0,,,,0,0,
9455,2025-03-06 06:23:32,Organic,India,5,30.0,1,3.0,2025-03-09 06:23:32,0,,,,0,1,1744698212000000000
9456,2025-03-24 01:11:49,Organic,India,4,18.0,1,3.0,2025-03-27 01:11:49,0,,,,0,0,
9457,2025-03-19 11:58:03,Referral,India,7,14.0,0,,,0,,,,0,0,
9458,2025-03-21 01:01:53,Organic,Canada,3,9.0,1,3.0,2025-03-24 01:01:53,0,,,,0,1,1744333313000000000
9459,2025-02-09 01:08:14,Organic,India,4,12.0,0,,,0,,,,0,0,
9460,2025-03-15 06:08:36,Referral,Canada,6,18.0,1,2.0,2025-03-17 06:08:36,0,,,,0,1,1745302116000000000
9461,2025-03-17 03:54:46,Organic,USA,5,30.0,1,2.0,2025-03-19 03:54:46,1,8.0,2025-03-25 03:54:46,Pro,120,0,
9462,2025-02-16 00:51:37,Organic,USA,4,24.0,1,1.0,2025-02-17 00:51:37,1,9.0,2025-02-25 00:51:37,Pro,120,0,
9463,2025-03-08 17:41:45,Organic,India,3,18.0,1,2.0,2025-03-10 17:41:45,0,,,,0,1,1746553305000000000
9464,2025-03-13 21:44:55,Ads,USA,6,18.0,1,3.0,2025-03-16 21:44:55,1,12.0,2025-03-25 21:44:55,Basic,50,0,
9465,2025-01-08 17:47:55,Organic,India,3,13.5,1,1.0,2025-01-09 17:47:55,0,,,,0,0,
9466,2025-02-25 10:38:07,Organic,India,3,6.0,0,,,0,,,,0,1,1743331087000000000
9467,2025-01-03 22:17:58,Referral,Germany,10,60.0,1,2.0,2025-01-05 22:17:58,0,,,,0,0,
9468,2025-03-23 16:39:03,Organic,USA,7,21.0,1,1.0,2025-03-24 16:39:03,0,,,,0,1,1746463143000000000
9469,2025-01-05 06:28:13,Organic,India,4,16.0,0,,,0,,,,0,1,1739514493000000000
9470,2025-02-05 21:38:03,Organic,USA,10,30.0,1,3.0,2025-02-08 21:38:03,0,,,,0,1,1742593083000000000
9471,2025-03-04 11:40:56,Ads,India,6,27.0,1,1.0,2025-03-05 11:40:56,1,10.0,2025-03-14 11:40:56,Pro,120,1,1745408456000000000
9472,2025-01-09 06:41:35,Referral,UK,5,22.5,1,1.0,2025-01-10 06:41:35,1,12.0,2025-01-21 06:41:35,Pro,120,1,1738651295000000000
9473,2025-01-22 17:53:18,Organic,USA,5,22.5,1,3.0,2025-01-25 17:53:18,0,,,,0,0,
9474,2025-02-16 07:19:00,Organic,India,4,18.0,1,3.0,2025-02-19 07:19:00,0,,,,0,0,
9475,2025-01-12 11:44:12,Organic,India,4,24.0,1,2.0,2025-01-14 11:44:12,0,,,,0,1,1740051852000000000
9476,2025-01-13 04:50:12,Organic,USA,3,18.0,1,1.0,2025-01-14 04:50:12,0,,,,0,0,
9477,2025-01-28 07:12:10,Ads,USA,4,24.0,1,2.0,2025-01-30 07:12:10,0,,,,0,1,1742368330000000000
9478,2025-02-10 08:03:21,Organic,USA,5,10.0,0,,,0,,,,0,1,1741248201000000000
9479,2025-01-25 01:56:03,Organic,UK,5,15.0,1,2.0,2025-01-27 01:56:03,0,,,,0,1,1739670963000000000
9480,2025-01-23 18:56:12,Ads,UK,8,36.0,1,2.0,2025-01-25 18:56:12,0,,,,0,0,
9481,2025-01-04 06:50:16,Organic,India,6,36.0,1,1.0,2025-01-05 06:50:16,0,,,,0,1,1739256616000000000
9482,2025-01-22 07:20:20,Ads,Canada,9,40.5,1,2.0,2025-01-24 07:20:20,0,,,,0,0,
9483,2025-03-29 14:08:45,Organic,India,8,24.0,0,,,1,7.0,2025-04-05 14:08:45,Basic,50,1,1747145325000000000
9484,2025-02-24 13:54:57,Referral,USA,6,18.0,1,2.0,2025-02-26 13:54:57,1,6.0,2025-03-02 13:54:57,Pro,120,0,
9485,2025-03-02 16:32:14,Organic,Germany,8,32.0,0,,,0,,,,0,0,
9486,2025-01-31 23:21:13,Referral,USA,4,24.0,1,1.0,2025-02-01 23:21:13,1,9.0,2025-02-09 23:21:13,Basic,50,1,1743204073000000000
9487,2025-03-27 03:39:35,Organic,USA,6,27.0,1,1.0,2025-03-28 03:39:35,0,,,,0,1,1746675575000000000
9488,2025-01-31 23:42:54,Ads,India,3,9.0,1,3.0,2025-02-03 23:42:54,0,,,,0,1,1742773374000000000
9489,2025-03-30 18:25:10,Organic,Canada,4,12.0,1,1.0,2025-03-31 18:25:10,0,,,,0,0,
9490,2025-02-01 12:55:03,Ads,India,10,20.0,0,,,0,,,,0,1,1742734503000000000
9491,2025-01-02 10:57:31,Organic,UK,4,12.0,1,1.0,2025-01-03 10:57:31,0,,,,0,0,
9492,2025-01-31 16:15:27,Ads,India,3,18.0,1,1.0,2025-02-01 16:15:27,0,,,,0,1,1743264927000000000
9493,2025-02-26 06:21:22,Ads,India,3,9.0,1,3.0,2025-03-01 06:21:22,0,,,,0,1,1742797282000000000
9494,2025-01-10 04:47:58,Ads,India,5,15.0,1,2.0,2025-01-12 04:47:58,0,,,,0,1,1740026878000000000
9495,2025-01-24 18:21:02,Ads,India,5,22.5,1,3.0,2025-01-27 18:21:02,0,,,,0,1,1739902862000000000
9496,2025-01-23 10:05:35,Organic,Canada,5,22.5,1,1.0,2025-01-24 10:05:35,0,,,,0,1,1740737135000000000
9497,2025-01-28 20:56:03,Organic,Canada,2,6.0,0,,,0,,,,0,1,1742331363000000000
9498,2025-01-30 09:56:36,Ads,USA,9,27.0,0,,,0,,,,0,1,1740995796000000000
9499,2025-03-16 15:35:28,Organic,India,6,12.0,0,,,0,,,,0,1,1743521728000000000
9500,2025-01-03 14:49:39,Organic,India,6,18.0,0,,,0,,,,0,1,1741013379000000000
9501,2025-02-28 16:00:10,Organic,USA,3,12.0,0,,,0,,,,0,0,
9502,2025-01-24 23:36:11,Organic,India,5,10.0,0,,,0,,,,0,1,1742168171000000000
9503,2025-03-10 23:28:25,Ads,UK,4,8.0,0,,,1,11.0,2025-03-21 23:28:25,Pro,120,0,
9504,2025-02-12 05:27:24,Ads,India,3,9.0,1,2.0,2025-02-14 05:27:24,0,,,,0,0,
9505,2025-03-05 04:46:28,Referral,UK,5,22.5,1,3.0,2025-03-08 04:46:28,0,,,,0,0,
9506,2025-03-10 02:53:10,Organic,Canada,6,36.0,1,1.0,2025-03-11 02:53:10,1,6.0,2025-03-16 02:53:10,Basic,50,1,1744944790000000000
9507,2025-02-22 14:19:00,Referral,USA,3,9.0,1,2.0,2025-02-24 14:19:00,0,,,,0,1,1743517140000000000
9508,2025-03-29 11:54:23,Ads,Canada,3,18.0,1,3.0,2025-04-01 11:54:23,0,,,,0,1,1747223663000000000
9509,2025-01-29 16:42:20,Referral,UK,7,42.0,1,1.0,2025-01-30 16:42:20,0,,,,0,1,1739896940000000000
9510,2025-03-15 06:30:04,Referral,UK,4,24.0,1,2.0,2025-03-17 06:30:04,0,,,,0,0,
9511,2025-03-12 17:50:40,Ads,USA,6,27.0,1,2.0,2025-03-14 17:50:40,0,,,,0,0,
9512,2025-01-14 21:25:46,Organic,India,1,6.0,1,1.0,2025-01-15 21:25:46,0,,,,0,0,
9513,2025-03-19 20:39:02,Organic,Canada,5,30.0,1,2.0,2025-03-21 20:39:02,0,,,,0,0,
9514,2025-01-06 14:48:07,Organic,USA,5,15.0,0,,,0,,,,0,1,1739458087000000000
9515,2025-02-16 02:37:00,Referral,UK,7,21.0,0,,,0,,,,0,1,1742611020000000000
9516,2025-03-13 22:11:34,Referral,USA,1,2.0,0,,,0,,,,0,0,
9517,2025-02-15 22:06:50,Ads,India,6,36.0,1,1.0,2025-02-16 22:06:50,0,,,,0,1,1744322810000000000
9518,2025-01-21 08:59:59,Referral,Germany,3,9.0,1,1.0,2025-01-22 08:59:59,0,,,,0,1,1739955599000000000
9519,2025-01-04 10:11:41,Referral,India,8,24.0,1,2.0,2025-01-06 10:11:41,0,,,,0,1,1739268701000000000
9520,2025-03-15 17:17:48,Ads,Germany,7,28.0,0,,,0,,,,0,1,1745860668000000000
9521,2025-03-13 00:27:42,Ads,India,2,9.0,1,3.0,2025-03-16 00:27:42,0,,,,0,1,1743899262000000000
9522,2025-03-25 09:22:11,Organic,India,6,12.0,0,,,0,,,,0,0,
9523,2025-02-05 16:55:03,Organic,USA,6,27.0,1,1.0,2025-02-06 16:55:03,0,,,,0,0,
9524,2025-02-17 20:40:47,Organic,Germany,3,9.0,1,1.0,2025-02-18 20:40:47,0,,,,0,1,1741639247000000000
9525,2025-03-15 11:12:52,Organic,Canada,4,16.0,0,,,0,,,,0,0,
9526,2025-03-16 11:41:29,Ads,Canada,5,15.0,1,2.0,2025-03-18 11:41:29,0,,,,0,1,1746618089000000000
9527,2025-03-03 01:17:12,Organic,India,3,9.0,1,2.0,2025-03-05 01:17:12,1,12.0,2025-03-15 01:17:12,Basic,50,1,1745803032000000000
9528,2025-02-17 22:56:43,Referral,India,7,14.0,0,,,0,,,,0,1,1744930603000000000
9529,2025-01-26 12:05:31,Organic,UK,6,27.0,1,3.0,2025-01-29 12:05:31,1,8.0,2025-02-03 12:05:31,Pro,120,0,
9530,2025-03-05 07:23:05,Organic,USA,8,48.0,1,2.0,2025-03-07 07:23:05,0,,,,0,0,
9531,2025-01-13 09:03:32,Referral,UK,3,13.5,1,1.0,2025-01-14 09:03:32,0,,,,0,0,
9532,2025-02-21 02:35:43,Ads,UK,6,24.0,0,,,0,,,,0,1,1743215743000000000
9533,2025-01-24 12:37:03,Organic,USA,6,24.0,0,,,0,,,,0,0,
9534,2025-01-15 07:08:16,Ads,UK,5,10.0,0,,,0,,,,0,1,1739084896000000000
9535,2025-02-08 05:32:11,Organic,Canada,9,40.5,1,2.0,2025-02-10 05:32:11,0,,,,0,1,1740720731000000000
9536,2025-03-14 12:39:36,Referral,Germany,2,9.0,1,3.0,2025-03-17 12:39:36,0,,,,0,0,
9537,2025-03-04 07:45:15,Ads,USA,8,48.0,1,2.0,2025-03-06 07:45:15,0,,,,0,1,1745999115000000000
9538,2025-02-04 04:17:08,Organic,UK,10,30.0,1,3.0,2025-02-07 04:17:08,0,,,,0,1,1740543428000000000
9539,2025-02-25 16:35:01,Ads,USA,2,6.0,1,2.0,2025-02-27 16:35:01,0,,,,0,1,1743179701000000000
9540,2025-03-28 16:38:11,Referral,India,8,48.0,1,3.0,2025-03-31 16:38:11,0,,,,0,0,
9541,2025-03-04 08:05:09,Ads,India,7,14.0,0,,,0,,,,0,0,
9542,2025-01-05 14:26:35,Referral,India,4,18.0,1,3.0,2025-01-08 14:26:35,1,13.0,2025-01-18 14:26:35,Pro,120,1,1740666395000000000
9543,2025-03-13 14:59:03,Organic,India,5,10.0,0,,,0,,,,0,1,1745074743000000000
9544,2025-03-21 20:02:42,Referral,India,5,30.0,1,1.0,2025-03-22 20:02:42,0,,,,0,1,1743969762000000000
9545,2025-02-13 21:38:12,Ads,Canada,2,8.0,0,,,0,,,,0,0,
9546,2025-01-21 00:50:41,Ads,USA,5,22.5,1,1.0,2025-01-22 00:50:41,0,,,,0,1,1738803041000000000
9547,2025-03-10 19:49:53,Organic,India,7,14.0,0,,,0,,,,0,1,1743536993000000000
9548,2025-03-12 18:05:00,Referral,USA,1,6.0,1,2.0,2025-03-14 18:05:00,0,,,,0,0,
9549,2025-03-30 22:51:24,Ads,USA,4,18.0,1,1.0,2025-03-31 22:51:24,1,10.0,2025-04-09 22:51:24,Basic,50,0,
9550,2025-02-11 13:21:51,Referral,India,6,27.0,1,3.0,2025-02-14 13:21:51,0,,,,0,1,1744118511000000000
9551,2025-01-28 23:26:49,Organic,India,2,12.0,1,3.0,2025-01-31 23:26:49,0,,,,0,1,1743118009000000000
9552,2025-01-07 02:22:05,Organic,Canada,4,18.0,1,1.0,2025-01-08 02:22:05,0,,,,0,1,1737598925000000000
9553,2025-03-20 05:04:10,Organic,UK,7,31.5,1,1.0,2025-03-21 05:04:10,0,,,,0,0,
9554,2025-02-03 20:40:09,Organic,USA,4,12.0,1,1.0,2025-02-04 20:40:09,0,,,,0,1,1742935209000000000
9555,2025-02-15 05:33:25,Ads,USA,3,12.0,0,,,0,,,,0,1,1741844005000000000
9556,2025-01-09 18:09:07,Ads,India,3,12.0,0,,,0,,,,0,1,1739470147000000000
9557,2025-03-19 00:05:08,Ads,USA,3,9.0,1,1.0,2025-03-20 00:05:08,0,,,,0,1,1746749108000000000
9558,2025-01-08 00:32:32,Referral,USA,4,18.0,1,2.0,2025-01-10 00:32:32,0,,,,0,1,1739665952000000000
9559,2025-01-16 12:04:22,Organic,UK,4,24.0,1,2.0,2025-01-18 12:04:22,1,8.0,2025-01-24 12:04:22,Basic,50,0,
9560,2025-03-21 00:32:55,Organic,India,9,54.0,1,3.0,2025-03-24 00:32:55,1,8.0,2025-03-29 00:32:55,Basic,50,0,
9561,2025-01-26 14:08:40,Referral,Canada,9,54.0,1,1.0,2025-01-27 14:08:40,1,8.0,2025-02-03 14:08:40,Pro,120,1,1739196520000000000
9562,2025-03-23 17:52:07,Ads,India,8,48.0,1,1.0,2025-03-24 17:52:07,0,,,,0,0,
9563,2025-03-30 23:21:08,Ads,USA,6,27.0,1,2.0,2025-04-01 23:21:08,0,,,,0,1,1747610468000000000
9564,2025-03-24 23:19:27,Organic,USA,5,10.0,0,,,0,,,,0,0,
9565,2025-03-12 19:21:22,Ads,USA,6,18.0,1,1.0,2025-03-13 19:21:22,0,,,,0,1,1745695282000000000
9566,2025-03-25 09:13:45,Organic,USA,7,21.0,1,1.0,2025-03-26 09:13:45,0,,,,0,0,
9567,2025-03-01 16:56:10,Ads,India,3,13.5,1,3.0,2025-03-04 16:56:10,0,,,,0,1,1743267370000000000
9568,2025-02-25 19:50:16,Referral,USA,10,45.0,1,3.0,2025-02-28 19:50:16,0,,,,0,0,
9569,2025-03-02 07:26:06,Ads,India,9,54.0,1,2.0,2025-03-04 07:26:06,0,,,,0,1,1744010766000000000
9570,2025-01-14 03:55:17,Organic,India,2,6.0,0,,,0,,,,0,1,1738986917000000000
9571,2025-03-27 04:07:42,Ads,India,3,9.0,1,1.0,2025-03-28 04:07:42,0,,,,0,1,1746590862000000000
9572,2025-03-06 08:27:48,Organic,USA,7,21.0,1,2.0,2025-03-08 08:27:48,0,,,,0,1,1743150468000000000
9573,2025-02-04 05:32:12,Organic,India,5,22.5,1,3.0,2025-02-07 05:32:12,0,,,,0,0,
9574,2025-01-26 01:45:54,Referral,India,6,36.0,1,1.0,2025-01-27 01:45:54,0,,,,0,1,1742694354000000000
9575,2025-01-04 11:06:29,Organic,USA,9,27.0,1,3.0,2025-01-07 11:06:29,1,13.0,2025-01-17 11:06:29,Basic,50,1,1739703989000000000
9576,2025-03-17 08:00:50,Referral,Germany,6,27.0,1,2.0,2025-03-19 08:00:50,0,,,,0,1,1745481650000000000
9577,2025-01-19 01:04:09,Organic,UK,5,10.0,0,,,0,,,,0,1,1741395849000000000
9578,2025-03-29 07:02:35,Ads,Germany,2,12.0,1,1.0,2025-03-30 07:02:35,1,11.0,2025-04-09 07:02:35,Pro,120,1,1744959755000000000
9579,2025-03-13 00:40:21,Ads,USA,5,10.0,0,,,0,,,,0,1,1743381621000000000
9580,2025-01-27 02:20:51,Organic,USA,3,9.0,1,3.0,2025-01-30 02:20:51,0,,,,0,0,
9581,2025-01-28 11:34:54,Ads,UK,1,4.5,1,2.0,2025-01-30 11:34:54,0,,,,0,1,1739878494000000000
9582,2025-01-10 21:45:53,Referral,India,5,15.0,1,1.0,2025-01-11 21:45:53,0,,,,0,1,1740606353000000000
9583,2025-01-06 20:10:55,Ads,India,6,18.0,1,2.0,2025-01-08 20:10:55,0,,,,0,1,1737749455000000000
9584,2025-02-13 17:01:27,Ads,India,4,12.0,0,,,0,,,,0,0,
9585,2025-02-15 20:27:15,Referral,India,6,18.0,1,1.0,2025-02-16 20:27:15,1,11.0,2025-02-26 20:27:15,Basic,50,1,1743971235000000000
9586,2025-01-03 17:47:04,Organic,UK,6,27.0,1,2.0,2025-01-05 17:47:04,1,14.0,2025-01-17 17:47:04,Pro,120,0,
9587,2025-02-12 08:05:42,Organic,USA,5,30.0,1,1.0,2025-02-13 08:05:42,0,,,,0,1,1741766742000000000
9588,2025-01-13 08:39:39,Organic,India,4,24.0,1,1.0,2025-01-14 08:39:39,0,,,,0,0,
9589,2025-02-06 10:50:09,Ads,Germany,3,18.0,1,1.0,2025-02-07 10:50:09,0,,,,0,1,1741603809000000000
9590,2025-02-22 15:20:03,Referral,USA,3,18.0,1,3.0,2025-02-25 15:20:03,0,,,,0,1,1741533603000000000
9591,2025-02-16 14:08:02,Ads,USA,4,24.0,1,2.0,2025-02-18 14:08:02,0,,,,0,0,
9592,2025-03-26 22:45:28,Referral,Germany,2,6.0,0,,,0,,,,0,1,1745102728000000000
9593,2025-01-20 12:55:24,Ads,India,4,18.0,1,2.0,2025-01-22 12:55:24,0,,,,0,0,
9594,2025-02-14 11:36:20,Organic,UK,4,8.0,0,,,0,,,,0,1,1743420980000000000
9595,2025-02-18 05:18:09,Organic,India,2,4.0,0,,,0,,,,0,0,
9596,2025-02-01 13:27:06,Referral,UK,4,24.0,1,2.0,2025-02-03 13:27:06,1,8.0,2025-02-09 13:27:06,Basic,50,0,
9597,2025-01-21 21:44:02,Organic,Germany,8,48.0,1,1.0,2025-01-22 21:44:02,0,,,,0,0,
9598,2025-03-19 10:25:01,Ads,USA,4,12.0,1,3.0,2025-03-22 10:25:01,0,,,,0,1,1744021501000000000
9599,2025-01-02 01:54:06,Organic,India,5,20.0,0,,,0,,,,0,1,1738720446000000000
9600,2025-03-03 18:59:04,Organic,India,3,13.5,1,1.0,2025-03-04 18:59:04,1,9.0,2025-03-12 18:59:04,Basic,50,0,
9601,2025-01-03 10:01:26,Ads,India,6,18.0,0,,,0,,,,0,1,1739872886000000000
9602,2025-01-28 09:41:53,Organic,UK,4,16.0,0,,,0,,,,0,1,1740649313000000000
9603,2025-01-17 13:06:48,Referral,India,4,12.0,0,,,0,,,,0,1,1740661608000000000
9604,2025-03-04 14:25:17,Organic,India,4,8.0,0,,,0,,,,0,1,1744122317000000000
9605,2025-02-28 12:13:55,Ads,UK,7,31.5,1,2.0,2025-03-02 12:13:55,0,,,,0,1,1744805635000000000
9606,2025-02-17 00:37:48,Ads,India,6,24.0,0,,,0,,,,0,1,1743122268000000000
9607,2025-02-09 05:54:48,Ads,Canada,6,27.0,1,1.0,2025-02-10 05:54:48,0,,,,0,1,1743918888000000000
9608,2025-01-27 10:39:58,Referral,India,6,36.0,1,1.0,2025-01-28 10:39:58,0,,,,0,0,
9609,2025-03-02 08:30:36,Organic,India,3,12.0,0,,,0,,,,0,0,
9610,2025-01-18 17:38:57,Organic,India,6,27.0,1,3.0,2025-01-21 17:38:57,0,,,,0,0,
9611,2025-01-10 01:39:26,Organic,Germany,4,24.0,1,3.0,2025-01-13 01:39:26,1,9.0,2025-01-19 01:39:26,Basic,50,0,
9612,2025-02-03 16:40:59,Referral,USA,0,0.0,0,,,0,,,,0,1,1740328859000000000
9613,2025-03-29 22:11:53,Referral,India,9,18.0,0,,,0,,,,0,1,1745359913000000000
9614,2025-01-24 22:23:11,Organic,USA,2,8.0,0,,,0,,,,0,1,1740435791000000000
9615,2025-02-24 17:52:04,Ads,UK,4,24.0,1,1.0,2025-02-25 17:52:04,0,,,,0,1,1743616324000000000
9616,2025-01-10 00:25:05,Organic,India,7,42.0,1,1.0,2025-01-11 00:25:05,1,7.0,2025-01-17 00:25:05,Basic,50,0,
9617,2025-03-24 03:24:25,Organic,UK,8,24.0,1,3.0,2025-03-27 03:24:25,0,,,,0,1,1744341865000000000
9618,2025-01-11 14:43:12,Ads,India,6,27.0,1,3.0,2025-01-14 14:43:12,0,,,,0,0,
9619,2025-01-03 13:12:06,Organic,India,7,21.0,0,,,0,,,,0,1,1737205926000000000
9620,2025-03-23 04:41:03,Organic,USA,6,12.0,0,,,0,,,,0,1,1744346463000000000
9621,2025-03-05 17:05:29,Ads,India,5,30.0,1,2.0,2025-03-07 17:05:29,0,,,,0,1,1743440729000000000
9622,2025-02-22 05:45:52,Ads,Germany,3,6.0,0,,,0,,,,0,0,
9623,2025-03-18 19:52:15,Organic,India,5,22.5,1,1.0,2025-03-19 19:52:15,1,6.0,2025-03-24 19:52:15,Pro,120,0,
9624,2025-02-10 18:33:30,Ads,UK,5,30.0,1,2.0,2025-02-12 18:33:30,0,,,,0,0,
9625,2025-02-07 08:14:18,Ads,India,3,13.5,1,2.0,2025-02-09 08:14:18,1,8.0,2025-02-15 08:14:18,Pro,120,0,
9626,2025-01-17 17:52:23,Organic,Canada,6,18.0,1,3.0,2025-01-20 17:52:23,1,5.0,2025-01-22 17:52:23,Basic,50,1,1739296343000000000
9627,2025-03-05 10:19:14,Ads,India,6,18.0,1,1.0,2025-03-06 10:19:14,0,,,,0,1,1743848354000000000
9628,2025-02-21 21:46:21,Organic,Germany,6,36.0,1,3.0,2025-02-24 21:46:21,0,,,,0,1,1745012781000000000
9629,2025-03-18 02:27:53,Organic,India,6,18.0,1,3.0,2025-03-21 02:27:53,0,,,,0,0,
9630,2025-01-11 10:14:13,Organic,UK,6,18.0,1,2.0,2025-01-13 10:14:13,0,,,,0,1,1741083253000000000
9631,2025-03-09 05:20:38,Referral,USA,9,54.0,1,3.0,2025-03-12 05:20:38,0,,,,0,1,1745126438000000000
9632,2025-02-21 11:22:01,Organic,USA,3,9.0,1,3.0,2025-02-24 11:22:01,0,,,,0,1,1741864921000000000
9633,2025-01-08 13:03:44,Organic,India,4,16.0,0,,,0,,,,0,1,1740488624000000000
9634,2025-02-22 09:39:09,Organic,Canada,2,4.0,0,,,0,,,,0,1,1742981949000000000
9635,2025-02-03 15:20:05,Organic,India,5,10.0,0,,,0,,,,0,1,1743348005000000000
9636,2025-02-06 16:53:42,Ads,UK,2,6.0,1,3.0,2025-02-09 16:53:42,0,,,,0,0,
9637,2025-03-09 21:37:25,Organic,USA,5,15.0,1,2.0,2025-03-11 21:37:25,1,7.0,2025-03-16 21:37:25,Basic,50,0,
9638,2025-03-07 04:11:47,Referral,Germany,2,9.0,1,2.0,2025-03-09 04:11:47,0,,,,0,1,1744776707000000000
9639,2025-02-22 21:12:26,Ads,USA,4,16.0,0,,,1,6.0,2025-02-28 21:12:26,Basic,50,1,1741900346000000000
9640,2025-01-29 14:20:56,Ads,India,3,6.0,0,,,0,,,,0,0,
9641,2025-03-07 05:48:51,Organic,USA,1,4.0,0,,,0,,,,0,0,
9642,2025-02-06 08:09:42,Organic,India,7,42.0,1,1.0,2025-02-07 08:09:42,1,13.0,2025-02-19 08:09:42,Basic,50,1,1740557382000000000
9643,2025-01-28 12:32:22,Organic,India,5,22.5,1,2.0,2025-01-30 12:32:22,0,,,,0,0,
9644,2025-03-16 06:00:33,Ads,India,2,4.0,0,,,0,,,,0,1,1743832833000000000
9645,2025-01-20 02:23:44,Organic,Canada,2,6.0,1,1.0,2025-01-21 02:23:44,0,,,,0,0,
9646,2025-01-16 14:27:35,Ads,Canada,9,40.5,1,2.0,2025-01-18 14:27:35,0,,,,0,1,1741962455000000000
9647,2025-01-10 21:43:03,Organic,India,4,12.0,1,3.0,2025-01-13 21:43:03,0,,,,0,1,1740519783000000000
9648,2025-02-28 23:27:50,Organic,USA,7,31.5,1,3.0,2025-03-03 23:27:50,0,,,,0,0,
9649,2025-01-26 19:37:33,Organic,India,3,9.0,1,2.0,2025-01-28 19:37:33,1,14.0,2025-02-09 19:37:33,Basic,50,0,
9650,2025-03-06 04:49:34,Organic,India,5,15.0,0,,,0,,,,0,0,
9651,2025-01-07 18:29:02,Referral,India,3,13.5,1,1.0,2025-01-08 18:29:02,0,,,,0,1,1738607342000000000
9652,2025-02-22 19:44:30,Organic,UK,7,28.0,0,,,0,,,,0,1,1742931870000000000
9653,2025-01-17 10:37:34,Referral,Germany,1,4.5,1,1.0,2025-01-18 10:37:34,0,,,,0,1,1740566254000000000
9654,2025-01-26 15:52:07,Ads,India,8,16.0,0,,,0,,,,0,1,1742745127000000000
9655,2025-01-09 08:58:23,Referral,India,8,24.0,1,1.0,2025-01-10 08:58:23,1,10.0,2025-01-19 08:58:23,Basic,50,0,
9656,2025-02-10 11:57:38,Organic,India,3,6.0,0,,,0,,,,0,0,
9657,2025-02-10 15:35:06,Referral,Germany,3,9.0,0,,,0,,,,0,1,1744040106000000000
9658,2025-03-09 22:24:54,Organic,India,8,16.0,0,,,0,,,,0,0,
9659,2025-03-27 20:25:59,Ads,USA,6,27.0,1,2.0,2025-03-29 20:25:59,0,,,,0,0,
9660,2025-01-05 00:54:08,Organic,Canada,4,18.0,1,2.0,2025-01-07 00:54:08,0,,,,0,1,1738284848000000000
9661,2025-01-24 02:46:19,Organic,India,6,27.0,1,2.0,2025-01-26 02:46:19,0,,,,0,1,1741056379000000000
9662,2025-01-18 03:26:17,Ads,USA,2,6.0,1,1.0,2025-01-19 03:26:17,1,13.0,2025-01-31 03:26:17,Basic,50,1,1739157977000000000
9663,2025-01-02 22:23:11,Ads,India,1,4.5,1,1.0,2025-01-03 22:23:11,1,10.0,2025-01-12 22:23:11,Basic,50,1,1737843791000000000
9664,2025-02-19 16:00:56,Organic,Canada,7,21.0,1,2.0,2025-02-21 16:00:56,0,,,,0,1,1742659256000000000
9665,2025-02-16 05:09:02,Organic,India,5,15.0,1,2.0,2025-02-18 05:09:02,1,9.0,2025-02-25 05:09:02,Basic,50,0,
9666,2025-01-29 03:06:52,Ads,Germany,2,12.0,1,1.0,2025-01-30 03:06:52,0,,,,0,1,1739675212000000000
9667,2025-02-23 22:28:30,Organic,Germany,4,18.0,1,1.0,2025-02-24 22:28:30,0,,,,0,1,1744756110000000000
9668,2025-01-11 03:20:58,Organic,UK,5,15.0,1,1.0,2025-01-12 03:20:58,0,,,,0,1,1738207258000000000
9669,2025-03-10 10:47:43,Referral,USA,10,30.0,1,3.0,2025-03-13 10:47:43,1,6.0,2025-03-16 10:47:43,Basic,50,0,
9670,2025-01-25 19:19:27,Referral,UK,4,18.0,1,1.0,2025-01-26 19:19:27,0,,,,0,1,1741202367000000000
9671,2025-01-02 04:34:37,Referral,India,3,9.0,0,,,0,,,,0,0,
9672,2025-03-05 21:26:03,Referral,India,5,30.0,1,3.0,2025-03-08 21:26:03,1,12.0,2025-03-17 21:26:03,Basic,50,0,
9673,2025-02-12 11:08:13,Organic,India,4,8.0,0,,,0,,,,0,1,1743246493000000000
9674,2025-02-23 02:30:26,Referral,USA,8,48.0,1,1.0,2025-02-24 02:30:26,0,,,,0,1,1741919426000000000
9675,2025-03-22 14:02:24,Organic,Canada,9,40.5,1,1.0,2025-03-23 14:02:24,0,,,,0,1,1744812144000000000
9676,2025-03-01 05:53:25,Organic,Germany,4,18.0,1,1.0,2025-03-02 05:53:25,0,,,,0,1,1745733205000000000
9677,2025-01-18 21:15:29,Referral,UK,5,15.0,1,2.0,2025-01-20 21:15:29,0,,,,0,0,
9678,2025-03-23 02:27:04,Organic,UK,4,24.0,1,3.0,2025-03-26 02:27:04,0,,,,0,0,
9679,2025-02-05 13:32:33,Ads,Canada,5,30.0,1,1.0,2025-02-06 13:32:33,0,,,,0,1,1743773553000000000
9680,2025-01-05 12:47:50,Organic,Germany,4,24.0,1,1.0,2025-01-06 12:47:50,0,,,,0,0,
9681,2025-02-23 13:00:43,Organic,USA,9,54.0,1,1.0,2025-02-24 13:00:43,0,,,,0,0,
9682,2025-01-20 14:41:52,Ads,India,6,27.0,1,2.0,2025-01-22 14:41:52,1,6.0,2025-01-26 14:41:52,Basic,50,0,
9683,2025-03-30 06:42:19,Organic,USA,5,22.5,1,2.0,2025-04-01 06:42:19,1,5.0,2025-04-04 06:42:19,Basic,50,1,1746427339000000000
9684,2025-02-14 04:46:46,Organic,USA,6,12.0,0,,,0,,,,0,0,
9685,2025-02-25 15:01:40,Organic,USA,5,15.0,0,,,0,,,,0,1,1743951700000000000
9686,2025-02-27 02:23:51,Organic,Germany,3,13.5,1,1.0,2025-02-28 02:23:51,0,,,,0,0,
9687,2025-01-16 15:05:39,Organic,Germany,8,24.0,1,1.0,2025-01-17 15:05:39,0,,,,0,0,
9688,2025-02-09 13:59:58,Referral,India,5,22.5,1,1.0,2025-02-10 13:59:58,1,11.0,2025-02-20 13:59:58,Basic,50,0,
9689,2025-02-18 01:26:03,Organic,India,4,12.0,1,2.0,2025-02-20 01:26:03,0,,,,0,1,1742693163000000000
9690,2025-02-13 05:29:02,Referral,India,8,36.0,1,3.0,2025-02-16 05:29:02,0,,,,0,0,
9691,2025-01-01 11:17:13,Organic,India,4,18.0,1,2.0,2025-01-03 11:17:13,0,,,,0,0,
9692,2025-01-15 13:15:02,Organic,India,4,16.0,0,,,0,,,,0,1,1741612502000000000
9693,2025-01-13 04:11:33,Organic,Canada,5,10.0,0,,,0,,,,0,1,1739419893000000000
9694,2025-02-22 02:23:48,Organic,USA,3,18.0,1,1.0,2025-02-23 02:23:48,1,7.0,2025-03-01 02:23:48,Basic,50,0,
9695,2025-03-24 10:20:03,Organic,USA,3,18.0,1,2.0,2025-03-26 10:20:03,0,,,,0,1,1746958803000000000
9696,2025-01-22 17:42:46,Organic,India,6,36.0,1,2.0,2025-01-24 17:42:46,0,,,,0,1,1742492566000000000
9697,2025-02-26 18:40:27,Organic,USA,4,16.0,0,,,0,,,,0,1,1745347227000000000
9698,2025-02-11 12:16:15,Organic,Canada,3,18.0,1,1.0,2025-02-12 12:16:15,0,,,,0,1,1743941775000000000
9699,2025-02-14 13:33:24,Ads,UK,4,12.0,1,2.0,2025-02-16 13:33:24,1,8.0,2025-02-22 13:33:24,Basic,50,0,
9700,2025-03-06 22:26:28,Referral,India,4,16.0,0,,,0,,,,0,1,1745619988000000000
9701,2025-02-09 14:56:16,Organic,Canada,8,24.0,1,2.0,2025-02-11 14:56:16,0,,,,0,1,1740581776000000000
9702,2025-02-02 15:38:25,Ads,India,3,18.0,1,1.0,2025-02-03 15:38:25,1,10.0,2025-02-12 15:38:25,Pro,120,0,
9703,2025-03-19 16:15:32,Ads,UK,2,6.0,0,,,0,,,,0,1,1743696932000000000
9704,2025-01-22 16:03:24,Organic,India,4,12.0,0,,,0,,,,0,1,1739030604000000000
9705,2025-01-23 00:02:26,Referral,UK,3,9.0,0,,,0,,,,0,0,
9706,2025-01-11 17:15:09,Referral,India,5,15.0,0,,,0,,,,0,1,1740762909000000000
9707,2025-03-30 15:39:24,Organic,USA,7,21.0,1,3.0,2025-04-02 15:39:24,1,10.0,2025-04-09 15:39:24,Pro,120,0,
9708,2025-03-05 03:20:49,Ads,USA,4,24.0,1,1.0,2025-03-06 03:20:49,0,,,,0,0,
9709,2025-01-09 04:51:09,Ads,India,6,18.0,1,1.0,2025-01-10 04:51:09,0,,,,0,1,1740545469000000000
9710,2025-03-15 03:08:19,Organic,Germany,5,10.0,0,,,0,,,,0,0,
9711,2025-02-18 22:25:39,Organic,India,2,4.0,0,,,0,,,,0,1,1742163939000000000
9712,2025-01-27 16:58:59,Referral,Canada,7,42.0,1,3.0,2025-01-30 16:58:59,0,,,,0,1,1743008339000000000
9713,2025-02-07 08:13:39,Ads,India,8,24.0,0,,,0,,,,0,1,1743408819000000000
9714,2025-01-31 01:21:22,Organic,UK,3,9.0,0,,,0,,,,0,0,
9715,2025-02-15 21:28:12,Organic,UK,4,8.0,0,,,0,,,,0,0,
9716,2025-01-12 15:41:31,Referral,India,3,13.5,1,2.0,2025-01-14 15:41:31,1,13.0,2025-01-25 15:41:31,Pro,120,1,1738856491000000000
9717,2025-02-15 16:32:06,Organic,India,4,18.0,1,3.0,2025-02-18 16:32:06,0,,,,0,1,1741365126000000000
9718,2025-03-28 00:59:36,Ads,USA,12,48.0,0,,,0,,,,0,0,
9719,2025-01-09 10:04:27,Organic,Canada,3,9.0,1,1.0,2025-01-10 10:04:27,0,,,,0,1,1739873067000000000
9720,2025-02-23 19:41:40,Organic,Germany,7,21.0,1,1.0,2025-02-24 19:41:40,0,,,,0,1,1744486900000000000
9721,2025-02-04 17:00:51,Organic,India,4,12.0,1,1.0,2025-02-05 17:00:51,0,,,,0,0,
9722,2025-02-12 09:01:46,Organic,India,2,6.0,1,1.0,2025-02-13 09:01:46,0,,,,0,1,1742374906000000000
9723,2025-01-24 10:12:49,Organic,UK,2,9.0,1,2.0,2025-01-26 10:12:49,0,,,,0,0,
9724,2025-01-12 12:57:37,Ads,USA,5,22.5,1,1.0,2025-01-13 12:57:37,0,,,,0,1,1739192257000000000
9725,2025-03-03 03:15:16,Ads,Germany,6,27.0,1,1.0,2025-03-04 03:15:16,1,12.0,2025-03-15 03:15:16,Pro,120,0,
9726,2025-03-05 18:19:34,Organic,India,4,12.0,1,1.0,2025-03-06 18:19:34,0,,,,0,0,
9727,2025-03-24 03:28:31,Ads,USA,8,48.0,1,1.0,2025-03-25 03:28:31,0,,,,0,1,1744428511000000000
9728,2025-02-12 12:35:53,Organic,UK,5,22.5,1,3.0,2025-02-15 12:35:53,0,,,,0,1,1742042153000000000
9729,2025-02-24 23:03:04,Organic,India,3,9.0,1,2.0,2025-02-26 23:03:04,1,7.0,2025-03-03 23:03:04,Basic,50,0,
9730,2025-03-13 01:30:52,Organic,UK,3,6.0,0,,,0,,,,0,0,
9731,2025-03-26 12:43:18,Organic,India,6,18.0,1,1.0,2025-03-27 12:43:18,1,10.0,2025-04-05 12:43:18,Basic,50,0,
9732,2025-01-26 14:31:32,Referral,USA,2,6.0,0,,,0,,,,0,1,1742049092000000000
9733,2025-02-20 13:58:17,Ads,UK,6,18.0,1,1.0,2025-02-21 13:58:17,0,,,,0,1,1744898297000000000
9734,2025-03-10 03:39:53,Organic,India,7,42.0,1,1.0,2025-03-11 03:39:53,1,8.0,2025-03-18 03:39:53,Basic,50,0,
9735,2025-02-11 21:05:13,Ads,India,7,31.5,1,3.0,2025-02-14 21:05:13,0,,,,0,0,
9736,2025-02-04 03:35:01,Organic,Germany,3,13.5,1,1.0,2025-02-05 03:35:01,0,,,,0,1,1743478501000000000
9737,2025-01-17 00:33:30,Organic,Germany,6,18.0,1,3.0,2025-01-20 00:33:30,1,9.0,2025-01-26 00:33:30,Basic,50,0,
9738,2025-03-06 02:40:59,Organic,Germany,1,3.0,0,,,1,5.0,2025-03-11 02:40:59,Basic,50,1,1743993659000000000
9739,2025-01-27 16:53:19,Ads,Germany,7,14.0,0,,,0,,,,0,0,
9740,2025-03-08 23:18:10,Organic,India,4,8.0,0,,,0,,,,0,1,1744931890000000000
9741,2025-01-04 07:28:20,Referral,India,6,18.0,1,2.0,2025-01-06 07:28:20,1,10.0,2025-01-14 07:28:20,Basic,50,0,
9742,2025-02-19 06:49:43,Organic,India,7,21.0,0,,,0,,,,0,0,
9743,2025-03-21 13:31:44,Organic,Canada,6,18.0,1,2.0,2025-03-23 13:31:44,0,,,,0,0,
9744,2025-03-26 20:13:15,Referral,UK,7,42.0,1,3.0,2025-03-29 20:13:15,1,5.0,2025-03-31 20:13:15,Basic,50,1,1747599195000000000
9745,2025-01-24 17:08:00,Organic,USA,4,12.0,1,1.0,2025-01-25 17:08:00,0,,,,0,0,
9746,2025-01-29 14:00:06,Referral,Germany,2,6.0,1,1.0,2025-01-30 14:00:06,0,,,,0,1,1739800806000000000
9747,2025-02-26 22:12:29,Referral,USA,6,18.0,0,,,0,,,,0,1,1742249549000000000
9748,2025-02-05 04:15:16,Referral,India,7,21.0,1,1.0,2025-02-06 04:15:16,0,,,,0,1,1742184916000000000
9749,2025-01-13 02:25:33,Organic,India,4,12.0,0,,,0,,,,0,0,
9750,2025-01-15 21:10:44,Organic,India,7,21.0,0,,,0,,,,0,1,1740604244000000000
9751,2025-02-24 02:13:04,Ads,India,3,13.5,1,1.0,2025-02-25 02:13:04,0,,,,0,1,1743473584000000000
9752,2025-01-19 00:17:12,Ads,India,4,24.0,1,2.0,2025-01-21 00:17:12,0,,,,0,0,
9753,2025-01-10 02:46:40,Ads,UK,6,36.0,1,2.0,2025-01-12 02:46:40,0,,,,0,0,
9754,2025-02-22 02:26:12,Organic,India,6,36.0,1,1.0,2025-02-23 02:26:12,0,,,,0,1,1744079172000000000
9755,2025-03-22 13:50:48,Organic,UK,4,16.0,0,,,0,,,,0,1,1746971448000000000
9756,2025-03-06 07:50:21,Ads,USA,5,22.5,1,2.0,2025-03-08 07:50:21,0,,,,0,1,1744530621000000000
9757,2025-02-15 22:04:14,Organic,Germany,7,42.0,1,2.0,2025-02-17 22:04:14,0,,,,0,0,
9758,2025-01-18 04:40:19,Organic,UK,6,27.0,1,3.0,2025-01-21 04:40:19,1,10.0,2025-01-28 04:40:19,Basic,50,0,
9759,2025-01-22 06:42:04,Organic,Germany,4,16.0,0,,,0,,,,0,1,1741761724000000000
9760,2025-01-14 21:09:59,Organic,India,2,8.0,0,,,0,,,,0,1,1738703399000000000
9761,2025-01-31 16:36:53,Ads,India,6,24.0,0,,,0,,,,0,0,
9762,2025-01-02 09:53:46,Ads,USA,3,9.0,1,1.0,2025-01-03 09:53:46,0,,,,0,1,1737453226000000000
9763,2025-03-27 07:18:22,Organic,India,5,10.0,0,,,0,,,,0,1,1746947902000000000
9764,2025-03-01 06:49:54,Organic,USA,5,15.0,1,1.0,2025-03-02 06:49:54,0,,,,0,1,1744958994000000000
9765,2025-01-15 19:58:27,Ads,India,6,27.0,1,1.0,2025-01-16 19:58:27,1,6.0,2025-01-21 19:58:27,Basic,50,0,
9766,2025-03-11 00:24:17,Organic,USA,3,18.0,1,1.0,2025-03-12 00:24:17,1,10.0,2025-03-21 00:24:17,Basic,50,0,
9767,2025-02-07 03:55:12,Referral,Germany,13,39.0,1,2.0,2025-02-09 03:55:12,0,,,,0,0,
9768,2025-01-31 03:31:24,Ads,India,6,27.0,1,2.0,2025-02-02 03:31:24,0,,,,0,1,1740454284000000000
9769,2025-01-09 12:10:53,Referral,Germany,4,12.0,1,3.0,2025-01-12 12:10:53,1,8.0,2025-01-17 12:10:53,Basic,50,0,
9770,2025-01-07 12:09:27,Ads,India,4,18.0,1,2.0,2025-01-09 12:09:27,1,10.0,2025-01-17 12:09:27,Basic,50,1,1739880567000000000
9771,2025-02-06 02:35:12,Organic,India,4,18.0,1,2.0,2025-02-08 02:35:12,0,,,,0,1,1743820512000000000
9772,2025-01-04 14:35:41,Ads,USA,6,18.0,1,3.0,2025-01-07 14:35:41,1,13.0,2025-01-17 14:35:41,Basic,50,0,
9773,2025-03-01 14:49:00,Organic,Canada,3,13.5,1,1.0,2025-03-02 14:49:00,0,,,,0,1,1744814940000000000
9774,2025-02-18 14:05:30,Organic,UK,5,10.0,0,,,0,,,,0,1,1742738730000000000
9775,2025-01-20 04:46:40,Organic,UK,8,48.0,1,3.0,2025-01-23 04:46:40,0,,,,0,1,1740286000000000000
9776,2025-01-18 20:52:51,Organic,India,4,24.0,1,1.0,2025-01-19 20:52:51,0,,,,0,1,1742331171000000000
9777,2025-01-21 22:08:57,Organic,India,7,31.5,1,1.0,2025-01-22 22:08:57,0,,,,0,0,
9778,2025-02-13 10:05:31,Organic,India,10,20.0,0,,,0,,,,0,0,
9779,2025-01-27 16:21:29,Ads,India,4,24.0,1,3.0,2025-01-30 16:21:29,0,,,,0,1,1742314889000000000
9780,2025-02-05 02:01:41,Referral,Germany,4,18.0,1,2.0,2025-02-07 02:01:41,0,,,,0,1,1740276101000000000
9781,2025-02-02 22:07:52,Organic,Germany,4,24.0,1,1.0,2025-02-03 22:07:52,1,13.0,2025-02-15 22:07:52,Basic,50,0,
9782,2025-03-09 09:01:52,Ads,India,2,4.0,0,,,0,,,,0,1,1744102912000000000
9783,2025-01-02 16:07:34,Organic,UK,10,45.0,1,1.0,2025-01-03 16:07:34,0,,,,0,1,1739117254000000000
9784,2025-02-23 14:19:06,Referral,USA,5,22.5,1,3.0,2025-02-26 14:19:06,0,,,,0,0,
9785,2025-03-30 21:45:56,Organic,India,6,27.0,1,1.0,2025-03-31 21:45:56,1,14.0,2025-04-13 21:45:56,Pro,120,1,1746222356000000000
9786,2025-01-03 22:34:03,Referral,India,7,31.5,1,3.0,2025-01-06 22:34:03,0,,,,0,0,
9787,2025-02-25 23:45:02,Organic,USA,3,13.5,1,1.0,2025-02-26 23:45:02,1,10.0,2025-03-07 23:45:02,Pro,120,0,
9788,2025-01-30 15:07:59,Referral,UK,4,16.0,0,,,0,,,,0,1,1739718479000000000
9789,2025-02-25 17:24:07,Organic,India,7,31.5,1,1.0,2025-02-26 17:24:07,0,,,,0,0,
9790,2025-03-07 04:13:33,Organic,Germany,8,48.0,1,3.0,2025-03-10 04:13:33,0,,,,0,0,
9791,2025-02-26 23:52:54,Organic,USA,2,8.0,0,,,0,,,,0,0,
9792,2025-03-25 11:26:43,Organic,India,4,12.0,0,,,0,,,,0,0,
9793,2025-03-24 04:01:23,Referral,India,4,12.0,0,,,0,,,,0,0,
9794,2025-01-22 08:42:13,Ads,UK,2,6.0,1,2.0,2025-01-24 08:42:13,0,,,,0,1,1739436133000000000
9795,2025-03-09 03:17:09,Organic,USA,4,12.0,1,3.0,2025-03-12 03:17:09,0,,,,0,0,
9796,2025-03-29 22:35:04,Referral,UK,8,16.0,0,,,0,,,,0,1,1745361304000000000
9797,2025-02-19 19:39:48,Organic,India,5,30.0,1,1.0,2025-02-20 19:39:48,0,,,,0,1,1742067588000000000
9798,2025-01-12 17:46:31,Referral,India,7,21.0,1,1.0,2025-01-13 17:46:31,0,,,,0,1,1739123191000000000
9799,2025-03-18 19:42:12,Organic,India,6,24.0,0,,,0,,,,0,1,1743882132000000000
9800,2025-03-26 17:38:25,Referral,India,9,54.0,1,1.0,2025-03-27 17:38:25,0,,,,0,1,1746812305000000000
9801,2025-01-06 11:23:26,Organic,UK,6,36.0,1,1.0,2025-01-07 11:23:26,1,8.0,2025-01-14 11:23:26,Pro,120,0,
9802,2025-03-06 15:16:21,Ads,India,8,36.0,1,2.0,2025-03-08 15:16:21,0,,,,0,1,1742656581000000000
9803,2025-02-18 07:41:44,Organic,India,3,18.0,1,1.0,2025-02-19 07:41:44,1,11.0,2025-03-01 07:41:44,Basic,50,0,
9804,2025-03-24 17:52:28,Ads,India,4,12.0,1,2.0,2025-03-26 17:52:28,1,6.0,2025-03-30 17:52:28,Pro,120,0,
9805,2025-03-10 14:22:10,Ads,USA,6,12.0,0,,,0,,,,0,0,
9806,2025-02-03 09:23:11,Organic,UK,9,27.0,1,1.0,2025-02-04 09:23:11,0,,,,0,0,
9807,2025-01-01 20:26:08,Referral,Canada,3,9.0,1,2.0,2025-01-03 20:26:08,0,,,,0,1,1739564768000000000
9808,2025-02-07 02:04:48,Referral,Canada,3,18.0,1,3.0,2025-02-10 02:04:48,0,,,,0,1,1740967488000000000
9809,2025-03-25 23:38:20,Referral,USA,6,18.0,1,2.0,2025-03-27 23:38:20,0,,,,0,0,
9810,2025-01-14 20:37:22,Referral,India,4,24.0,1,1.0,2025-01-15 20:37:22,1,12.0,2025-01-26 20:37:22,Basic,50,1,1740170242000000000
9811,2025-01-14 21:12:09,Ads,UK,8,36.0,1,2.0,2025-01-16 21:12:09,0,,,,0,1,1738185129000000000
9812,2025-01-21 17:17:08,Referral,India,3,9.0,1,3.0,2025-01-24 17:17:08,0,,,,0,1,1740849428000000000
9813,2025-03-23 15:01:54,Referral,UK,3,12.0,0,,,0,,,,0,0,
9814,2025-01-27 21:19:36,Organic,UK,4,16.0,0,,,0,,,,0,0,
9815,2025-01-15 05:29:11,Ads,UK,6,36.0,1,1.0,2025-01-16 05:29:11,1,11.0,2025-01-26 05:29:11,Basic,50,1,1741066151000000000
9816,2025-01-12 03:10:58,Referral,India,5,15.0,1,3.0,2025-01-15 03:10:58,0,,,,0,1,1741144258000000000
9817,2025-03-15 20:59:04,Ads,Germany,5,15.0,1,1.0,2025-03-16 20:59:04,1,12.0,2025-03-27 20:59:04,Basic,50,0,
9818,2025-01-06 11:01:18,Organic,UK,4,8.0,0,,,0,,,,0,0,
9819,2025-01-17 13:09:00,Organic,UK,13,78.0,1,3.0,2025-01-20 13:09:00,0,,,,0,1,1740229740000000000
9820,2025-02-04 12:34:45,Referral,India,4,24.0,1,2.0,2025-02-06 12:34:45,1,7.0,2025-02-11 12:34:45,Pro,120,0,
9821,2025-03-11 15:23:24,Referral,India,2,9.0,1,3.0,2025-03-14 15:23:24,0,,,,0,1,1746717804000000000
9822,2025-02-18 17:04:54,Organic,India,7,42.0,1,2.0,2025-02-20 17:04:54,0,,,,0,1,1743008694000000000
9823,2025-01-06 18:13:39,Organic,India,7,42.0,1,1.0,2025-01-07 18:13:39,0,,,,0,0,
9824,2025-01-03 12:42:27,Organic,USA,2,9.0,1,2.0,2025-01-05 12:42:27,0,,,,0,1,1739277747000000000
9825,2025-01-07 09:13:15,Ads,Canada,5,15.0,1,3.0,2025-01-10 09:13:15,0,,,,0,1,1740561195000000000
9826,2025-02-21 04:15:40,Organic,India,9,36.0,0,,,0,,,,0,1,1743653740000000000
9827,2025-01-27 21:04:33,Ads,USA,2,6.0,0,,,0,,,,0,1,1740863073000000000
9828,2025-01-25 03:07:00,Referral,India,6,36.0,1,2.0,2025-01-27 03:07:00,1,11.0,2025-02-05 03:07:00,Pro,120,1,1741489620000000000
9829,2025-03-17 17:21:59,Ads,India,1,4.5,1,1.0,2025-03-18 17:21:59,1,7.0,2025-03-24 17:21:59,Basic,50,0,
9830,2025-03-27 05:42:14,Organic,Germany,2,6.0,1,3.0,2025-03-30 05:42:14,1,10.0,2025-04-06 05:42:14,Basic,50,0,
9831,2025-03-09 00:14:14,Referral,UK,6,36.0,1,1.0,2025-03-10 00:14:14,0,,,,0,0,
9832,2025-01-17 11:08:53,Ads,USA,2,6.0,0,,,0,,,,0,0,
9833,2025-02-14 10:29:06,Organic,India,10,30.0,1,2.0,2025-02-16 10:29:06,0,,,,0,0,
9834,2025-02-14 15:53:24,Organic,India,3,13.5,1,2.0,2025-02-16 15:53:24,0,,,,0,1,1742572404000000000
9835,2025-01-27 21:57:32,Ads,India,3,9.0,0,,,0,,,,0,1,1743112652000000000
9836,2025-03-16 00:29:36,Referral,India,3,18.0,1,2.0,2025-03-18 00:29:36,1,7.0,2025-03-23 00:29:36,Basic,50,1,1744763376000000000
9837,2025-03-11 05:02:14,Referral,India,1,2.0,0,,,0,,,,0,0,
9838,2025-03-02 07:52:40,Organic,UK,4,24.0,1,3.0,2025-03-05 07:52:40,0,,,,0,1,1744444360000000000
9839,2025-01-17 03:04:48,Organic,India,6,18.0,1,2.0,2025-01-19 03:04:48,0,,,,0,1,1741662288000000000
9840,2025-01-11 17:50:52,Organic,India,4,24.0,1,3.0,2025-01-14 17:50:52,1,6.0,2025-01-17 17:50:52,Basic,50,0,
9841,2025-01-07 19:04:33,Ads,UK,7,21.0,1,1.0,2025-01-08 19:04:33,0,,,,0,0,
9842,2025-01-07 22:45:38,Ads,Germany,7,21.0,0,,,0,,,,0,0,
9843,2025-02-24 21:02:10,Organic,Germany,4,12.0,1,3.0,2025-02-27 21:02:10,0,,,,0,1,1741899730000000000
9844,2025-01-01 20:37:11,Organic,Canada,3,9.0,0,,,0,,,,0,1,1738874231000000000
9845,2025-03-15 16:04:22,Referral,India,6,27.0,1,1.0,2025-03-16 16:04:22,0,,,,0,1,1745597062000000000
9846,2025-03-06 04:44:46,Referral,India,3,18.0,1,1.0,2025-03-07 04:44:46,0,,,,0,1,1743914686000000000
9847,2025-02-10 19:29:45,Organic,Canada,6,18.0,1,2.0,2025-02-12 19:29:45,0,,,,0,1,1741116585000000000
9848,2025-03-29 14:03:21,Ads,Canada,5,30.0,1,1.0,2025-03-30 14:03:21,0,,,,0,1,1747577001000000000
9849,2025-02-17 23:31:06,Ads,USA,3,9.0,1,1.0,2025-02-18 23:31:06,1,10.0,2025-02-27 23:31:06,Basic,50,1,1741217466000000000
9850,2025-01-22 09:55:31,Organic,India,5,15.0,1,1.0,2025-01-23 09:55:31,0,,,,0,1,1742550931000000000
9851,2025-02-24 06:16:40,Organic,India,3,12.0,0,,,0,,,,0,1,1743315400000000000
9852,2025-01-27 02:04:00,Organic,Canada,5,15.0,1,1.0,2025-01-28 02:04:00,0,,,,0,1,1742954640000000000
9853,2025-01-31 00:17:30,Organic,India,2,8.0,0,,,0,,,,0,1,1742861850000000000
9854,2025-03-30 02:49:18,Ads,UK,4,18.0,1,3.0,2025-04-02 02:49:18,1,9.0,2025-04-08 02:49:18,Basic,50,0,
9855,2025-02-16 13:22:09,Organic,Germany,9,40.5,1,2.0,2025-02-18 13:22:09,0,,,,0,1,1741872129000000000
9856,2025-02-06 00:52:14,Organic,UK,4,12.0,1,1.0,2025-02-07 00:52:14,0,,,,0,1,1740444734000000000
9857,2025-02-11 16:15:57,Ads,India,5,30.0,1,2.0,2025-02-13 16:15:57,0,,,,0,0,
9858,2025-03-16 16:44:19,Organic,India,5,10.0,0,,,0,,,,0,1,1745599459000000000
9859,2025-02-02 09:23:30,Ads,India,2,9.0,1,1.0,2025-02-03 09:23:30,0,,,,0,1,1742376210000000000
9860,2025-02-06 17:04:16,Organic,UK,7,14.0,0,,,0,,,,0,0,
9861,2025-01-13 12:02:12,Organic,USA,2,9.0,1,1.0,2025-01-14 12:02:12,0,,,,0,0,
9862,2025-03-05 16:09:10,Referral,India,7,31.5,1,2.0,2025-03-07 16:09:10,1,10.0,2025-03-15 16:09:10,Basic,50,0,
9863,2025-01-20 23:23:32,Organic,India,4,12.0,0,,,0,,,,0,1,1740957812000000000
9864,2025-02-08 00:42:29,Ads,India,6,36.0,1,1.0,2025-02-09 00:42:29,0,,,,0,1,1740271349000000000
9865,2025-02-25 05:09:14,Organic,Germany,4,24.0,1,1.0,2025-02-26 05:09:14,0,,,,0,1,1742274554000000000
9866,2025-01-20 05:55:18,Referral,Canada,4,12.0,0,,,0,,,,0,1,1741154118000000000
9867,2025-01-06 23:40:00,Referral,India,4,18.0,1,3.0,2025-01-09 23:40:00,1,12.0,2025-01-18 23:40:00,Pro,120,0,
9868,2025-03-29 07:05:10,Organic,Germany,2,6.0,0,,,0,,,,0,0,
9869,2025-03-09 00:41:07,Ads,UK,5,22.5,1,2.0,2025-03-11 00:41:07,0,,,,0,1,1743381667000000000
9870,2025-03-05 09:53:43,Organic,UK,4,24.0,1,1.0,2025-03-06 09:53:43,0,,,,0,0,
9871,2025-03-01 07:28:44,Referral,UK,6,36.0,1,2.0,2025-03-03 07:28:44,0,,,,0,1,1744615724000000000
9872,2025-02-20 16:06:27,Organic,UK,7,42.0,1,2.0,2025-02-22 16:06:27,0,,,,0,1,1744646787000000000
9873,2025-02-14 10:39:33,Referral,India,2,8.0,0,,,1,9.0,2025-02-23 10:39:33,Basic,50,0,
9874,2025-01-16 18:51:04,Organic,USA,5,15.0,1,3.0,2025-01-19 18:51:04,0,,,,0,0,
9875,2025-03-29 05:25:24,Ads,Canada,3,9.0,1,1.0,2025-03-30 05:25:24,0,,,,0,1,1745731524000000000
9876,2025-02-24 16:53:49,Referral,India,0,0.0,1,2.0,2025-02-26 16:53:49,0,,,,0,1,1741798429000000000
9877,2025-01-15 05:23:23,Referral,India,6,12.0,0,,,0,,,,0,0,
9878,2025-03-04 17:54:11,Organic,India,4,12.0,0,,,0,,,,0,1,1744739651000000000
9879,2025-03-25 15:48:39,Ads,India,2,6.0,1,2.0,2025-03-27 15:48:39,0,,,,0,1,1747669719000000000
9880,2025-01-23 16:30:20,Organic,India,5,30.0,1,2.0,2025-01-25 16:30:20,0,,,,0,1,1742056220000000000
9881,2025-02-04 17:24:24,Organic,USA,6,36.0,1,1.0,2025-02-05 17:24:24,0,,,,0,0,
9882,2025-01-09 22:31:31,Organic,India,4,18.0,1,3.0,2025-01-12 22:31:31,0,,,,0,0,
9883,2025-02-10 16:17:54,Organic,India,5,30.0,1,3.0,2025-02-13 16:17:54,1,13.0,2025-02-23 16:17:54,Basic,50,1,1742141874000000000
9884,2025-01-12 23:11:19,Ads,Germany,5,30.0,1,2.0,2025-01-14 23:11:19,0,,,,0,1,1738105879000000000
9885,2025-03-22 01:42:37,Organic,UK,5,30.0,1,1.0,2025-03-23 01:42:37,0,,,,0,0,
9886,2025-01-25 20:42:44,Ads,India,2,12.0,1,1.0,2025-01-26 20:42:44,0,,,,0,1,1739392964000000000
9887,2025-03-16 07:47:29,Organic,India,9,54.0,1,2.0,2025-03-18 07:47:29,0,,,,0,1,1745135249000000000
9888,2025-02-05 13:52:41,Organic,UK,5,30.0,1,3.0,2025-02-08 13:52:41,0,,,,0,0,
9889,2025-01-03 12:36:08,Ads,UK,5,10.0,0,,,0,,,,0,0,
9890,2025-01-02 17:09:38,Organic,India,3,12.0,0,,,0,,,,0,0,
9891,2025-01-01 16:08:43,Organic,Germany,5,15.0,0,,,0,,,,0,0,
9892,2025-01-26 13:36:17,Organic,UK,6,12.0,0,,,0,,,,0,1,1742736977000000000
9893,2025-01-15 02:08:29,Organic,Canada,8,48.0,1,1.0,2025-01-16 02:08:29,0,,,,0,1,1738548509000000000
9894,2025-02-03 04:32:23,Ads,India,4,8.0,0,,,0,,,,0,1,1740803543000000000
9895,2025-02-09 00:18:18,Organic,India,4,24.0,1,1.0,2025-02-10 00:18:18,0,,,,0,0,
9896,2025-01-27 21:00:18,Organic,India,3,18.0,1,2.0,2025-01-29 21:00:18,0,,,,0,0,
9897,2025-03-26 16:07:44,Referral,India,9,27.0,1,2.0,2025-03-28 16:07:44,0,,,,0,0,
9898,2025-03-01 09:48:48,Referral,India,6,18.0,1,2.0,2025-03-03 09:48:48,1,10.0,2025-03-11 09:48:48,Basic,50,0,
9899,2025-03-04 10:15:42,Organic,India,7,31.5,1,2.0,2025-03-06 10:15:42,0,,,,0,1,1745921742000000000
9900,2025-03-21 13:33:19,Ads,UK,1,2.0,0,,,0,,,,0,1,1746538399000000000
9901,2025-01-09 06:36:43,Organic,India,4,16.0,0,,,0,,,,0,1,1738219003000000000
9902,2025-03-09 19:56:56,Organic,India,12,48.0,0,,,0,,,,0,0,
9903,2025-01-27 08:06:38,Organic,Germany,4,12.0,0,,,0,,,,0,1,1742976398000000000
9904,2025-02-26 15:02:51,Ads,India,2,6.0,1,3.0,2025-03-01 15:02:51,0,,,,0,1,1743346971000000000
9905,2025-03-29 01:12:55,Organic,USA,6,12.0,0,,,0,,,,0,0,
9906,2025-02-21 23:34:20,Referral,USA,6,27.0,1,1.0,2025-02-22 23:34:20,0,,,,0,0,
9907,2025-01-10 16:13:22,Organic,Germany,2,4.0,0,,,0,,,,0,0,
9908,2025-01-16 18:13:41,Organic,Canada,8,16.0,0,,,0,,,,0,1,1742062421000000000
9909,2025-03-27 15:36:58,Ads,USA,5,15.0,1,3.0,2025-03-30 15:36:58,1,5.0,2025-04-01 15:36:58,Basic,50,0,
9910,2025-01-14 13:10:42,Organic,Germany,6,18.0,1,1.0,2025-01-15 13:10:42,1,12.0,2025-01-26 13:10:42,Basic,50,0,
9911,2025-01-05 12:28:28,Organic,USA,5,30.0,1,3.0,2025-01-08 12:28:28,1,11.0,2025-01-16 12:28:28,Basic,50,0,
9912,2025-03-10 20:21:31,Organic,UK,5,10.0,0,,,0,,,,0,1,1744575691000000000
9913,2025-01-21 11:25:07,Organic,India,8,36.0,1,3.0,2025-01-24 11:25:07,0,,,,0,1,1739100307000000000
9914,2025-01-01 10:02:40,Organic,USA,3,9.0,0,,,0,,,,0,1,1737799360000000000
9915,2025-01-01 05:19:16,Organic,USA,5,22.5,1,2.0,2025-01-03 05:19:16,0,,,,0,0,
9916,2025-03-27 20:04:00,Organic,USA,4,8.0,0,,,0,,,,0,1,1748203440000000000
9917,2025-01-30 17:59:08,Organic,UK,8,48.0,1,1.0,2025-01-31 17:59:08,0,,,,0,0,
9918,2025-01-30 15:51:28,Referral,India,4,18.0,1,2.0,2025-02-01 15:51:28,0,,,,0,1,1741449088000000000
9919,2025-03-22 14:39:05,Organic,India,6,27.0,1,2.0,2025-03-24 14:39:05,1,7.0,2025-03-29 14:39:05,Basic,50,0,
9920,2025-02-23 20:48:46,Organic,UK,7,28.0,0,,,0,,,,0,0,
9921,2025-02-18 01:14:34,Referral,India,4,18.0,1,1.0,2025-02-19 01:14:34,0,,,,0,0,
9922,2025-03-05 08:35:06,Ads,India,6,18.0,1,1.0,2025-03-06 08:35:06,1,13.0,2025-03-18 08:35:06,Pro,120,0,
9923,2025-01-22 00:03:50,Organic,UK,4,18.0,1,1.0,2025-01-23 00:03:50,0,,,,0,1,1740960230000000000
9924,2025-03-08 00:36:11,Organic,Germany,5,10.0,0,,,0,,,,0,0,
9925,2025-02-26 21:00:05,Ads,India,5,30.0,1,2.0,2025-02-28 21:00:05,0,,,,0,0,
9926,2025-01-11 04:56:49,Organic,USA,5,30.0,1,1.0,2025-01-12 04:56:49,0,,,,0,0,
9927,2025-02-22 01:48:31,Ads,India,11,33.0,0,,,0,,,,0,0,
9928,2025-01-09 12:46:37,Referral,India,3,6.0,0,,,0,,,,0,0,
9929,2025-03-15 13:48:15,Ads,India,6,36.0,1,1.0,2025-03-16 13:48:15,1,11.0,2025-03-26 13:48:15,Basic,50,0,
9930,2025-02-14 01:51:22,Organic,USA,8,36.0,1,3.0,2025-02-17 01:51:22,1,7.0,2025-02-21 01:51:22,Basic,50,0,
9931,2025-01-08 11:20:49,Ads,UK,6,27.0,1,3.0,2025-01-11 11:20:49,1,10.0,2025-01-18 11:20:49,Basic,50,1,1738149649000000000
9932,2025-01-03 11:09:46,Ads,India,9,40.5,1,3.0,2025-01-06 11:09:46,0,,,,0,1,1738926586000000000
9933,2025-02-08 16:36:54,Ads,UK,6,36.0,1,2.0,2025-02-10 16:36:54,1,9.0,2025-02-17 16:36:54,Basic,50,1,1743352614000000000
9934,2025-03-12 21:31:28,Organic,USA,7,21.0,1,3.0,2025-03-15 21:31:28,0,,,,0,0,
9935,2025-02-12 02:37:16,Ads,India,4,8.0,0,,,0,,,,0,1,1741660636000000000
9936,2025-01-01 08:16:17,Ads,USA,3,6.0,0,,,0,,,,0,1,1738311377000000000
9937,2025-02-09 09:02:35,Referral,India,8,36.0,1,1.0,2025-02-10 09:02:35,0,,,,0,0,
9938,2025-02-14 07:07:51,Referral,India,5,15.0,1,2.0,2025-02-16 07:07:51,0,,,,0,1,1744355271000000000
9939,2025-02-23 09:56:05,Organic,UK,5,30.0,1,2.0,2025-02-25 09:56:05,1,12.0,2025-03-07 09:56:05,Pro,120,1,1742118965000000000
9940,2025-01-03 07:01:50,Ads,UK,2,9.0,1,1.0,2025-01-04 07:01:50,0,,,,0,1,1738479710000000000
9941,2025-03-02 12:18:05,Organic,Canada,8,48.0,1,3.0,2025-03-05 12:18:05,0,,,,0,1,1744892285000000000
9942,2025-03-30 23:56:17,Ads,India,1,6.0,1,1.0,2025-03-31 23:56:17,0,,,,0,1,1747871777000000000
9943,2025-02-17 05:10:30,Organic,India,6,36.0,1,1.0,2025-02-18 05:10:30,0,,,,0,1,1744089030000000000
9944,2025-01-05 19:10:27,Organic,Canada,2,6.0,1,1.0,2025-01-06 19:10:27,0,,,,0,1,1741029027000000000
9945,2025-02-02 10:38:09,Ads,India,5,22.5,1,1.0,2025-02-03 10:38:09,1,6.0,2025-02-08 10:38:09,Pro,120,1,1740911889000000000
9946,2025-01-28 11:46:03,Organic,UK,2,6.0,0,,,0,,,,0,1,1740656763000000000
9947,2025-02-13 04:48:37,Referral,Canada,8,48.0,1,1.0,2025-02-14 04:48:37,1,6.0,2025-02-19 04:48:37,Basic,50,0,
9948,2025-02-08 02:11:06,Ads,UK,5,15.0,0,,,0,,,,0,0,
9949,2025-02-26 12:54:32,Organic,India,6,27.0,1,3.0,2025-03-01 12:54:32,0,,,,0,1,1744548872000000000
9950,2025-03-10 03:45:12,Organic,Germany,5,15.0,1,3.0,2025-03-13 03:45:12,1,6.0,2025-03-16 03:45:12,Basic,50,0,
9951,2025-03-10 08:26:47,Referral,UK,5,15.0,0,,,0,,,,0,0,
9952,2025-02-25 00:32:34,Organic,USA,7,42.0,1,1.0,2025-02-26 00:32:34,0,,,,0,0,
9953,2025-03-17 17:11:45,Ads,UK,9,40.5,1,3.0,2025-03-20 17:11:45,0,,,,0,0,
9954,2025-03-18 10:46:28,Ads,India,4,24.0,1,3.0,2025-03-21 10:46:28,0,,,,0,1,1746096388000000000
9955,2025-01-15 02:18:53,Referral,India,6,27.0,1,1.0,2025-01-16 02:18:53,0,,,,0,1,1740190733000000000
9956,2025-01-20 16:05:47,Ads,Canada,2,12.0,1,2.0,2025-01-22 16:05:47,1,8.0,2025-01-28 16:05:47,Basic,50,0,
9957,2025-02-03 07:19:57,Ads,India,3,12.0,0,,,0,,,,0,1,1741072797000000000
9958,2025-02-20 22:15:31,Referral,USA,5,22.5,1,2.0,2025-02-22 22:15:31,0,,,,0,1,1744841731000000000
9959,2025-03-17 03:59:34,Referral,USA,5,30.0,1,2.0,2025-03-19 03:59:34,1,10.0,2025-03-27 03:59:34,Basic,50,1,1746071974000000000
9960,2025-03-30 09:48:03,Ads,India,8,24.0,1,3.0,2025-04-02 09:48:03,1,9.0,2025-04-08 09:48:03,Pro,120,1,1747129683000000000
9961,2025-02-05 23:50:23,Organic,USA,1,2.0,0,,,0,,,,0,1,1743637823000000000
9962,2025-01-04 23:07:04,Organic,Germany,2,12.0,1,1.0,2025-01-05 23:07:04,0,,,,0,1,1740611224000000000
9963,2025-01-17 22:00:59,Ads,India,1,4.0,0,,,0,,,,0,1,1738792859000000000
9964,2025-02-04 00:41:47,Ads,UK,4,24.0,1,3.0,2025-02-07 00:41:47,0,,,,0,0,
9965,2025-01-24 17:30:41,Organic,UK,6,18.0,0,,,0,,,,0,1,1742059841000000000
9966,2025-02-04 23:10:34,Organic,USA,7,21.0,1,2.0,2025-02-06 23:10:34,0,,,,0,1,1740265834000000000
9967,2025-02-27 02:39:09,Ads,India,5,22.5,1,1.0,2025-02-28 02:39:09,0,,,,0,0,
9968,2025-01-14 09:10:45,Organic,USA,7,31.5,1,1.0,2025-01-15 09:10:45,0,,,,0,1,1738141845000000000
9969,2025-02-27 00:30:22,Organic,Germany,3,6.0,0,,,0,,,,0,0,
9970,2025-01-02 20:09:58,Organic,India,3,13.5,1,3.0,2025-01-05 20:09:58,0,,,,0,0,
9971,2025-01-20 09:34:39,Ads,USA,3,13.5,1,1.0,2025-01-21 09:34:39,0,,,,0,1,1741858479000000000
9972,2025-01-08 05:03:15,Organic,Germany,5,15.0,1,2.0,2025-01-10 05:03:15,0,,,,0,1,1738472595000000000
9973,2025-02-13 13:14:13,Organic,UK,9,54.0,1,2.0,2025-02-15 13:14:13,1,7.0,2025-02-20 13:14:13,Basic,50,0,
9974,2025-02-16 21:03:50,Organic,UK,3,13.5,1,1.0,2025-02-17 21:03:50,1,6.0,2025-02-22 21:03:50,Basic,50,0,
9975,2025-01-24 04:23:31,Organic,Germany,4,18.0,1,2.0,2025-01-26 04:23:31,0,,,,0,1,1741148611000000000
9976,2025-03-13 13:53:18,Ads,India,5,22.5,1,2.0,2025-03-15 13:53:18,0,,,,0,0,
9977,2025-03-17 15:55:03,Ads,UK,8,24.0,1,2.0,2025-03-19 15:55:03,0,,,,0,0,
9978,2025-01-15 18:28:40,Organic,USA,3,12.0,0,,,0,,,,0,0,
9979,2025-03-01 20:11:50,Organic,India,5,30.0,1,1.0,2025-03-02 20:11:50,0,,,,0,1,1743711110000000000
9980,2025-02-28 15:54:32,Referral,USA,2,9.0,1,1.0,2025-03-01 15:54:32,0,,,,0,1,1744300472000000000
9981,2025-02-21 15:25:18,Organic,India,3,13.5,1,2.0,2025-02-23 15:25:18,0,,,,0,0,
9982,2025-02-09 00:59:55,Ads,India,4,18.0,1,1.0,2025-02-10 00:59:55,1,9.0,2025-02-18 00:59:55,Pro,120,1,1740445195000000000
9983,2025-03-04 08:55:05,Organic,India,6,12.0,0,,,0,,,,0,0,
9984,2025-01-21 22:21:56,Organic,India,4,12.0,0,,,0,,,,0,1,1741731716000000000
9985,2025-01-12 01:33:31,Organic,India,7,31.5,1,1.0,2025-01-13 01:33:31,0,,,,0,0,
9986,2025-02-12 08:05:05,Ads,Canada,4,8.0,0,,,0,,,,0,0,
9987,2025-02-16 14:05:29,Organic,India,3,18.0,1,1.0,2025-02-17 14:05:29,1,6.0,2025-02-22 14:05:29,Basic,50,0,
9988,2025-02-13 12:51:49,Organic,USA,3,18.0,1,2.0,2025-02-15 12:51:49,0,,,,0,1,1744289509000000000
9989,2025-01-10 04:15:55,Organic,UK,1,3.0,0,,,0,,,,0,1,1738728955000000000
9990,2025-01-15 15:49:31,Organic,India,3,18.0,1,2.0,2025-01-17 15:49:31,0,,,,0,1,1741708171000000000
9991,2025-01-21 09:12:06,Organic,Germany,7,14.0,0,,,0,,,,0,0,
9992,2025-02-17 13:56:33,Organic,Canada,5,15.0,1,3.0,2025-02-20 13:56:33,0,,,,0,1,1743515793000000000
9993,2025-01-04 09:28:33,Organic,India,3,9.0,1,2.0,2025-01-06 09:28:33,0,,,,0,0,
9994,2025-03-09 06:40:09,Ads,Germany,5,10.0,0,,,0,,,,0,0,
9995,2025-02-20 07:52:46,Ads,UK,5,15.0,1,1.0,2025-02-21 07:52:46,0,,,,0,1,1743321166000000000
9996,2025-01-19 13:08:45,Organic,India,5,30.0,1,3.0,2025-01-22 13:08:45,1,14.0,2025-02-02 13:08:45,Basic,50,1,1741007325000000000
9997,2025-01-20 21:02:35,Organic,UK,3,18.0,1,2.0,2025-01-22 21:02:35,0,,,,0,0,
9998,2025-02-15 16:16:57,Ads,UK,6,36.0,1,1.0,2025-02-16 16:16:57,1,12.0,2025-02-27 16:16:57,Basic,50,0,
9999,2025-02-28 10:18:56,Organic,USA,3,18.0,1,3.0,2025-03-03 10:18:56,0,,,,0,0,
10000,2025-03-09 22:46:27,Organic,UK,7,31.5,1,3.0,2025-03-12 22:46:27,0,,,,0,1,1746225987000000000
